0 0000000000000000 0 0000000000000000 0 0000000000000000000000000000000000000000000000000000000000000000
0 0000000000000000 0 0000000000000000 0 0000000000000000000000000000000000000000000000000000000000000000
0 0000000000000000 0 0000000000000000 0 0000000000000000000000000000000000000000000000000000000000000000
0 0000000000000000 0 0000000000000000 0 0000000000000000000000000000000000000000000000000000000000000000
1 0000000000000000 0 0000000000000000 0 0000000000000000000000000000000000000000000000000000000000000000
1 0000000000000000 0 0000000000000000 0 0000000000000000000000000000000000000000000000000000000000000000
1 0000000000000000 0 0000000000000000 0 0000000000000000000000000000000000000000000000000000000000000000
1 0000000000000000 0 0000000000000000 0 0000000000000000000000000000000000000000000000000000000000000000
1 0000000000000000 0 0000000000000000 0 0000000000000000000000000000000000000000000000000000000000000000
1 0000000000000000 0 0000000000000000 0 0000000000000000000000000000000000000000000000000000000000000000
1 0000000000000000 0 0000000000000000 0 0000000000000000000000000000000000000000000000000000000000000000
1 0000000000000000 0 0000000000000000 0 0000000000000000000000000000000000000000000000000000000000000000
0 0000000000000000 1 0000000000000000 0 0000000000000000000000000000000000000000000000000000000000000000
0 0000000000000000 1 0000000000000000 0 0000000000000000000000000000000000000000000000000000000000000000
0 0000000000000000 1 0000000000000000 0 0000000000000000000000000000000000000000000000000000000000000000
0 0000000000000000 1 0000000000000000 0 0000000000000000000000000000000000000000000000000000000000000000
0 0000000000000000 1 0000000000000000 0 0000000000000000000000000000000000000000000000000000000000000000
0 0000000000000000 1 0000000000000000 0 0000000000000000000000000000000000000000000000000000000000000000
0 0000000000000000 1 0000000000000000 0 0000000000000000000000000000000000000000000000000000000000000000
0 0000000000000000 1 0000000000000000 0 0000000000000000000000000000000000000000000000000000000000000000
0 0000000000000000 0 0000000000000000 0 0000000000000000000000000000000000000000000000000000000000000000
0 0000000000000000 0 0000000000000000 0 0000000000000000000000000000000000000000000000000000000000000000
0 0000000000000000 0 0000000000000000 0 0000000000000000000000000000000000000000000000000000000000000000
0 0000000000000000 0 0000000000000000 0 0000000000000000000000000000000000000000000000000000000000000000
0 0000000000000000 0 0000000000000000 0 0000000000000000000000000000000000000000000000000000000000000000
0 0000000000000000 0 0000000000000000 0 0000000000000000000000000000000000000000000000000000000000000000
0 0000000000000000 0 0000000000000000 1 0000000000000000000000000000000000000000000000000000000000000000
0 0000000000000000 0 0000000000000000 1 0000000000000000000000000000000000000000000000000000000000000000
0 0000000000000000 0 0000000000000000 1 0000000000000000000000000000000000000000000000000000000000000000
0 0000000000000000 0 0000000000000000 1 0000000000000000000000000000000000000000000000000000000000000000
0 0000000000000000 0 0000000000000000 1 0000000000000000000000000000000000000000000000000000000000000000
0 0000000000000000 0 0000000000000000 1 0000000000000000000000000000000000000000000000000000000000000000
0 0000000000000000 0 0000000000000000 1 0000000000000000000000000000000000000000000000000000000000000000
0 0000000000000000 0 0000000000000000 1 0000000000000000000000000000000000000000000000000000000000000000
0 0000000000000000 0 0000000000000000 0 0000000000000000000000000000000000000000000000000000000000000000
0 0000000000000000 0 0000000000000000 0 0000000000000000000000000000000000000000000000000000000000000000
0 0000000000000000 0 0000000000000000 0 0000000000000000000000000000000000000000000000000000000000000000
0 0000000000000000 0 0000000000000000 0 0000000000000000000000000000000000000000000000000000000000000000
1 7f00000000000000 0 0000000000000000 0 0000000000000000000000000000000000000000000000000000000000000000
1 007f000000000000 0 0000000000000000 0 0000000000000000000000000000000000000000000000000000000000000000
1 00007f0000000000 0 0000000000000000 0 0000000000000000000000000000000000000000000000000000000000000000
1 0000007f00000000 0 0000000000000000 0 0000000000000000000000000000000000000000000000000000000000000000
1 000000007f000000 0 0000000000000000 0 0000000000000000000000000000000000000000000000000000000000000000
1 00000000007f0000 0 0000000000000000 0 0000000000000000000000000000000000000000000000000000000000000000
1 0000000000007f00 0 0000000000000000 0 0000000000000000000000000000000000000000000000000000000000000000
1 000000000000007f 0 0000000000000000 0 0000000000000000000000000000000000000000000000000000000000000000
0 0000000000000000 1 59aefba3565eac93 0 0000000000000000000000000000000000000000000000000000000000000000
0 0000000000000000 1 97f1994b9ff2bf9e 0 0000000000000000000000000000000000000000000000000000000000000000
0 0000000000000000 1 b4dc1dbcc95614c4 0 0000000000000000000000000000000000000000000000000000000000000000
0 0000000000000000 1 5a7ee99ea0b13ee0 0 0000000000000000000000000000000000000000000000000000000000000000
0 0000000000000000 1 fcdcff1939686e20 0 0000000000000000000000000000000000000000000000000000000000000000
0 0000000000000000 1 bca513652f7d19a9 0 0000000000000000000000000000000000000000000000000000000000000000
0 0000000000000000 1 a794577acd2fd456 0 0000000000000000000000000000000000000000000000000000000000000000
0 0000000000000000 1 0aafa3697e332e20 0 0000000000000000000000000000000000000000000000000000000000000000
0 0000000000000000 0 0000000000000000 0 0000000000000000000000000000000000000000000000000000000000000000
0 0000000000000000 0 0000000000000000 0 0000000000000000000000000000000000000000000000000000000000000000
0 0000000000000000 0 0000000000000000 0 0000000000000000000000000000000000000000000000000000000000000000
0 0000000000000000 0 0000000000000000 0 0000000000000000000000000000000000000000000000000000000000000000
0 0000000000000000 0 0000000000000000 0 0000000000000000000000000000000000000000000000000000000000000000
0 0000000000000000 0 0000000000000000 0 0000000000000000000000000000000000000000000000000000000000000000
0 0000000000000000 0 0000000000000000 1 00002c27ffffd752fffffd85ffffd1dd00002aaa00002ea2ffffd654ffffc9ed
0 0000000000000000 0 0000000000000000 1 ffffcbe9fffff88fffffcce700002535ffffcfe1fffff90effffdfc1ffffcf62
0 0000000000000000 0 0000000000000000 1 ffffda4cffffee2400000e63ffffde44ffffe4b700002aaa000009ecffffe23c
0 0000000000000000 0 0000000000000000 1 00002ca600003e82fffff497ffffcf62ffffd060ffffd8cf00001ec2fffff020
0 0000000000000000 0 0000000000000000 1 fffffe04ffffee24ffffff8100000c6700001c47000033980000369200000fe0
0 0000000000000000 0 0000000000000000 1 ffffde44ffffd2db0000096d0000321b0000175100003e0300000c67ffffd4d7
0 0000000000000000 0 0000000000000000 1 ffffd3d9ffffca6c00002b2900003c86ffffe6b300001751ffffea2c00002aaa
0 0000000000000000 0 0000000000000000 1 000004f6ffffd7d1ffffd1dd0000341700003e820000194d000016d200000fe0
0 0000000000000000 0 0000000000000000 0 0000000000000000000000000000000000000000000000000000000000000000
0 0000000000000000 0 0000000000000000 0 0000000000000000000000000000000000000000000000000000000000000000
0 0000000000000000 0 0000000000000000 0 0000000000000000000000000000000000000000000000000000000000000000
0 0000000000000000 0 0000000000000000 0 0000000000000000000000000000000000000000000000000000000000000000
1 7f7f7f7f7f7f7f7f 0 0000000000000000 0 0000000000000000000000000000000000000000000000000000000000000000
1 7f7f7f7f7f7f7f7f 0 0000000000000000 0 0000000000000000000000000000000000000000000000000000000000000000
1 7f7f7f7f7f7f7f7f 0 0000000000000000 0 0000000000000000000000000000000000000000000000000000000000000000
1 7f7f7f7f7f7f7f7f 0 0000000000000000 0 0000000000000000000000000000000000000000000000000000000000000000
1 7f7f7f7f7f7f7f7f 0 0000000000000000 0 0000000000000000000000000000000000000000000000000000000000000000
1 7f7f7f7f7f7f7f7f 0 0000000000000000 0 0000000000000000000000000000000000000000000000000000000000000000
1 7f7f7f7f7f7f7f7f 0 0000000000000000 0 0000000000000000000000000000000000000000000000000000000000000000
1 7f7f7f7f7f7f7f7f 0 0000000000000000 0 0000000000000000000000000000000000000000000000000000000000000000
0 0000000000000000 1 7f7f7f7f7f7f7f7f 0 0000000000000000000000000000000000000000000000000000000000000000
0 0000000000000000 1 7f7f7f7f7f7f7f7f 0 0000000000000000000000000000000000000000000000000000000000000000
0 0000000000000000 1 7f7f7f7f7f7f7f7f 0 0000000000000000000000000000000000000000000000000000000000000000
0 0000000000000000 1 7f7f7f7f7f7f7f7f 0 0000000000000000000000000000000000000000000000000000000000000000
0 0000000000000000 1 7f7f7f7f7f7f7f7f 0 0000000000000000000000000000000000000000000000000000000000000000
0 0000000000000000 1 7f7f7f7f7f7f7f7f 0 0000000000000000000000000000000000000000000000000000000000000000
0 0000000000000000 1 7f7f7f7f7f7f7f7f 0 0000000000000000000000000000000000000000000000000000000000000000
0 0000000000000000 1 7f7f7f7f7f7f7f7f 0 0000000000000000000000000000000000000000000000000000000000000000
0 0000000000000000 0 0000000000000000 0 0000000000000000000000000000000000000000000000000000000000000000
0 0000000000000000 1 8080808080808080 0 0000000000000000000000000000000000000000000000000000000000000000
0 0000000000000000 1 8080808080808080 0 0000000000000000000000000000000000000000000000000000000000000000
0 0000000000000000 1 8080808080808080 0 0000000000000000000000000000000000000000000000000000000000000000
0 0000000000000000 1 8080808080808080 0 0000000000000000000000000000000000000000000000000000000000000000
0 0000000000000000 1 8080808080808080 0 0000000000000000000000000000000000000000000000000000000000000000
0 0000000000000000 1 8080808080808080 1 0001f8080001f8080001f8080001f8080001f8080001f8080001f8080001f808
0 0000000000000000 1 8080808080808080 1 0001f8080001f8080001f8080001f8080001f8080001f8080001f8080001f808
0 0000000000000000 1 8080808080808080 1 0001f8080001f8080001f8080001f8080001f8080001f8080001f8080001f808
0 0000000000000000 0 0000000000000000 1 0001f8080001f8080001f8080001f8080001f8080001f8080001f8080001f808
0 0000000000000000 0 0000000000000000 1 0001f8080001f8080001f8080001f8080001f8080001f8080001f8080001f808
0 0000000000000000 0 0000000000000000 1 0001f8080001f8080001f8080001f8080001f8080001f8080001f8080001f808
0 0000000000000000 0 0000000000000000 1 0001f8080001f8080001f8080001f8080001f8080001f8080001f8080001f808
0 0000000000000000 0 0000000000000000 1 0001f8080001f8080001f8080001f8080001f8080001f8080001f8080001f808
0 0000000000000000 0 0000000000000000 0 0000000000000000000000000000000000000000000000000000000000000000
0 0000000000000000 0 0000000000000000 1 fffe0400fffe0400fffe0400fffe0400fffe0400fffe0400fffe0400fffe0400
0 0000000000000000 0 0000000000000000 1 fffe0400fffe0400fffe0400fffe0400fffe0400fffe0400fffe0400fffe0400
0 0000000000000000 0 0000000000000000 1 fffe0400fffe0400fffe0400fffe0400fffe0400fffe0400fffe0400fffe0400
0 0000000000000000 0 0000000000000000 1 fffe0400fffe0400fffe0400fffe0400fffe0400fffe0400fffe0400fffe0400
0 0000000000000000 0 0000000000000000 1 fffe0400fffe0400fffe0400fffe0400fffe0400fffe0400fffe0400fffe0400
0 0000000000000000 0 0000000000000000 1 fffe0400fffe0400fffe0400fffe0400fffe0400fffe0400fffe0400fffe0400
0 0000000000000000 0 0000000000000000 1 fffe0400fffe0400fffe0400fffe0400fffe0400fffe0400fffe0400fffe0400
0 0000000000000000 0 0000000000000000 1 fffe0400fffe0400fffe0400fffe0400fffe0400fffe0400fffe0400fffe0400
0 0000000000000000 0 0000000000000000 0 0000000000000000000000000000000000000000000000000000000000000000
0 0000000000000000 0 0000000000000000 0 0000000000000000000000000000000000000000000000000000000000000000
0 0000000000000000 0 0000000000000000 0 0000000000000000000000000000000000000000000000000000000000000000
0 0000000000000000 0 0000000000000000 0 0000000000000000000000000000000000000000000000000000000000000000
1 8080808080808080 0 0000000000000000 0 0000000000000000000000000000000000000000000000000000000000000000
1 8080808080808080 0 0000000000000000 0 0000000000000000000000000000000000000000000000000000000000000000
1 8080808080808080 0 0000000000000000 0 0000000000000000000000000000000000000000000000000000000000000000
1 8080808080808080 0 0000000000000000 0 0000000000000000000000000000000000000000000000000000000000000000
1 8080808080808080 0 0000000000000000 0 0000000000000000000000000000000000000000000000000000000000000000
1 8080808080808080 0 0000000000000000 0 0000000000000000000000000000000000000000000000000000000000000000
1 8080808080808080 0 0000000000000000 0 0000000000000000000000000000000000000000000000000000000000000000
1 8080808080808080 0 0000000000000000 0 0000000000000000000000000000000000000000000000000000000000000000
0 0000000000000000 1 8080808080808080 0 0000000000000000000000000000000000000000000000000000000000000000
0 0000000000000000 1 8080808080808080 0 0000000000000000000000000000000000000000000000000000000000000000
0 0000000000000000 1 8080808080808080 0 0000000000000000000000000000000000000000000000000000000000000000
0 0000000000000000 1 8080808080808080 0 0000000000000000000000000000000000000000000000000000000000000000
0 0000000000000000 1 8080808080808080 0 0000000000000000000000000000000000000000000000000000000000000000
0 0000000000000000 1 8080808080808080 0 0000000000000000000000000000000000000000000000000000000000000000
0 0000000000000000 1 8080808080808080 0 0000000000000000000000000000000000000000000000000000000000000000
0 0000000000000000 1 8080808080808080 0 0000000000000000000000000000000000000000000000000000000000000000
0 0000000000000000 0 0000000000000000 0 0000000000000000000000000000000000000000000000000000000000000000
0 0000000000000000 0 0000000000000000 0 0000000000000000000000000000000000000000000000000000000000000000
0 0000000000000000 0 0000000000000000 0 0000000000000000000000000000000000000000000000000000000000000000
0 0000000000000000 0 0000000000000000 0 0000000000000000000000000000000000000000000000000000000000000000
0 0000000000000000 0 0000000000000000 0 0000000000000000000000000000000000000000000000000000000000000000
0 0000000000000000 0 0000000000000000 0 0000000000000000000000000000000000000000000000000000000000000000
0 0000000000000000 0 0000000000000000 1 0002000000020000000200000002000000020000000200000002000000020000
0 0000000000000000 0 0000000000000000 1 0002000000020000000200000002000000020000000200000002000000020000
0 0000000000000000 0 0000000000000000 1 0002000000020000000200000002000000020000000200000002000000020000
0 0000000000000000 0 0000000000000000 1 0002000000020000000200000002000000020000000200000002000000020000
0 0000000000000000 0 0000000000000000 1 0002000000020000000200000002000000020000000200000002000000020000
0 0000000000000000 0 0000000000000000 1 0002000000020000000200000002000000020000000200000002000000020000
0 0000000000000000 0 0000000000000000 1 0002000000020000000200000002000000020000000200000002000000020000
0 0000000000000000 0 0000000000000000 1 0002000000020000000200000002000000020000000200000002000000020000
0 0000000000000000 0 0000000000000000 0 0000000000000000000000000000000000000000000000000000000000000000
0 0000000000000000 0 0000000000000000 0 0000000000000000000000000000000000000000000000000000000000000000
0 0000000000000000 0 0000000000000000 0 0000000000000000000000000000000000000000000000000000000000000000
0 0000000000000000 0 0000000000000000 0 0000000000000000000000000000000000000000000000000000000000000000
1 39e98bd275072fb4 0 0000000000000000 0 0000000000000000000000000000000000000000000000000000000000000000
1 c9ab1f77756e79bb 0 0000000000000000 0 0000000000000000000000000000000000000000000000000000000000000000
1 be723a3101cc40ea 0 0000000000000000 0 0000000000000000000000000000000000000000000000000000000000000000
1 a48d3ab3cd80b49a 0 0000000000000000 0 0000000000000000000000000000000000000000000000000000000000000000
1 2eb8d361eaa2e19f 0 0000000000000000 0 0000000000000000000000000000000000000000000000000000000000000000
1 4d76b5494c4b4869 0 0000000000000000 0 0000000000000000000000000000000000000000000000000000000000000000
1 9bc0233d56ca8210 0 0000000000000000 0 0000000000000000000000000000000000000000000000000000000000000000
1 06dd7886f7f6cdda 0 0000000000000000 0 0000000000000000000000000000000000000000000000000000000000000000
0 0000000000000000 1 36d53b05ae188dcb 0 0000000000000000000000000000000000000000000000000000000000000000
0 0000000000000000 1 e6f44dfae3f228f2 0 0000000000000000000000000000000000000000000000000000000000000000
0 0000000000000000 1 e304710f8e8e367c 0 0000000000000000000000000000000000000000000000000000000000000000
0 0000000000000000 1 f4b4f0a93a326430 0 0000000000000000000000000000000000000000000000000000000000000000
0 0000000000000000 1 30758077e82ce470 0 0000000000000000000000000000000000000000000000000000000000000000
0 0000000000000000 1 2a5edb74e646bdab 0 0000000000000000000000000000000000000000000000000000000000000000
0 0000000000000000 1 c1d7d1ab4d6d4aac 0 0000000000000000000000000000000000000000000000000000000000000000
0 0000000000000000 1 c3cf3372ca6ecd8e 0 0000000000000000000000000000000000000000000000000000000000000000
0 0000000000000000 1 0426fb15ec008eec 0 0000000000000000000000000000000000000000000000000000000000000000
0 0000000000000000 1 cdc2576a359fc356 0 0000000000000000000000000000000000000000000000000000000000000000
0 0000000000000000 1 72c8d8cc82dd6189 0 0000000000000000000000000000000000000000000000000000000000000000
0 0000000000000000 1 e1ff9db677269fbd 0 0000000000000000000000000000000000000000000000000000000000000000
0 0000000000000000 1 2662a08e67b2950d 0 0000000000000000000000000000000000000000000000000000000000000000
0 0000000000000000 1 65e704fe74670de6 0 0000000000000000000000000000000000000000000000000000000000000000
0 0000000000000000 1 fba5216248be55c6 1 000028de00006793ffffcf6effffd1baffffedaa00001ffc000056b200001e17
0 0000000000000000 1 c93bcfbe1beca55b 1 ffffd190000024ec0000229f000010dcfffffc65ffffec26fffff9430000108d
0 0000000000000000 1 36e4572d4e5cd2f2 1 ffff8cfdfffff9ec0000a1afffff9e42ffffe7c3ffffdab3ffffced3ffffe540
0 0000000000000000 1 89616a2d893baf23 1 0000242e00002171fffff04600001b1f000012d1fffff026ffffbbf6000039be
0 0000000000000000 1 abb5f5b9a0172944 1 fffffe61ffff791a00001e31ffffb8e0000034fc0000295200000389ffffb691
0 0000000000000000 1 0458c20adc940b07 1 fffffdd5ffffdc61ffffc92500001cd400002a660000269000005133ffffde26
0 0000000000000000 1 dd9d0ead277dcc4f 1 000034e700003a19ffffaf3200007ec1000016c60000180afffff02f00006449
0 0000000000000000 1 f1aa05ad8809a559 1 ffffefa90000577affffe82f000010bdffffcf63ffffe92f00001dd600003cd3
0 0000000000000000 1 09552d8568be07a2 1 00001b6200000c39fffff0f4fffff076ffffeb1e00002720000049bafffff00e
0 0000000000000000 1 dc9906d2b8fa96c2 1 ffffcbdfffffd82b00006e9affff9e04ffff7eb6ffff76ecffffbaceffffa1b2
0 0000000000000000 0 0000000000000000 1 fffff83000001939ffffa628ffffef92000049eb00002161ffffed4700003e85
0 0000000000000000 0 0000000000000000 1 000072f1000009bbffff9a2200004928ffffe28e00002e590000306c000015d8
0 0000000000000000 0 0000000000000000 1 00005ab1ffffbc8fffffc722000027bc000010150000510a00004eceffffc057
0 0000000000000000 0 0000000000000000 1 000049a200001110ffff924a00003c6900003d0affffea1000001606ffffec2c
0 0000000000000000 0 0000000000000000 1 ffffbce7ffffc15800000c0ffffff7cbffffc58bffff639fffff85aaffffc7b3
0 0000000000000000 0 0000000000000000 1 0000304dfffff2ad0000258efffff342ffffe4c2000042ab00002ae6fffff94e
0 0000000000000000 0 0000000000000000 1 000026f2000038dbffffcc5200001fe6000008e8ffffd5d600002eeeffffe57e
0 0000000000000000 0 0000000000000000 1 ffffc24e0000519a00006d4f000008fbffffecb2000047180000650a0000292d
0 0000000000000000 0 0000000000000000 1 000000a000004d9700003aceffffcb35ffffdf70000021deffffcfa4000070f6
0 0000000000000000 0 0000000000000000 1 ffffcf3fffff96f5000027cdffffec2900000e4b00001880fffff709ffffc96e
0 0000000000000000 0 0000000000000000 1 00006aab00008062ffffe6d2fffff44cffffe0dc0000195800000f3600005a75
0 0000000000000000 0 0000000000000000 1 00003ecf000075e500001a81ffff89a4ffffcdae0000418a00001a9c00005a89
0 0000000000000000 0 0000000000000000 1 00000a37fffffdb1ffffca750000968e00002cc4000021cd000049b8ffffdf79
0 0000000000000000 0 0000000000000000 1 000036b90000713bffffddc7ffffccdfffffaca300001a0000001f6b000053a9
0 0000000000000000 0 0000000000000000 0 0000000000000000000000000000000000000000000000000000000000000000
0 0000000000000000 0 0000000000000000 0 0000000000000000000000000000000000000000000000000000000000000000
0 0000000000000000 0 0000000000000000 0 0000000000000000000000000000000000000000000000000000000000000000
0 0000000000000000 0 0000000000000000 0 0000000000000000000000000000000000000000000000000000000000000000
1 c9ad07ae82ffe60e 0 0000000000000000 0 0000000000000000000000000000000000000000000000000000000000000000
1 73aa432b80dd36ef 0 0000000000000000 0 0000000000000000000000000000000000000000000000000000000000000000
1 1e91fd25283a0681 0 0000000000000000 0 0000000000000000000000000000000000000000000000000000000000000000
1 6409d0de6b9716fc 0 0000000000000000 0 0000000000000000000000000000000000000000000000000000000000000000
1 1043ab9cd35c02a4 0 0000000000000000 0 0000000000000000000000000000000000000000000000000000000000000000
1 87c29b314fc7e52f 0 0000000000000000 0 0000000000000000000000000000000000000000000000000000000000000000
1 f5ee1d497d5db664 0 0000000000000000 0 0000000000000000000000000000000000000000000000000000000000000000
1 fd73e18987920089 0 0000000000000000 0 0000000000000000000000000000000000000000000000000000000000000000
0 0000000000000000 1 abf71b198b49954c 0 0000000000000000000000000000000000000000000000000000000000000000
0 0000000000000000 0 0000000000000000 0 0000000000000000000000000000000000000000000000000000000000000000
0 0000000000000000 0 0000000000000000 0 0000000000000000000000000000000000000000000000000000000000000000
0 0000000000000000 1 96ca11cc7d2647cf 0 0000000000000000000000000000000000000000000000000000000000000000
0 0000000000000000 1 c4958fabf588c75b 0 0000000000000000000000000000000000000000000000000000000000000000
0 0000000000000000 0 0000000000000000 0 0000000000000000000000000000000000000000000000000000000000000000
0 0000000000000000 1 7afd89996740b538 0 0000000000000000000000000000000000000000000000000000000000000000
0 0000000000000000 1 0172a1afa3698107 0 0000000000000000000000000000000000000000000000000000000000000000
0 0000000000000000 1 437c6bf6e9f807a6 0 0000000000000000000000000000000000000000000000000000000000000000
0 0000000000000000 1 29cba7e5971375a7 0 0000000000000000000000000000000000000000000000000000000000000000
0 0000000000000000 0 0000000000000000 0 0000000000000000000000000000000000000000000000000000000000000000
0 0000000000000000 0 0000000000000000 0 0000000000000000000000000000000000000000000000000000000000000000
0 0000000000000000 1 09789f7686c41b02 0 0000000000000000000000000000000000000000000000000000000000000000
0 0000000000000000 0 0000000000000000 0 0000000000000000000000000000000000000000000000000000000000000000
0 0000000000000000 0 0000000000000000 1 fffff50a00000d1effffeb0a0000142200000feeffff7b9900001fd5ffffd87d
0 0000000000000000 0 0000000000000000 0 0000000000000000000000000000000000000000000000000000000000000000
0 0000000000000000 0 0000000000000000 0 0000000000000000000000000000000000000000000000000000000000000000
0 0000000000000000 0 0000000000000000 1 ffffdf92000027d1ffffce00000023b700006bad00007449ffffe3c0000002bc
0 0000000000000000 0 0000000000000000 1 ffffe7cb0000ac7a00001523ffffaefaffffb3e8fffff3150000029effffea91
0 0000000000000000 0 0000000000000000 0 0000000000000000000000000000000000000000000000000000000000000000
0 0000000000000000 0 0000000000000000 1 ffff990400003351ffffcc88ffff897fffff4a5dfffff2adfffff712fffff2ec
0 0000000000000000 0 0000000000000000 1 ffffd628ffffda0700001462000020d0ffff853dffff922a000027ab000028b7
0 0000000000000000 0 0000000000000000 1 0000350affff64df0000396400004372ffffdd1800002ddc000013a4fffff9df
0 0000000000000000 0 0000000000000000 1 ffffb6e1ffffd9dd00002cc100005813000068a5000024c7ffffc79b0000b2a2
0 0000000000000000 0 0000000000000000 0 0000000000000000000000000000000000000000000000000000000000000000
0 0000000000000000 0 0000000000000000 0 0000000000000000000000000000000000000000000000000000000000000000
0 0000000000000000 0 0000000000000000 1 00006a40fffff09400004da900001e86fffff0e7ffff93a600001dd60000513f
0 0000000000000000 0 0000000000000000 0 0000000000000000000000000000000000000000000000000000000000000000
0 0000000000000000 0 0000000000000000 0 0000000000000000000000000000000000000000000000000000000000000000
0 0000000000000000 0 0000000000000000 0 0000000000000000000000000000000000000000000000000000000000000000
0 0000000000000000 0 0000000000000000 0 0000000000000000000000000000000000000000000000000000000000000000
0 0000000000000000 0 0000000000000000 0 0000000000000000000000000000000000000000000000000000000000000000
0 0000000000000000 0 0000000000000000 0 0000000000000000000000000000000000000000000000000000000000000000
1 3fe1215f08ffcc12 0 0000000000000000 0 0000000000000000000000000000000000000000000000000000000000000000
1 9ab40f980c5b38a7 0 0000000000000000 0 0000000000000000000000000000000000000000000000000000000000000000
1 4749a13e011486e4 0 0000000000000000 0 0000000000000000000000000000000000000000000000000000000000000000
1 bd4b2d268029bd21 0 0000000000000000 0 0000000000000000000000000000000000000000000000000000000000000000
1 403055c81a4f667b 0 0000000000000000 0 0000000000000000000000000000000000000000000000000000000000000000
1 81d18c49787ef63a 0 0000000000000000 0 0000000000000000000000000000000000000000000000000000000000000000
1 b90fc33806c8aea6 0 0000000000000000 0 0000000000000000000000000000000000000000000000000000000000000000
1 ebeb460966a76a14 0 0000000000000000 0 0000000000000000000000000000000000000000000000000000000000000000
0 0000000000000000 1 665299a9e84c8e5b 0 0000000000000000000000000000000000000000000000000000000000000000
0 0000000000000000 1 5471d7c1997812c6 0 0000000000000000000000000000000000000000000000000000000000000000
0 0000000000000000 1 1afa4f050218102f 0 0000000000000000000000000000000000000000000000000000000000000000
0 0000000000000000 1 7eeaa6d2d5bd4977 0 0000000000000000000000000000000000000000000000000000000000000000
0 0000000000000000 1 fce2c75a662a67f0 0 0000000000000000000000000000000000000000000000000000000000000000
0 0000000000000000 1 043cfa23ae2fd9ae 0 0000000000000000000000000000000000000000000000000000000000000000
0 0000000000000000 1 0a40eb5344538ae7 0 0000000000000000000000000000000000000000000000000000000000000000
0 0000000000000000 1 afeec0380e7f9f2d 0 0000000000000000000000000000000000000000000000000000000000000000
0 0000000000000000 0 0000000000000000 0 0000000000000000000000000000000000000000000000000000000000000000
0 0000000000000000 0 0000000000000000 0 0000000000000000000000000000000000000000000000000000000000000000
0 0000000000000000 0 0000000000000000 0 0000000000000000000000000000000000000000000000000000000000000000
1 4a39572d917cf43d 0 0000000000000000 0 0000000000000000000000000000000000000000000000000000000000000000
1 59f403a9577fe38b 0 0000000000000000 0 0000000000000000000000000000000000000000000000000000000000000000
1 9c1d528efef873fc 0 0000000000000000 0 0000000000000000000000000000000000000000000000000000000000000000
1 210e6b1a8580f205 0 0000000000000000 0 0000000000000000000000000000000000000000000000000000000000000000
1 46e219a4b2b95f00 0 0000000000000000 0 0000000000000000000000000000000000000000000000000000000000000000
1 c11b93f7c08094ab 0 0000000000000000 0 0000000000000000000000000000000000000000000000000000000000000000
1 6ab7cdcff2b7ff65 0 0000000000000000 0 0000000000000000000000000000000000000000000000000000000000000000
1 6f48a5807a725990 0 0000000000000000 0 0000000000000000000000000000000000000000000000000000000000000000
0 0000000000000000 1 1fe67de9a21583e5 0 0000000000000000000000000000000000000000000000000000000000000000
0 0000000000000000 1 7db71707f16ef6e3 0 0000000000000000000000000000000000000000000000000000000000000000
0 0000000000000000 1 9b49ca9c5578f2df 0 0000000000000000000000000000000000000000000000000000000000000000
0 0000000000000000 1 49de9e9a54c88ced 1 00004376ffffcd1d00004432ffffcff1000074e700001e12000082bd00001f97
0 0000000000000000 1 dee128d4a8b92066 1 ffffef88ffffe1c9ffff98f100000fbb000017510000460dffffe02dffffb9d3
0 0000000000000000 1 d662293f411f906f 1 ffffd990000007bc000022fdffffefbb00000f0d00000a06ffffe0a50000005d
0 0000000000000000 1 bf5733a90fa881b7 1 00005332000008dd000023d000004b7cffffe6f2ffffbc2200003796ffffe037
0 0000000000000000 1 7299ac5d1e3642ea 1 00004b8cffffdb66ffffeccf0000294effffe6d40000228e0000069400003060
0 0000000000000000 0 0000000000000000 1 ffffc72e000001f0ffffe419000002f100000f5100003142ffffb531ffffd541
0 0000000000000000 0 0000000000000000 1 ffffee8300001cca000023cffffff824ffffb3810000343f00001d9b00004b2b
0 0000000000000000 0 0000000000000000 1 ffffd27800001eb1ffffb5ca00000ca3fffff5d1ffff7807000017f600004023
0 0000000000000000 0 0000000000000000 0 0000000000000000000000000000000000000000000000000000000000000000
0 0000000000000000 0 0000000000000000 0 0000000000000000000000000000000000000000000000000000000000000000
0 0000000000000000 0 0000000000000000 0 0000000000000000000000000000000000000000000000000000000000000000
0 0000000000000000 0 0000000000000000 1 ffff6dcb00003e4e0000390900001ac100000528000030e700000643ffffe464
0 0000000000000000 0 0000000000000000 1 ffffd2c900002a4c00000feb00003730ffff893fffffd736ffffce5800002325
0 0000000000000000 0 0000000000000000 1 ffffe9feffffd7e9ffff872affffd3be00002e36ffffc8b4ffffcb2dffffa688
0 0000000000000000 0 0000000000000000 1 00000ee500000d2700000c4c00003d27fffff843000065e000000aa100000d9d
0 0000000000000000 0 0000000000000000 1 000008fc00001265ffffd982ffffd746000074750000551b00003a1dfffffc28
0 0000000000000000 0 0000000000000000 1 000019ef000034f400000258ffff90f10000346500002b55000037e9ffff62c0
0 0000000000000000 0 0000000000000000 1 ffffb1d7fffff31d00003116fffff1f9000058bd00006121000026abffffd14e
0 0000000000000000 0 0000000000000000 1 000036a6000002f40000181c00005795ffff5aceffff984fffffc7f300005f1a
0 0000000000000000 0 0000000000000000 0 0000000000000000000000000000000000000000000000000000000000000000
0 0000000000000000 0 0000000000000000 0 0000000000000000000000000000000000000000000000000000000000000000
0 0000000000000000 0 0000000000000000 0 0000000000000000000000000000000000000000000000000000000000000000
0 0000000000000000 0 0000000000000000 0 0000000000000000000000000000000000000000000000000000000000000000
1 f7d8647f57b1eaab 0 0000000000000000 0 0000000000000000000000000000000000000000000000000000000000000000
1 07a4b55ad2267691 0 0000000000000000 0 0000000000000000000000000000000000000000000000000000000000000000
1 a150fed148e5a839 0 0000000000000000 0 0000000000000000000000000000000000000000000000000000000000000000
1 6b2327f8cd1b84dd 0 0000000000000000 0 0000000000000000000000000000000000000000000000000000000000000000
1 7ec37c5c00456e73 0 0000000000000000 0 0000000000000000000000000000000000000000000000000000000000000000
1 b6f78ca181180d22 0 0000000000000000 0 0000000000000000000000000000000000000000000000000000000000000000
1 06962b0b392da0e3 0 0000000000000000 0 0000000000000000000000000000000000000000000000000000000000000000
1 039fa06d9140944f 0 0000000000000000 0 0000000000000000000000000000000000000000000000000000000000000000
0 0000000000000000 1 090f1616bef86b55 0 0000000000000000000000000000000000000000000000000000000000000000
0 0000000000000000 1 fddffe60e505023e 0 0000000000000000000000000000000000000000000000000000000000000000
0 0000000000000000 1 004aa127e010cef8 0 0000000000000000000000000000000000000000000000000000000000000000
0 0000000000000000 1 7382b4926db3f6fd 0 0000000000000000000000000000000000000000000000000000000000000000
0 0000000000000000 1 99bdf716943f65f6 0 0000000000000000000000000000000000000000000000000000000000000000
0 0000000000000000 1 830565db3ea6e3e1 0 0000000000000000000000000000000000000000000000000000000000000000
0 0000000000000000 1 96c82e3c93ef33b6 0 0000000000000000000000000000000000000000000000000000000000000000
0 0000000000000000 1 3e512785e89302e8 0 0000000000000000000000000000000000000000000000000000000000000000
0 0000000000000000 0 0000000000000000 0 0000000000000000000000000000000000000000000000000000000000000000
0 0000000000000000 0 0000000000000000 0 0000000000000000000000000000000000000000000000000000000000000000
0 0000000000000000 0 0000000000000000 0 0000000000000000000000000000000000000000000000000000000000000000
0 0000000000000000 0 0000000000000000 0 0000000000000000000000000000000000000000000000000000000000000000
0 0000000000000000 0 0000000000000000 0 0000000000000000000000000000000000000000000000000000000000000000
0 0000000000000000 0 0000000000000000 0 0000000000000000000000000000000000000000000000000000000000000000
0 0000000000000000 0 0000000000000000 1 ffffe675ffffc695ffffd80e0000190dfffff91b000014f8ffff8b2cffffe7cc
0 0000000000000000 0 0000000000000000 1 00001a1c000006c4fffff0e1ffffff34ffffd44e00000f68ffff9cfb0000092d
0 0000000000000000 0 0000000000000000 1 00001ff0ffffebd9ffffd4db0000133fffffc09d0000073400003910ffffbc60
0 0000000000000000 0 0000000000000000 1 00003260ffffe289000098ce0000602f00006389ffffd9e000003b6300003583
0 0000000000000000 0 0000000000000000 1 ffffc935000019dbffffb2acffff7834ffffddb100001129ffff958b00000390
0 0000000000000000 0 0000000000000000 1 0000071300003862000014d9ffffdb9800002c080000143000002a4600004c80
0 0000000000000000 0 0000000000000000 1 ffffd9cc00005cc2ffffe701ffff6f3a00001ae6fffff15effff9ed1ffffedae
0 0000000000000000 0 0000000000000000 1 ffffd19dffffe66400001c8c00004d9c00006aeaffffd178000047b5ffffc0e7
0 0000000000000000 0 0000000000000000 0 0000000000000000000000000000000000000000000000000000000000000000
0 0000000000000000 0 0000000000000000 0 0000000000000000000000000000000000000000000000000000000000000000
0 0000000000000000 0 0000000000000000 0 0000000000000000000000000000000000000000000000000000000000000000
0 0000000000000000 0 0000000000000000 0 0000000000000000000000000000000000000000000000000000000000000000
1 4c95efdd72e44ff1 0 0000000000000000 0 0000000000000000000000000000000000000000000000000000000000000000
1 d2ac469b217796c0 0 0000000000000000 0 0000000000000000000000000000000000000000000000000000000000000000
1 1ae57b44b7a2d7d2 0 0000000000000000 0 0000000000000000000000000000000000000000000000000000000000000000
1 1132cad73dad4bc8 0 0000000000000000 0 0000000000000000000000000000000000000000000000000000000000000000
1 9a87c2d36b3a4fae 0 0000000000000000 0 0000000000000000000000000000000000000000000000000000000000000000
1 ba58d05e83e84f48 0 0000000000000000 0 0000000000000000000000000000000000000000000000000000000000000000
1 e43a895554361f9a 0 0000000000000000 0 0000000000000000000000000000000000000000000000000000000000000000
1 551d11510a4bd3ae 0 0000000000000000 0 0000000000000000000000000000000000000000000000000000000000000000
0 0000000000000000 1 95e2feccbf3744d0 0 0000000000000000000000000000000000000000000000000000000000000000
0 0000000000000000 1 1d571c6947bc2593 0 0000000000000000000000000000000000000000000000000000000000000000
0 0000000000000000 1 8bdb60643c4759ff 0 0000000000000000000000000000000000000000000000000000000000000000
0 0000000000000000 1 72db6a64f86e7a81 0 0000000000000000000000000000000000000000000000000000000000000000
0 0000000000000000 1 ae3b5c37c1a2b64c 0 0000000000000000000000000000000000000000000000000000000000000000
0 0000000000000000 1 9ba820aac2949462 0 0000000000000000000000000000000000000000000000000000000000000000
0 0000000000000000 1 7bc3e3b8a18dc541 0 0000000000000000000000000000000000000000000000000000000000000000
0 0000000000000000 1 25d10133a1f1d413 0 0000000000000000000000000000000000000000000000000000000000000000
0 0000000000000000 0 0000000000000000 0 0000000000000000000000000000000000000000000000000000000000000000
0 0000000000000000 0 0000000000000000 0 0000000000000000000000000000000000000000000000000000000000000000
0 0000000000000000 1 40270ed24edde592 0 0000000000000000000000000000000000000000000000000000000000000000
0 0000000000000000 1 01b5673898ba07d6 0 0000000000000000000000000000000000000000000000000000000000000000
0 0000000000000000 1 2938ca3c40073e49 0 0000000000000000000000000000000000000000000000000000000000000000
0 0000000000000000 1 1e011798daf562a9 0 0000000000000000000000000000000000000000000000000000000000000000
0 0000000000000000 1 555d14ccf1918020 1 ffffd57400006838ffffeb8b00004946ffff9f14fffffbc0ffffea1300003213
0 0000000000000000 1 9b8b97f47ac3983a 1 ffffd0dcffffabfdfffff049ffff94ae00006fedfffff747000017c5ffffb6db
0 0000000000000000 1 1a53f236b61b3581 1 ffffbeeb0000568cffffd167000054d6ffffd728ffffd15800002c84ffffc697
0 0000000000000000 1 fc87c4d1733be8c4 1 ffffe77f00001bb1ffffb851000035460000119dffff836400008365fffff338
0 0000000000000000 0 0000000000000000 1 00003e2f0000054300007e82ffffeb99ffffd437fffff1faffff88e0ffffd860
0 0000000000000000 0 0000000000000000 1 000051f400001dbb00006c2300002531ffffa546fffff448ffff942f00002a1b
0 0000000000000000 0 0000000000000000 1 00008915ffffd4f8000034b8fffff287000025a6fffff40affffdb6400001dc7
0 0000000000000000 0 0000000000000000 1 00004bfe000029be000015f30000082dffffe835ffffbd5f0000030c000023e7
0 0000000000000000 0 0000000000000000 0 0000000000000000000000000000000000000000000000000000000000000000
0 0000000000000000 0 0000000000000000 0 0000000000000000000000000000000000000000000000000000000000000000
0 0000000000000000 1 9f9680d4ff7c6333 1 ffffd348ffff8a8400000fc3ffffac9e0000371c000003ef0000113800000536
0 0000000000000000 1 86b59dd1f9df4f8c 1 000049d200002e300000315f00001d75ffffde1effff8939fffff1cf00000c39
0 0000000000000000 1 a01ed954e653c8e4 1 fffff6a7ffffe860ffffbd34ffffef5a000065b30000463b00002047ffffa98f
0 0000000000000000 1 a96e5f4083749819 1 ffffeeb3fffff6ecfffff734000019ec0000006500000a10fffff2bb00000e82
0 0000000000000000 1 bf93f605b5f3d967 1 0000440effff794000007e6fffff96d5000026ed000020d5ffffa547fffff9e3
0 0000000000000000 1 ef17075f089a062b 1 ffffea48fffff9b6ffffd8e2ffffe5fa00000ff100001b8500001a9d00001749
0 0000000000000000 1 27d1e7f805d687ab 1 ffffe11b00000fcdffffeea4ffffcfab00000774ffffea0c000005f50000134a
0 0000000000000000 1 83717042fa2847e2 1 ffffbc17fffff837ffffac8600000e5ffffffd92ffffeb5800006a0b00003c16
0 0000000000000000 0 0000000000000000 0 0000000000000000000000000000000000000000000000000000000000000000
0 0000000000000000 0 0000000000000000 0 0000000000000000000000000000000000000000000000000000000000000000
1 829b13e7805fd713 0 0000000000000000 0 0000000000000000000000000000000000000000000000000000000000000000
1 aeee987031b25f8f 0 0000000000000000 0 0000000000000000000000000000000000000000000000000000000000000000
1 538f1373243c9810 0 0000000000000000 0 0000000000000000000000000000000000000000000000000000000000000000
1 03338a05582c2316 0 0000000000000000 0 0000000000000000000000000000000000000000000000000000000000000000
1 e8b2c3b37413ac91 0 0000000000000000 0 0000000000000000000000000000000000000000000000000000000000000000
1 91b9e8e9feb644a1 0 0000000000000000 0 0000000000000000000000000000000000000000000000000000000000000000
1 e63aa197a295c695 0 0000000000000000 0 0000000000000000000000000000000000000000000000000000000000000000
1 8f8ec830d2b6b98d 0 0000000000000000 0 0000000000000000000000000000000000000000000000000000000000000000
0 0000000000000000 1 d105317dde7bb07b 0 0000000000000000000000000000000000000000000000000000000000000000
0 0000000000000000 1 7ba9b8d47ff6ed11 0 0000000000000000000000000000000000000000000000000000000000000000
0 0000000000000000 1 58ac4a4db03627b5 0 0000000000000000000000000000000000000000000000000000000000000000
0 0000000000000000 1 42d75b061be93e8c 0 0000000000000000000000000000000000000000000000000000000000000000
0 0000000000000000 1 66cf273291c06bf7 1 00000bf90000a4c3ffffe20100001edc0000225d00002e9300003e8c00002c39
0 0000000000000000 1 2bc0f603606dd625 1 0000133b0000534affffff30ffffb0cc00006241ffffd3a400000d1b0000349c
0 0000000000000000 1 fecfcf1a08e2f96c 1 fffff4d2000026c2ffffd1e100000e37fffffd69ffffa4a20000318a000031b6
0 0000000000000000 1 b404e027f8d23227 1 00000016ffffee97fffffb5200009a1effffd5e1ffff89e80000268600002911
0 0000000000000000 0 0000000000000000 1 000022e300000a7900004cd0fffffda2ffffe78a00000dc8ffffb58100002ee8
0 0000000000000000 0 0000000000000000 1 00001c4500001cfdffffc626000022a00000369d00001cacfffff190ffffb0d4
0 0000000000000000 0 0000000000000000 1 00003736000011ec00005a1000000034000008f1ffffefa5ffffe3100000536a
0 0000000000000000 0 0000000000000000 1 000033aa00001943ffff9c9a00004cb6000062dbffffa24e000033f1ffffccb0
0 0000000000000000 0 0000000000000000 0 0000000000000000000000000000000000000000000000000000000000000000
0 0000000000000000 1 4c86916d46e90fb6 0 0000000000000000000000000000000000000000000000000000000000000000
0 0000000000000000 1 4f03c88b6d17f15f 1 ffffc692ffffb4d0ffffc3da0000564800004139ffffe5cf00002268ffffd364
0 0000000000000000 1 bfdcf5f5575cfc82 1 ffffba53ffffbccf0000216bffff9267ffffd62500003f0fffffb683fffff433
0 0000000000000000 0 0000000000000000 1 000015b80000057f00001a97ffffea8effffc348000048a9fffff3c2000056e4
0 0000000000000000 0 0000000000000000 1 00003e92000001ba000017a2ffffdb61fffff08100004b9dffffc53900003439
0 0000000000000000 1 4cfc56b205205d68 1 000009fc000023c500000209ffffeca9ffff82d3000026a8ffffd22600004322
0 0000000000000000 1 dd518a69775800d0 1 ffffb7cdffffa31300000177ffffccdd0000114c0000101bffffe28bffffcdef
0 0000000000000000 1 ef0093b67a478527 1 ffffde65fffff33ffffff004ffffecaaffffecb1fffff425ffffdea3ffffeeba
0 0000000000000000 1 8873e869b332e6d2 1 0000189c00003cc1ffffcf84fffff4e70000130affffce5000000040ffffe811
0 0000000000000000 0 0000000000000000 0 0000000000000000000000000000000000000000000000000000000000000000
0 0000000000000000 1 be48deeb69522f3d 0 0000000000000000000000000000000000000000000000000000000000000000
0 0000000000000000 0 0000000000000000 0 0000000000000000000000000000000000000000000000000000000000000000
0 0000000000000000 0 0000000000000000 0 0000000000000000000000000000000000000000000000000000000000000000
0 0000000000000000 0 0000000000000000 0 0000000000000000000000000000000000000000000000000000000000000000
0 0000000000000000 0 0000000000000000 1 00000183000046b5fffff8d2ffff6c74000000320000550ffffff69900004314
0 0000000000000000 0 0000000000000000 1 ffff8807ffff8cbd00000b13ffffd345ffffcea1ffffe76bffffc69cffff9ac8
0 0000000000000000 0 0000000000000000 1 00002fce0000220500000dbfffffb906000053180000005600001fc2fffffbd8
0 0000000000000000 0 0000000000000000 0 0000000000000000000000000000000000000000000000000000000000000000
0 0000000000000000 0 0000000000000000 0 0000000000000000000000000000000000000000000000000000000000000000
0 0000000000000000 0 0000000000000000 1 ffffb126ffff8928fffff426000004eaffff97b2ffffd65cffff99b0ffffa272
0 0000000000000000 0 0000000000000000 1 ffffb621000029d4ffff893cffffbf330000725dffffcdfe00005f99ffff9c9b
0 0000000000000000 0 0000000000000000 1 ffffb537ffffc1fb00001a25ffffddf000003c9efffff018000020c4ffffc436
0 0000000000000000 0 0000000000000000 1 0000182900005ef5ffffb79100004a0200006143ffffc0d900008f32fffffa38
0 0000000000000000 0 0000000000000000 0 0000000000000000000000000000000000000000000000000000000000000000
0 0000000000000000 0 0000000000000000 1 ffffb10effffd88dffffa584ffffe77900003580ffff90ce000007feffff5c63
0 0000000000000000 0 0000000000000000 0 0000000000000000000000000000000000000000000000000000000000000000
0 0000000000000000 0 0000000000000000 0 0000000000000000000000000000000000000000000000000000000000000000
0 0000000000000000 0 0000000000000000 0 0000000000000000000000000000000000000000000000000000000000000000
0 0000000000000000 0 0000000000000000 0 0000000000000000000000000000000000000000000000000000000000000000
0 0000000000000000 0 0000000000000000 0 0000000000000000000000000000000000000000000000000000000000000000
1 7de518aed54eeace 0 0000000000000000 0 0000000000000000000000000000000000000000000000000000000000000000
1 3167dff7c9b30016 0 0000000000000000 0 0000000000000000000000000000000000000000000000000000000000000000
1 a4eb858730c726ab 0 0000000000000000 0 0000000000000000000000000000000000000000000000000000000000000000
1 9d451bce39ab5b78 0 0000000000000000 0 0000000000000000000000000000000000000000000000000000000000000000
1 75241afd370f8176 0 0000000000000000 0 0000000000000000000000000000000000000000000000000000000000000000
1 df5a014008f53570 0 0000000000000000 0 0000000000000000000000000000000000000000000000000000000000000000
1 c0166f5334caf370 0 0000000000000000 0 0000000000000000000000000000000000000000000000000000000000000000
1 e2a3c2d4ec6c48f0 0 0000000000000000 0 0000000000000000000000000000000000000000000000000000000000000000
0 0000000000000000 1 f75607bcbb60a8ed 0 0000000000000000000000000000000000000000000000000000000000000000
0 0000000000000000 1 7bc96f779d7c72c7 0 0000000000000000000000000000000000000000000000000000000000000000
0 0000000000000000 1 7e6f24d283d47ffe 0 0000000000000000000000000000000000000000000000000000000000000000
0 0000000000000000 1 38dca6565a3f6e17 0 0000000000000000000000000000000000000000000000000000000000000000
0 0000000000000000 1 c97877b029978a8e 0 0000000000000000000000000000000000000000000000000000000000000000
0 0000000000000000 1 2e3bb02dc054ed91 0 0000000000000000000000000000000000000000000000000000000000000000
0 0000000000000000 1 9a00582f5e11eb72 0 0000000000000000000000000000000000000000000000000000000000000000
0 0000000000000000 1 300b2a4e7c351514 0 0000000000000000000000000000000000000000000000000000000000000000
0 0000000000000000 1 9783b7194c994f4c 0 0000000000000000000000000000000000000000000000000000000000000000
0 0000000000000000 1 94ecaacb409e73e1 0 0000000000000000000000000000000000000000000000000000000000000000
0 0000000000000000 1 86b35792dcb3d96a 0 0000000000000000000000000000000000000000000000000000000000000000
0 0000000000000000 0 0000000000000000 0 0000000000000000000000000000000000000000000000000000000000000000
0 0000000000000000 0 0000000000000000 0 0000000000000000000000000000000000000000000000000000000000000000
0 0000000000000000 1 9157de1a041ec73c 0 0000000000000000000000000000000000000000000000000000000000000000
0 0000000000000000 1 57bc947e9b5c8a23 1 0000102a00002809ffffc15900000960ffffc4fefffffaca00001edfffffcbd5
0 0000000000000000 1 5373cf4687a2644f 1 ffff88920000300b00001f81ffffddbf000030aeffffba920000652c0000343b
0 0000000000000000 1 825a87cdec71aab4 1 000004a6fffffa9d0000120affffebb1ffffcd38ffffeb320000180effffba3c
0 0000000000000000 0 0000000000000000 1 0000165b00002e13000071b70000377a00002a7400000871ffffedad0000abe6
0 0000000000000000 1 8971c2beefadbe84 1 00003b6b000016e2ffff95f6ffffb762ffffea6cffffbaedffffb5ceffff8081
0 0000000000000000 0 0000000000000000 1 000016c8000060cd0000345d00002ee2ffffe04effffccf60000130e0000319e
0 0000000000000000 0 0000000000000000 1 ffffbd0efffff82fffffb603ffffd6a5000033a7fffff70600001c8d00002f30
0 0000000000000000 0 0000000000000000 1 0000168800002f8d00000831ffffdc5200002dd1fffff110ffffefda00006678
0 0000000000000000 0 0000000000000000 1 ffffd8baffffb72a000043250000358f00003b97000025d6ffffdd6900004181
0 0000000000000000 0 0000000000000000 1 00000b9bfffff7ce00005bac000067a900001efbffffec7bffffa71400003df6
0 0000000000000000 1 879f85909a026b7f 1 ffffb7c4ffff7f1cffff9a8cffffe475000002830000394900001202ffff76cb
0 0000000000000000 1 219e79d41f1f47a8 0 0000000000000000000000000000000000000000000000000000000000000000
0 0000000000000000 1 d339bbcad570603c 0 0000000000000000000000000000000000000000000000000000000000000000
0 0000000000000000 1 0f152a0b67457455 1 ffffe1cc000028ecffffd6bc00001626fffff0e6ffffe73b000025bb000026ea
0 0000000000000000 1 40fe5b1ecd872a9f 1 fffff2ee0000019200000c90ffffecdfffffda4600003af500006a4500000bf8
0 0000000000000000 1 0624801167f74046 1 ffffe7a3fffff63c00002374ffffe79fffffd0f5fffff38d0000442ffffff0ab
0 0000000000000000 1 0ccbc81395d05809 1 0000199c000066d0000008df00007603ffffd37dffffd677fffff70c000037f5
0 0000000000000000 1 1ef7e64378ab317f 0 0000000000000000000000000000000000000000000000000000000000000000
0 0000000000000000 0 0000000000000000 1 00002d4a0000351efffffc78000037b4ffffd76dffffb9a7ffffc14affffd554
0 0000000000000000 0 0000000000000000 0 0000000000000000000000000000000000000000000000000000000000000000
0 0000000000000000 0 0000000000000000 0 0000000000000000000000000000000000000000000000000000000000000000
0 0000000000000000 0 0000000000000000 0 0000000000000000000000000000000000000000000000000000000000000000
0 0000000000000000 0 0000000000000000 0 0000000000000000000000000000000000000000000000000000000000000000
0 0000000000000000 0 0000000000000000 0 0000000000000000000000000000000000000000000000000000000000000000
0 0000000000000000 0 0000000000000000 1 ffffb15cffff9f0e000035bb000088bdffffef20000051d4000021a1fffffc5f
0 0000000000000000 0 0000000000000000 1 ffffe59ffffff4a200000851fffff5cf00003954ffffe795ffffda2bfffff4bf
0 0000000000000000 0 0000000000000000 1 ffffe17f000026910000270e000068e3ffffeb6d0000002b00001ef300004eb7
0 0000000000000000 0 0000000000000000 1 fffff737000018380000141f00000b8000002c80ffffffb6fffff60f00007130
0 0000000000000000 0 0000000000000000 1 ffffebb8ffffee34000001c0ffffbb5600000ecbffffc64ffffff582ffffaf2b
0 0000000000000000 0 0000000000000000 1 00004947000014530000507000003b410000006c0000244fffffce010000778e
0 0000000000000000 0 0000000000000000 1 ffffc6b9ffffd77f00003dca00002504fffffbc9000006c90000269efffff438
0 0000000000000000 0 0000000000000000 1 00002307ffffd679000019e0ffffd95000001e1800003151ffffe57b00004108
0 0000000000000000 0 0000000000000000 0 0000000000000000000000000000000000000000000000000000000000000000
0 0000000000000000 0 0000000000000000 0 0000000000000000000000000000000000000000000000000000000000000000
0 0000000000000000 0 0000000000000000 0 0000000000000000000000000000000000000000000000000000000000000000
1 49adf72303aebd4b 0 0000000000000000 0 0000000000000000000000000000000000000000000000000000000000000000
1 a0796a3d919a8eaa 0 0000000000000000 0 0000000000000000000000000000000000000000000000000000000000000000
1 41dce62d9302c364 0 0000000000000000 0 0000000000000000000000000000000000000000000000000000000000000000
1 b15a0f05ed78e891 0 0000000000000000 0 0000000000000000000000000000000000000000000000000000000000000000
1 b08a0f308f21cfa9 0 0000000000000000 0 0000000000000000000000000000000000000000000000000000000000000000
1 6d3eb63f7c96fecc 0 0000000000000000 0 0000000000000000000000000000000000000000000000000000000000000000
1 4e373914dcafe2ec 0 0000000000000000 0 0000000000000000000000000000000000000000000000000000000000000000
1 e0e77424044bf7a0 0 0000000000000000 0 0000000000000000000000000000000000000000000000000000000000000000
0 0000000000000000 1 0393d8f1f83dd165 0 0000000000000000000000000000000000000000000000000000000000000000
0 0000000000000000 1 b39c7704988e9e34 0 0000000000000000000000000000000000000000000000000000000000000000
0 0000000000000000 1 71b56118e58222ca 0 0000000000000000000000000000000000000000000000000000000000000000
0 0000000000000000 0 0000000000000000 0 0000000000000000000000000000000000000000000000000000000000000000
0 0000000000000000 1 42763fbf47033e25 0 0000000000000000000000000000000000000000000000000000000000000000
0 0000000000000000 1 92e36f86c9fa61d6 0 0000000000000000000000000000000000000000000000000000000000000000
0 0000000000000000 1 45b164c73fa7f0d0 0 0000000000000000000000000000000000000000000000000000000000000000
0 0000000000000000 0 0000000000000000 0 0000000000000000000000000000000000000000000000000000000000000000
0 0000000000000000 1 bb74f7252d67a68b 0 0000000000000000000000000000000000000000000000000000000000000000
0 0000000000000000 1 ca67dc9df129c93b 0 0000000000000000000000000000000000000000000000000000000000000000
0 0000000000000000 0 0000000000000000 0 0000000000000000000000000000000000000000000000000000000000000000
0 0000000000000000 0 0000000000000000 0 0000000000000000000000000000000000000000000000000000000000000000
0 0000000000000000 0 0000000000000000 0 0000000000000000000000000000000000000000000000000000000000000000
0 0000000000000000 0 0000000000000000 0 0000000000000000000000000000000000000000000000000000000000000000
0 0000000000000000 0 0000000000000000 1 000025bbffffca5cffffe725fffff72800006ab50000354c00003db4fffff080
0 0000000000000000 0 0000000000000000 1 fffff820ffffd491ffffea0dffffc2befffffcc60000935a0000426800006671
1 c4745187ae7c102b 0 0000000000000000 1 fffff820ffffd491ffffea0dffffc2befffffcc60000935a0000426800006671
1 319c50a185e71de2 0 0000000000000000 1 fffff820ffffd491ffffea0dffffc2befffffcc60000935a0000426800006671
1 c6e9d90c7daca8e4 0 0000000000000000 1 fffff820ffffd491ffffea0dffffc2befffffcc60000935a0000426800006671
1 d9f5dcc6dc0def51 0 0000000000000000 1 fffff820ffffd491ffffea0dffffc2befffffcc60000935a0000426800006671
1 945e38df128062c7 0 0000000000000000 1 fffff820ffffd491ffffea0dffffc2befffffcc60000935a0000426800006671
1 2e6288c9169dd354 0 0000000000000000 1 fffff820ffffd491ffffea0dffffc2befffffcc60000935a0000426800006671
1 1447b1f9fa055d3a 0 0000000000000000 1 fffff820ffffd491ffffea0dffffc2befffffcc60000935a0000426800006671
1 e703bd1274ec9dce 0 0000000000000000 1 fffff820ffffd491ffffea0dffffc2befffffcc60000935a0000426800006671
0 0000000000000000 1 823ed3923bdfff08 1 fffff6c3ffffad38ffffe678ffffe617ffffc00600001bcfffffee8700008a26
0 0000000000000000 1 4324fd36bda46436 0 0000000000000000000000000000000000000000000000000000000000000000
0 0000000000000000 0 0000000000000000 1 00000642ffffb9cf00005d660000470bffff9195ffff9d00ffff9b15fffff508
0 0000000000000000 1 8ac48d647db7159f 1 00003f1bffffd576ffffc2ca00003418ffffec27ffffc6de00001b60000065db
0 0000000000000000 0 0000000000000000 1 ffff93630000063fffffeeadfffffb14ffffa06300001369fffff6d600007e73
0 0000000000000000 1 001fb4d5ddf2adfc 0 0000000000000000000000000000000000000000000000000000000000000000
0 0000000000000000 1 fa6d8905e3b1898f 1 000029e5ffffe2afffffad9afffff71000000015ffffb9e0ffffcbf3ffffbff3
0 0000000000000000 1 bf0b97dbb033b463 1 00003b3fffffbbf500001a7f00001811ffffff4affffc8f800002113ffffdc22
0 0000000000000000 1 c64fbebeb80f7c6e 0 0000000000000000000000000000000000000000000000000000000000000000
0 0000000000000000 1 4789d44b6ccbf4f4 0 0000000000000000000000000000000000000000000000000000000000000000
0 0000000000000000 0 0000000000000000 0 0000000000000000000000000000000000000000000000000000000000000000
0 0000000000000000 0 0000000000000000 0 0000000000000000000000000000000000000000000000000000000000000000
0 0000000000000000 0 0000000000000000 0 0000000000000000000000000000000000000000000000000000000000000000
0 0000000000000000 0 0000000000000000 0 0000000000000000000000000000000000000000000000000000000000000000
0 0000000000000000 1 58ff34cb269b4d24 1 000024acffffc04e00001c6c00003b6f00000907ffffb4b600002edaffffabef
0 0000000000000000 0 0000000000000000 1 fffffdeaffffeecb000008caffffe410ffffd9b10000637a00000bae0000154a
0 0000000000000000 1 e65d26a3dfb73a85 0 0000000000000000000000000000000000000000000000000000000000000000
0 0000000000000000 0 0000000000000000 1 ffffe441fffffea500001bd700002a2bffffd27bffffdd3c00007c8b00000359
0 0000000000000000 1 9497684b57c7f38a 0 0000000000000000000000000000000000000000000000000000000000000000
0 0000000000000000 1 86be00b3920b0891 1 000023dcffffd34a000034e10000042fffffce8300002955fffff8f3ffffe840
0 0000000000000000 1 d5311cb91394f95e 1 0000303fffff91f600009293ffffe3b2ffff598000004d4e000037cdffffe876
0 0000000000000000 1 bf61cb6eab099ebd 1 00004a13ffffcb81ffffd8350000267f00000ede00000b13ffffba40fffff190
0 0000000000000000 0 0000000000000000 1 000055bdffffde9cffffbfd60000145c000000d700000686000004b4fffffae6
0 0000000000000000 1 13acfc0c135016c3 1 ffffa04600005f49000024bffffff47f0000004900001f750000340b00000c9a
0 0000000000000000 1 741b6b3be745f168 0 0000000000000000000000000000000000000000000000000000000000000000
0 0000000000000000 0 0000000000000000 0 0000000000000000000000000000000000000000000000000000000000000000
0 0000000000000000 0 0000000000000000 0 0000000000000000000000000000000000000000000000000000000000000000
0 0000000000000000 1 d18b9d17ee110a7b 0 0000000000000000000000000000000000000000000000000000000000000000
0 0000000000000000 1 b73561469f6132a2 1 ffffc7cc000022f000003189fffff67300000da3000029b800002562ffffd941
0 0000000000000000 1 0de7c7342c55cff3 0 0000000000000000000000000000000000000000000000000000000000000000
0 0000000000000000 0 0000000000000000 1 00002ecdffffb70e0000456b00000a55ffffb9970000109b000046dcffffe3b6
0 0000000000000000 0 0000000000000000 0 0000000000000000000000000000000000000000000000000000000000000000
0 0000000000000000 1 5282b453c10973b0 1 ffffbdcafffff0a6fffff345000046fc00004955ffffab22000018dcfffff48c
0 0000000000000000 1 42b80f55cc4b7ebc 1 0000578affffc28cffffccf7000067650000185800000304fffff7cd00000e79
0 0000000000000000 1 4448341534136a67 1 fffff2c8ffffb6b4000027c400002f18000030b3fffff261fffff151ffff9de5
0 0000000000000000 1 1bde1963427f8324 1 0000416affff84f600001b51ffffe650ffff9b9a0000185cffffe60700001f14
0 0000000000000000 1 fc2529adf6415fca 0 0000000000000000000000000000000000000000000000000000000000000000
0 0000000000000000 0 0000000000000000 1 fffff89500005441ffffd284fffffac200000ab0fffff0160000110b00003830
0 0000000000000000 0 0000000000000000 1 ffffd45e00002c29ffffd824ffffb2ec00002d78fffffed6ffff9e3e00001bc8
0 0000000000000000 0 0000000000000000 0 0000000000000000000000000000000000000000000000000000000000000000
0 0000000000000000 0 0000000000000000 0 0000000000000000000000000000000000000000000000000000000000000000
0 0000000000000000 0 0000000000000000 1 000006f70000246dffffa93b00003ed300004b6400000f53ffffda8000000bc0
0 0000000000000000 0 0000000000000000 1 0000420dffffccc7ffffa754fffff336fffff930ffffce80ffffdbc800004c2e
0 0000000000000000 0 0000000000000000 1 fffff7500000357ffffff1faffffdd2cffffea5cffffe7450000034000002555
0 0000000000000000 0 0000000000000000 0 0000000000000000000000000000000000000000000000000000000000000000
0 0000000000000000 0 0000000000000000 0 0000000000000000000000000000000000000000000000000000000000000000
0 0000000000000000 0 0000000000000000 1 0000063b000064e8ffffd1edffffef0dffffc6e4000075b100003a7b000079c6
0 0000000000000000 0 0000000000000000 1 0000064d000060ccffffac87ffffd755ffffe9d900002b2a0000182600007acb
0 0000000000000000 0 0000000000000000 1 ffffda9000003616ffffe7f1ffffbc6100000f8affffe296000008610000027f
0 0000000000000000 0 0000000000000000 1 ffffcc1d0000399fffffdc3fffffccc1000028c5ffffb5dbffffb64700001cbc
0 0000000000000000 0 0000000000000000 1 000027f800001e8bffffdfe2fffff5d1fffff962ffffdab800002380000013df
0 0000000000000000 0 0000000000000000 0 0000000000000000000000000000000000000000000000000000000000000000
0 0000000000000000 0 0000000000000000 0 0000000000000000000000000000000000000000000000000000000000000000
0 0000000000000000 0 0000000000000000 0 0000000000000000000000000000000000000000000000000000000000000000
0 0000000000000000 0 0000000000000000 0 0000000000000000000000000000000000000000000000000000000000000000
0 0000000000000000 0 0000000000000000 0 0000000000000000000000000000000000000000000000000000000000000000
1 b6d0cabe52e5c908 0 0000000000000000 0 0000000000000000000000000000000000000000000000000000000000000000
1 7ed9e48f87b24b1b 0 0000000000000000 0 0000000000000000000000000000000000000000000000000000000000000000
1 821d8185529534b6 0 0000000000000000 0 0000000000000000000000000000000000000000000000000000000000000000
1 9edd53e0ea14d057 0 0000000000000000 0 0000000000000000000000000000000000000000000000000000000000000000
1 2f16b8d91fa63b22 0 0000000000000000 0 0000000000000000000000000000000000000000000000000000000000000000
1 39d7af2f614d7957 0 0000000000000000 0 0000000000000000000000000000000000000000000000000000000000000000
1 e0ce4d3f51b2f5a2 0 0000000000000000 0 0000000000000000000000000000000000000000000000000000000000000000
1 85673394376d475c 0 0000000000000000 0 0000000000000000000000000000000000000000000000000000000000000000
0 0000000000000000 1 869f5c6f7bd7a6b3 0 0000000000000000000000000000000000000000000000000000000000000000
0 0000000000000000 1 0890d60d35f9c925 0 0000000000000000000000000000000000000000000000000000000000000000
0 0000000000000000 1 9b8a4566e232a0b2 0 0000000000000000000000000000000000000000000000000000000000000000
0 0000000000000000 1 f2fffa9b61964af0 0 0000000000000000000000000000000000000000000000000000000000000000
0 0000000000000000 1 561b698321d8d196 0 0000000000000000000000000000000000000000000000000000000000000000
0 0000000000000000 1 1e53f147fca27d01 0 0000000000000000000000000000000000000000000000000000000000000000
0 0000000000000000 1 37d7d8acfc8b784c 0 0000000000000000000000000000000000000000000000000000000000000000
0 0000000000000000 1 2bba394a1483df42 0 0000000000000000000000000000000000000000000000000000000000000000
0 0000000000000000 0 0000000000000000 0 0000000000000000000000000000000000000000000000000000000000000000
0 0000000000000000 0 0000000000000000 0 0000000000000000000000000000000000000000000000000000000000000000
0 0000000000000000 0 0000000000000000 0 0000000000000000000000000000000000000000000000000000000000000000
0 0000000000000000 0 0000000000000000 0 0000000000000000000000000000000000000000000000000000000000000000
0 0000000000000000 0 0000000000000000 0 0000000000000000000000000000000000000000000000000000000000000000
0 0000000000000000 0 0000000000000000 0 0000000000000000000000000000000000000000000000000000000000000000
0 0000000000000000 0 0000000000000000 1 ffffd973000024a2ffffdaa900000043ffffed0affffcfb4fffff326000004dd
0 0000000000000000 0 0000000000000000 1 ffffd3870000285500000dc000001b6d0000233e00003fa0ffffe80800002b26
0 0000000000000000 0 0000000000000000 1 ffffd13600000791ffffed4100003741000004f000002f5cffffed3b00001358
1 4e36104cc013f3ad 0 0000000000000000 1 ffffd13600000791ffffed4100003741000004f000002f5cffffed3b00001358
1 1fa1e21839a2b7e0 0 0000000000000000 1 ffffd13600000791ffffed4100003741000004f000002f5cffffed3b00001358
1 24f6daac47871fca 0 0000000000000000 1 ffffd13600000791ffffed4100003741000004f000002f5cffffed3b00001358
1 8e450aaebec0ec4e 0 0000000000000000 1 ffffd13600000791ffffed4100003741000004f000002f5cffffed3b00001358
1 fe3c6105c367f4e8 0 0000000000000000 1 ffffd13600000791ffffed4100003741000004f000002f5cffffed3b00001358
1 7318ea404fee343c 0 0000000000000000 1 ffffd13600000791ffffed4100003741000004f000002f5cffffed3b00001358
1 d1fa6f62c10ae4af 0 0000000000000000 1 ffffd13600000791ffffed4100003741000004f000002f5cffffed3b00001358
1 c2fbcf2e8c0e915f 0 0000000000000000 1 ffffd13600000791ffffed4100003741000004f000002f5cffffed3b00001358
0 0000000000000000 0 0000000000000000 1 00001d8100001454fffffe9f00000a48fffffa4effff9d0efffff112ffffa6ce
0 0000000000000000 0 0000000000000000 1 00004f9a000012c9ffff6e69ffffcfde00000a5bffff829bfffffb85ffff9ea8
0 0000000000000000 1 8c53333b8fda0dc3 1 ffffd022ffffd2d200005becffffdfa7ffffdb23ffffaed6ffffcf11ffffd824
0 0000000000000000 1 ba15ddb2344dff6c 1 ffffdd460000416600005a3b000028be000028e2ffffeadcffffc77fffffb35e
0 0000000000000000 1 e55cd2944f94f00a 1 ffffb41d00006b8100003f92ffffa39bfffff908fffff847ffffbd35fffffea5
0 0000000000000000 1 7ef4db1f9442cf1b 0 0000000000000000000000000000000000000000000000000000000000000000
0 0000000000000000 0 0000000000000000 0 0000000000000000000000000000000000000000000000000000000000000000
0 0000000000000000 1 989512b980325e02 0 0000000000000000000000000000000000000000000000000000000000000000
0 0000000000000000 0 0000000000000000 0 0000000000000000000000000000000000000000000000000000000000000000
0 0000000000000000 1 55ac30eb2393b8fd 0 0000000000000000000000000000000000000000000000000000000000000000
0 0000000000000000 0 0000000000000000 0 0000000000000000000000000000000000000000000000000000000000000000
0 0000000000000000 1 2e625932ae0ff149 0 0000000000000000000000000000000000000000000000000000000000000000
0 0000000000000000 1 96e07ac15be99b67 0 0000000000000000000000000000000000000000000000000000000000000000
0 0000000000000000 0 0000000000000000 0 0000000000000000000000000000000000000000000000000000000000000000
0 0000000000000000 0 0000000000000000 0 0000000000000000000000000000000000000000000000000000000000000000
0 0000000000000000 0 0000000000000000 0 0000000000000000000000000000000000000000000000000000000000000000
0 0000000000000000 1 c41933c46383fbf9 1 ffffcfceffffb97bffffd385ffffb0050000560effff84700000066500000964
0 0000000000000000 1 6ccfd659bc2afbc8 1 0000133dffffe71bfffff34b000038f2fffffb4200002c83ffffdde800003941
0 0000000000000000 0 0000000000000000 1 fffffbecffffc56c0000148100001483fffff59300003442ffffcdc7ffffce1b
0 0000000000000000 1 e979388614bae94f 1 000032e100001654ffffc6fa000026fafffff980ffffe6f70000023e00001d04
0 0000000000000000 1 651eb8e41b0f9e96 0 0000000000000000000000000000000000000000000000000000000000000000
0 0000000000000000 1 d614396f6326d2b9 1 fffffb39ffffe260fffff42c0000164600002f5dfffff5940000308700001062
0 0000000000000000 0 0000000000000000 0 0000000000000000000000000000000000000000000000000000000000000000
0 0000000000000000 1 0729aa786f8597a4 1 fffffc890000294cffffff32ffffd1abffffd3e00000267c00000c7cffffd742
0 0000000000000000 1 378424e17a5e7ab7 0 0000000000000000000000000000000000000000000000000000000000000000
0 0000000000000000 1 8c8ec6a8fd0012ae 1 00000896ffffdc73ffffb74cfffff326000010e5ffff8a39ffffd17800000c56
0 0000000000000000 0 0000000000000000 1 fffff798fffff34cffffcd81ffffb18d000012db000001e3fffff7a7000031b2
0 0000000000000000 0 0000000000000000 0 0000000000000000000000000000000000000000000000000000000000000000
0 0000000000000000 0 0000000000000000 0 0000000000000000000000000000000000000000000000000000000000000000
0 0000000000000000 0 0000000000000000 0 0000000000000000000000000000000000000000000000000000000000000000
0 0000000000000000 0 0000000000000000 1 ffffdc53ffffe3a400001ed5ffffd287fffff86b0000194effffec55ffffcbb2
0 0000000000000000 0 0000000000000000 1 00000f50000037ce00000161000009f0ffffef44fffff60a000020ff0000041b
0 0000000000000000 0 0000000000000000 0 0000000000000000000000000000000000000000000000000000000000000000
0 0000000000000000 0 0000000000000000 1 00001756ffffa84cffffd7ce00000d800000172cffffe649ffffc015ffffd9a9
0 0000000000000000 0 0000000000000000 1 000056f10000118affffff2100000d1b00002706000025b20000263fffffdad1
0 0000000000000000 0 0000000000000000 1 fffff626000028a4000012ccffffac37000021c6ffffde540000218e000014bf
0 0000000000000000 0 0000000000000000 0 0000000000000000000000000000000000000000000000000000000000000000
0 0000000000000000 0 0000000000000000 1 ffffb701000028b5000025ccffffa665ffffd3b60000284afffff55a00000728
0 0000000000000000 0 0000000000000000 1 0000392a000053d40000746f00003e4affffeb9c0000539900004708ffffb588
0 0000000000000000 0 0000000000000000 1 fffffe76fffffcdc000021a5fffffa3100002ba900004dad000047fa00000170
1 299ea94dcf5b6b25 0 0000000000000000 1 fffffe76fffffcdc000021a5fffffa3100002ba900004dad000047fa00000170
1 ab70e43262821741 0 0000000000000000 1 fffffe76fffffcdc000021a5fffffa3100002ba900004dad000047fa00000170
1 d4da8460a02d579c 0 0000000000000000 1 fffffe76fffffcdc000021a5fffffa3100002ba900004dad000047fa00000170
1 a411c95990813eef 0 0000000000000000 1 fffffe76fffffcdc000021a5fffffa3100002ba900004dad000047fa00000170
1 e1756194ad4d62c6 0 0000000000000000 1 fffffe76fffffcdc000021a5fffffa3100002ba900004dad000047fa00000170
1 d3f4c8a919d07f58 0 0000000000000000 1 fffffe76fffffcdc000021a5fffffa3100002ba900004dad000047fa00000170
1 7dee994eb6959dfa 0 0000000000000000 1 fffffe76fffffcdc000021a5fffffa3100002ba900004dad000047fa00000170
1 013dc53cf52336de 0 0000000000000000 1 fffffe76fffffcdc000021a5fffffa3100002ba900004dad000047fa00000170
0 0000000000000000 1 8e2f19c6763c5718 0 0000000000000000000000000000000000000000000000000000000000000000
0 0000000000000000 1 38553ecbab65f1e0 0 0000000000000000000000000000000000000000000000000000000000000000
0 0000000000000000 1 e7dcf4ba054a61fb 0 0000000000000000000000000000000000000000000000000000000000000000
0 0000000000000000 1 f47a00e0b001f1b9 0 0000000000000000000000000000000000000000000000000000000000000000
0 0000000000000000 1 c461a550a9b9f36a 0 0000000000000000000000000000000000000000000000000000000000000000
0 0000000000000000 1 af73e2d7486bb4ba 0 0000000000000000000000000000000000000000000000000000000000000000
0 0000000000000000 1 953e98f94f9d3fc6 0 0000000000000000000000000000000000000000000000000000000000000000
0 0000000000000000 1 ac5ac5bd196bed87 0 0000000000000000000000000000000000000000000000000000000000000000
0 0000000000000000 0 0000000000000000 0 0000000000000000000000000000000000000000000000000000000000000000
0 0000000000000000 0 0000000000000000 0 0000000000000000000000000000000000000000000000000000000000000000
0 0000000000000000 0 0000000000000000 0 0000000000000000000000000000000000000000000000000000000000000000
0 0000000000000000 0 0000000000000000 0 0000000000000000000000000000000000000000000000000000000000000000
0 0000000000000000 0 0000000000000000 0 0000000000000000000000000000000000000000000000000000000000000000
0 0000000000000000 0 0000000000000000 0 0000000000000000000000000000000000000000000000000000000000000000
0 0000000000000000 1 34967a363efabe02 1 0000006c00006b5c00001901ffffb610fffffd3cffffd8acfffffd61ffffea35
0 0000000000000000 1 3502fc91b92736b3 1 ffffe63affffd0e0ffffa82300001bbc000040e4ffffe4a7000037e50000438e
0 0000000000000000 1 b8798aba618a64e2 1 000044e6ffffedc2ffffed1effffd5bd000003e9fffff3daffffdd5800001347
0 0000000000000000 1 00c94214ccde04a5 1 ffffe2fb0000035ffffff57a0000154b0000606cffffb3e0ffffd6e400003b9e
0 0000000000000000 1 7779cd2f8c876309 1 ffffda28000049f70000000a00004c4d00004438ffff8a51ffffbaf200001bb9
0 0000000000000000 1 65d17348dda69290 1 ffff9fd30000639b000058e0ffff7a4b000064ccffffd1760000339f00003f7b
0 0000000000000000 1 c31fee2838a6f549 1 0000150a0000698e00007912ffffc86900002347ffffb4b4ffff7c57fffffbaa
0 0000000000000000 1 466f296f38d6ec96 1 ffffd74c000036c100005346ffff79d600007301ffffb791ffffed2d000055d7
0 0000000000000000 0 0000000000000000 0 0000000000000000000000000000000000000000000000000000000000000000
0 0000000000000000 0 0000000000000000 0 0000000000000000000000000000000000000000000000000000000000000000
0 0000000000000000 0 0000000000000000 0 0000000000000000000000000000000000000000000000000000000000000000
0 0000000000000000 0 0000000000000000 0 0000000000000000000000000000000000000000000000000000000000000000
0 0000000000000000 0 0000000000000000 0 0000000000000000000000000000000000000000000000000000000000000000
0 0000000000000000 1 c73606a00b440bc9 0 0000000000000000000000000000000000000000000000000000000000000000
0 0000000000000000 1 f91039b25ae6b091 1 ffffdc7affffd0eeffffe62000000fb4ffff8666000070f200007174ffffaa88
0 0000000000000000 1 4f33fd392e1ba4c8 1 00004c36ffffad63ffffe024fffff7590000373600000a74ffffcd220000378e
0 0000000000000000 1 f8fc3c76252c9e2b 1 000033700000810d000070adffffd40200004063ffffbe3dffff715100000a29
0 0000000000000000 1 644f6883e9c5cd32 1 00000d9affffb355ffffe8d900002258ffffd9bd0000055fffffdcd1ffffe303
0 0000000000000000 1 011d1ac9a1d61a4a 1 00003673ffffddeaffff9d8a0000b2f9000012e5ffff9a1dffffa9d700002de5
0 0000000000000000 1 6f341bdba8e1a52e 1 ffffd00dffff99c1ffffe82400004af1ffffb7380000508b00003761ffffcb68
0 0000000000000000 1 030dd92378a25b36 1 ffffe49c00005a3900002df900000f95fffff1e4fffff459ffffe94dffffce5e
0 0000000000000000 0 0000000000000000 1 ffffadd700001ac3ffffef3f00003869ffffd13cffffc4fa0000420600000256
0 0000000000000000 0 0000000000000000 0 0000000000000000000000000000000000000000000000000000000000000000
0 0000000000000000 0 0000000000000000 0 0000000000000000000000000000000000000000000000000000000000000000
0 0000000000000000 0 0000000000000000 0 0000000000000000000000000000000000000000000000000000000000000000
0 0000000000000000 0 0000000000000000 0 0000000000000000000000000000000000000000000000000000000000000000
0 0000000000000000 0 0000000000000000 0 0000000000000000000000000000000000000000000000000000000000000000
0 0000000000000000 0 0000000000000000 1 fffffe4800001a2400001cbaffffb4fd00004997ffffec48ffffede80000256f
1 8401c30c390e681e 0 0000000000000000 1 fffffe4800001a2400001cbaffffb4fd00004997ffffec48ffffede80000256f
1 907404f529ce3058 0 0000000000000000 1 fffffe4800001a2400001cbaffffb4fd00004997ffffec48ffffede80000256f
1 3937aec9ebcf89af 0 0000000000000000 1 fffffe4800001a2400001cbaffffb4fd00004997ffffec48ffffede80000256f
1 d028549c20228d86 0 0000000000000000 1 fffffe4800001a2400001cbaffffb4fd00004997ffffec48ffffede80000256f
1 6d034c7d2bac9754 0 0000000000000000 1 fffffe4800001a2400001cbaffffb4fd00004997ffffec48ffffede80000256f
1 9dd92c4f788d2724 0 0000000000000000 1 fffffe4800001a2400001cbaffffb4fd00004997ffffec48ffffede80000256f
1 ec8e25870ae082c5 0 0000000000000000 1 fffffe4800001a2400001cbaffffb4fd00004997ffffec48ffffede80000256f
1 2ea5a898c29dfbe4 0 0000000000000000 1 fffffe4800001a2400001cbaffffb4fd00004997ffffec48ffffede80000256f
0 0000000000000000 1 8eae4df4cd39b373 1 ffffe27d0000119100005756ffffabc1000010640000588f00001c12ffffe541
0 0000000000000000 1 cc3b04dde89ebec4 1 ffff77ff000027bc0000123affffeeadfffffd5000000dbf0000692800001e35
0 0000000000000000 1 ed7f62fc338ed2da 1 ffffacae00001d12ffffedd8000009feffffc8a8000000da0000803affffe1e2
0 0000000000000000 1 87b78d25ec6b4730 1 ffffd00b000039fcffffdf13000029980000291400006d4100002e29ffffedac
0 0000000000000000 1 405140f49e334da1 1 ffffeed9fffff07effffcd610000450c000029a4fffffc7dffffcae4fffffda7
0 0000000000000000 1 f6fb5e068a008ff2 1 ffff7ab3000029ccffffd10600000f05000058f000001b3f00002f1c00001a76
0 0000000000000000 1 ee7f180e5926e835 1 00003a290000193000001e9800000ffeffffa9edfffffc79ffffe51dffffcbd7
0 0000000000000000 1 29ad1019c50874d0 0 0000000000000000000000000000000000000000000000000000000000000000
0 0000000000000000 0 0000000000000000 0 0000000000000000000000000000000000000000000000000000000000000000
0 0000000000000000 1 8c18c75edd609738 0 0000000000000000000000000000000000000000000000000000000000000000
0 0000000000000000 1 b134cd1ac484cdb9 0 0000000000000000000000000000000000000000000000000000000000000000
0 0000000000000000 0 0000000000000000 0 0000000000000000000000000000000000000000000000000000000000000000
0 0000000000000000 1 2b4b2d54ae4b6dd6 0 0000000000000000000000000000000000000000000000000000000000000000
0 0000000000000000 1 5cf6c59387e7f890 0 0000000000000000000000000000000000000000000000000000000000000000
0 0000000000000000 1 79bdb8a122988ab5 1 00005d69ffffd932ffffc547ffffe0b0ffffc4f6ffffcdbbffffe52affffc042
0 0000000000000000 1 35b9cbf2db815bc5 1 00001ce20000574afffff3aa00001573ffffd32700003f920000205f00001db8
0 0000000000000000 1 da0ba5f2ee32a77e 1 000026c7000081dcffffe7c500000110ffffe21b000009caffffd56f00001bca
0 0000000000000000 1 5098e496a3090787 1 00000b30ffff8a4f000052e2ffffe9ea00000d5fffffdda0ffffda9dffffde5a
0 0000000000000000 0 0000000000000000 1 ffff798700002764fffff109ffffd88b000035ef00000a3200001cc0fffff479
0 0000000000000000 0 0000000000000000 1 ffffeee8000048beffffb79dffffeab0ffffe12b0000297e000034e6ffffd15d
0 0000000000000000 1 4546cd445622584c 1 fffff679000033ec00000e7200001c120000231affffa3b5ffffeb1e00003d90
0 0000000000000000 1 e5fb4102fa82c951 1 ffffe16dffffbd6400000923ffffba9e000007a50000268affffcfb0ffffaf94
0 0000000000000000 1 2162264f9991acbb 0 0000000000000000000000000000000000000000000000000000000000000000
0 0000000000000000 1 41f8422f70728069 1 ffffed9c000018ae000030cd0000087900000fe6ffffe43100001536fffff3fc
0 0000000000000000 1 07f2a4240849a035 1 00000ceb0000527f0000166affffec40ffffc92c00006bf6000015e4fffffac2
0 0000000000000000 1 3aa1c8f174327206 0 0000000000000000000000000000000000000000000000000000000000000000
0 0000000000000000 1 da6bced8fa3bd6e8 1 ffff74a600000af3000016d0ffffa0f600004035fffff214ffffdd1cffffc3aa
0 0000000000000000 1 ce51be5b39432496 1 ffffa1c300000be3ffffd62e00002a7b000004de0000630c0000a3d6000030d5
0 0000000000000000 0 0000000000000000 1 000016ec00002340ffffdaf5000083e1ffffecc20000642f00008e7e00005b22
0 0000000000000000 0 0000000000000000 1 00000bddffffd1d3ffffff44ffffca17ffffd320000069affffff756ffffd8ba
0 0000000000000000 0 0000000000000000 1 fffffe8dffffe21dffffecdb00001449fffff170ffffd52d00005b8f00002aa6
0 0000000000000000 0 0000000000000000 1 ffffd306ffffe00bffffe20b00003adb000008610000585c0000701100000f5f
0 0000000000000000 0 0000000000000000 0 0000000000000000000000000000000000000000000000000000000000000000
0 0000000000000000 0 0000000000000000 0 0000000000000000000000000000000000000000000000000000000000000000
1 5f6c6cb78d7e5449 0 0000000000000000 0 0000000000000000000000000000000000000000000000000000000000000000
1 4264a8a428e8a03e 0 0000000000000000 0 0000000000000000000000000000000000000000000000000000000000000000
1 e2c245fa34035c50 0 0000000000000000 0 0000000000000000000000000000000000000000000000000000000000000000
1 17953b4062963e14 0 0000000000000000 0 0000000000000000000000000000000000000000000000000000000000000000
1 58c1e7ad7cae6007 0 0000000000000000 0 0000000000000000000000000000000000000000000000000000000000000000
1 fb02250c1cdb9d04 0 0000000000000000 0 0000000000000000000000000000000000000000000000000000000000000000
1 80e68901432e3df9 0 0000000000000000 0 0000000000000000000000000000000000000000000000000000000000000000
1 7a3bc283ccd97466 0 0000000000000000 0 0000000000000000000000000000000000000000000000000000000000000000
0 0000000000000000 1 84c57b4b61a1da72 1 00000120ffffd94800002945ffffdca3000036acffffb503ffffd76d00001449
0 0000000000000000 0 0000000000000000 1 000043d000000f72ffffb6f6ffffbf7bffffa24500001572ffffddbcffffd5ba
0 0000000000000000 1 6b462916944de6f6 1 00000b7b00009659fffff720ffffc580ffffe5e600006aba00002ea8ffffdd62
0 0000000000000000 1 ad7eb487a7f1aebc 1 0000330400001347000016b4000038fb00003779ffff8e290000057e00002062
0 0000000000000000 1 559c772be69c68ee 1 0000048c0000119affffe99c00003b04000019a3ffffed98000050de0000252e
0 0000000000000000 1 83e12b24ca9950c7 1 00002151ffffae210000600500002886000007beffffeabcffffc6550000112c
0 0000000000000000 1 18024420ac060cdf 1 00001d39000053c4ffffc1660000086f00003174ffffdd8500005165000055d8
0 0000000000000000 1 5f42ff1b1d9a574a 1 ffffe0020000090400000001000025b000007c9bffffdecdffffaa3300001686
0 0000000000000000 0 0000000000000000 0 0000000000000000000000000000000000000000000000000000000000000000
0 0000000000000000 0 0000000000000000 0 0000000000000000000000000000000000000000000000000000000000000000
0 0000000000000000 1 6d3fea9ac3e71c03 0 0000000000000000000000000000000000000000000000000000000000000000
0 0000000000000000 0 0000000000000000 0 0000000000000000000000000000000000000000000000000000000000000000
0 0000000000000000 0 0000000000000000 0 0000000000000000000000000000000000000000000000000000000000000000
0 0000000000000000 0 0000000000000000 0 0000000000000000000000000000000000000000000000000000000000000000
0 0000000000000000 0 0000000000000000 1 000027a0ffff7d06fffff142ffffecb7000067acffff815a00009f8500002a47
0 0000000000000000 0 0000000000000000 0 0000000000000000000000000000000000000000000000000000000000000000
0 0000000000000000 0 0000000000000000 1 00001888000050e000004962fffff847ffffbaf5000039caffffcbeb000038f9
0 0000000000000000 1 ebe61560f00c9225 1 ffffea03000061a0ffffbe6900000af4ffffc6d1000016d9ffff2ef9ffffca20
0 0000000000000000 1 5edc9de8e8634f68 1 ffffb81effffc4e90000385200002099fffffa2b00004f030000a41e00001c47
0 0000000000000000 1 d487dc7ea4c699bf 1 ffff741affff9cebffffc8d000005f9a000044ebffffee3900000799ffffc91d
0 0000000000000000 1 b3e9cad1ec16f17f 1 ffffd19cfffff8f500002ea000002a85fffff16800002065fffff96600000f66
0 0000000000000000 1 03f25499aee7b06e 1 00003a8a0000371affffcb68ffffa1fdfffff466000027310000752f0000472d
0 0000000000000000 1 64d195c49dcf5962 0 0000000000000000000000000000000000000000000000000000000000000000
0 0000000000000000 1 ed26041ece23f716 0 0000000000000000000000000000000000000000000000000000000000000000
0 0000000000000000 1 15cf42279048f6cd 1 0000110e00008338ffffef7effffc28bffff93cd00007572ffffe65b00001dde
0 0000000000000000 0 0000000000000000 0 0000000000000000000000000000000000000000000000000000000000000000
0 0000000000000000 0 0000000000000000 0 0000000000000000000000000000000000000000000000000000000000000000
0 0000000000000000 0 0000000000000000 0 0000000000000000000000000000000000000000000000000000000000000000
0 0000000000000000 0 0000000000000000 0 0000000000000000000000000000000000000000000000000000000000000000
0 0000000000000000 0 0000000000000000 0 0000000000000000000000000000000000000000000000000000000000000000
1 cc1b758229aed638 0 0000000000000000 0 0000000000000000000000000000000000000000000000000000000000000000
1 d33fa73454c353b1 0 0000000000000000 0 0000000000000000000000000000000000000000000000000000000000000000
1 9491926c49d2b9b0 0 0000000000000000 0 0000000000000000000000000000000000000000000000000000000000000000
1 68a318b8db3a28fe 0 0000000000000000 0 0000000000000000000000000000000000000000000000000000000000000000
1 7666332ad89919cd 0 0000000000000000 0 0000000000000000000000000000000000000000000000000000000000000000
1 e33080b39019f40a 0 0000000000000000 0 0000000000000000000000000000000000000000000000000000000000000000
1 70c7e7ad1b0f78e6 0 0000000000000000 0 0000000000000000000000000000000000000000000000000000000000000000
1 af7e89327a14a5eb 0 0000000000000000 0 0000000000000000000000000000000000000000000000000000000000000000
0 0000000000000000 1 bc0a7ecebbfab6b0 0 0000000000000000000000000000000000000000000000000000000000000000
0 0000000000000000 1 e53b0395d3fd6f26 1 000051e6ffffde260000495500001a18000003a5ffffba9600000d9200001347
0 0000000000000000 1 87b0fafac1e84e11 1 00001ab9000039b0ffffe9ddffffc867ffffb19b000032260000159e00001971
0 0000000000000000 1 ced7acf5eb7a9bb6 1 0000569dffffca320000698400009beeffffe91fffffde57ffffee73ffffba3d
0 0000000000000000 1 abbd15b849598f07 1 000051bf00003e98ffffde86ffffe030ffffae1cffffdc45fffff689000002bc
0 0000000000000000 1 b22ca5fd9ffcf7ef 1 ffffee07fffffe7affffe76effffe8c2ffff8fc900002abb0000152d00003b0d
0 0000000000000000 1 dd6cab2f1bd9ee95 1 000036460000201600000a7cffff9744ffff993000002a9dfffffbac00000c26
0 0000000000000000 1 cbfdad9050522285 1 ffffe1c5fffff46effffce98fffff8fbffffeb04fffff5e1ffffffae000010d5
0 0000000000000000 0 0000000000000000 1 ffffc854ffff955fffffd4f2ffffed6b000021960000215effff847900001567
0 0000000000000000 0 0000000000000000 0 0000000000000000000000000000000000000000000000000000000000000000
0 0000000000000000 0 0000000000000000 0 0000000000000000000000000000000000000000000000000000000000000000
0 0000000000000000 0 0000000000000000 0 0000000000000000000000000000000000000000000000000000000000000000
0 0000000000000000 0 0000000000000000 0 0000000000000000000000000000000000000000000000000000000000000000
0 0000000000000000 0 0000000000000000 0 0000000000000000000000000000000000000000000000000000000000000000
0 0000000000000000 1 99e5a0a3287e9375 1 ffff9c66ffffa34effffc449000065920000030600000205ffffd6efffffe2a5
0 0000000000000000 1 c57e7cd332af523b 1 ffffde84000018bdffffafdc0000159600004584fffffd1800002847ffffe23e
0 0000000000000000 1 19455ed46e9b1b04 1 00002929ffffbdbbffffd67500001160fffff633000056710000142200000270
0 0000000000000000 1 f96ae5faf601a2bb 1 0000040f000019a10000058bffffda17ffff742a00002f0dfffff3ae00003554
0 0000000000000000 1 ac4f422f4a48997c 1 ffffdad9000041faffffca7f0000508cffffb1dffffffc5affffb2a6fffffbeb
0 0000000000000000 1 887a19821c5a2df4 1 00000277fffffd63ffffeb55fffffaabfffff049000042f400002c5f0000134c
0 0000000000000000 1 2bca6a19525673b8 1 000055ecfffffd7500003fc3fffff72fffffd6c1fffff350000069bdfffff4ea
0 0000000000000000 1 2b15906e4935aaed 1 000052300000317d00001ec7ffffe760ffff87a4ffffe76f00004cdf00000a0c
0 0000000000000000 0 0000000000000000 0 0000000000000000000000000000000000000000000000000000000000000000
0 0000000000000000 0 0000000000000000 0 0000000000000000000000000000000000000000000000000000000000000000
0 0000000000000000 0 0000000000000000 0 0000000000000000000000000000000000000000000000000000000000000000
0 0000000000000000 0 0000000000000000 0 0000000000000000000000000000000000000000000000000000000000000000
0 0000000000000000 0 0000000000000000 0 0000000000000000000000000000000000000000000000000000000000000000
0 0000000000000000 0 0000000000000000 0 0000000000000000000000000000000000000000000000000000000000000000
0 0000000000000000 0 0000000000000000 1 ffffcbd80000b352ffff9812000039b9ffffc79900002292ffffb58e00000ef4
0 0000000000000000 0 0000000000000000 1 ffffe0ac000002e2ffff8ec20000891b00008a26ffffc1c900002341ffff8b85
0 0000000000000000 0 0000000000000000 1 fffffdf400000fb100000ad700005e3200005b90ffff987700000c09ffffb637
0 0000000000000000 0 0000000000000000 1 ffffdfba00001668000009c000001e55fffff128ffffe5b300001582fffff77b
0 0000000000000000 0 0000000000000000 1 ffffc01500005bd7ffff615a0000781d00001daafffff3c8ffffc3edffffb49d
0 0000000000000000 0 0000000000000000 1 ffffdf6400004068ffff61f300005a6b0000016effffe78d0000387fffffb3a0
0 0000000000000000 0 0000000000000000 1 00004358ffffb3f5fffff6ccffffc5cbffffc729ffffda3b0000216cffffe600
0 0000000000000000 0 0000000000000000 1 00004b8b0000432000004c10ffffb51fffffa939fffffb8d00001317000022e3
0 0000000000000000 0 0000000000000000 0 0000000000000000000000000000000000000000000000000000000000000000
0 0000000000000000 0 0000000000000000 0 0000000000000000000000000000000000000000000000000000000000000000
0 0000000000000000 0 0000000000000000 0 0000000000000000000000000000000000000000000000000000000000000000
0 0000000000000000 0 0000000000000000 0 0000000000000000000000000000000000000000000000000000000000000000
0 0000000000000000 0 0000000000000000 0 0000000000000000000000000000000000000000000000000000000000000000
0 0000000000000000 0 0000000000000000 0 0000000000000000000000000000000000000000000000000000000000000000
0 0000000000000000 0 0000000000000000 0 0000000000000000000000000000000000000000000000000000000000000000
0 0000000000000000 0 0000000000000000 0 0000000000000000000000000000000000000000000000000000000000000000
0 0000000000000000 0 0000000000000000 0 0000000000000000000000000000000000000000000000000000000000000000
0 0000000000000000 0 0000000000000000 0 0000000000000000000000000000000000000000000000000000000000000000
0 0000000000000000 0 0000000000000000 0 0000000000000000000000000000000000000000000000000000000000000000
0 0000000000000000 0 0000000000000000 0 0000000000000000000000000000000000000000000000000000000000000000
0 0000000000000000 0 0000000000000000 0 0000000000000000000000000000000000000000000000000000000000000000
0 0000000000000000 0 0000000000000000 0 0000000000000000000000000000000000000000000000000000000000000000
0 0000000000000000 0 0000000000000000 0 0000000000000000000000000000000000000000000000000000000000000000
0 0000000000000000 0 0000000000000000 0 0000000000000000000000000000000000000000000000000000000000000000
0 0000000000000000 0 0000000000000000 0 0000000000000000000000000000000000000000000000000000000000000000
0 0000000000000000 0 0000000000000000 0 0000000000000000000000000000000000000000000000000000000000000000
1 578d15fb0fd84897 1 d2250e387c42ab50 0 0000000000000000000000000000000000000000000000000000000000000000
1 e0c90a83c6772691 1 1dd39fe6c731987d 0 0000000000000000000000000000000000000000000000000000000000000000
1 6acd1f6541bc9d89 1 0bdf3844189b1fd7 0 0000000000000000000000000000000000000000000000000000000000000000
1 3a7c7f9e401c3917 1 05b74e6024e5731e 0 0000000000000000000000000000000000000000000000000000000000000000
1 086329a65501c540 1 e8b9087145234939 0 0000000000000000000000000000000000000000000000000000000000000000
1 b3340068fdb5d980 1 700ecd9621d15166 0 0000000000000000000000000000000000000000000000000000000000000000
1 8448d3e0237f1d49 1 be134a39480ca752 0 0000000000000000000000000000000000000000000000000000000000000000
1 33f2d539cd2a0a47 1 0738351c95866604 0 0000000000000000000000000000000000000000000000000000000000000000
0 0000000000000000 1 dad41db853b1a3fc 0 0000000000000000000000000000000000000000000000000000000000000000
0 0000000000000000 1 2c7f484c2e494ebc 0 0000000000000000000000000000000000000000000000000000000000000000
0 0000000000000000 1 2dedc41353c9df33 0 0000000000000000000000000000000000000000000000000000000000000000
0 0000000000000000 1 ed4e5df881a253a1 0 0000000000000000000000000000000000000000000000000000000000000000
0 0000000000000000 1 9110bffaf1cdc30c 0 0000000000000000000000000000000000000000000000000000000000000000
0 0000000000000000 1 ed0ba20c44c31343 0 0000000000000000000000000000000000000000000000000000000000000000
0 0000000000000000 1 a48b38a838b01ef2 0 0000000000000000000000000000000000000000000000000000000000000000
0 0000000000000000 1 0c64c76a81ef26be 0 0000000000000000000000000000000000000000000000000000000000000000
0 0000000000000000 0 0000000000000000 0 0000000000000000000000000000000000000000000000000000000000000000
0 0000000000000000 0 0000000000000000 0 0000000000000000000000000000000000000000000000000000000000000000
0 0000000000000000 0 0000000000000000 0 0000000000000000000000000000000000000000000000000000000000000000
0 0000000000000000 0 0000000000000000 0 0000000000000000000000000000000000000000000000000000000000000000
0 0000000000000000 0 0000000000000000 0 0000000000000000000000000000000000000000000000000000000000000000
0 0000000000000000 0 0000000000000000 0 0000000000000000000000000000000000000000000000000000000000000000
0 0000000000000000 0 0000000000000000 1 00003ae3ffffe7fcfffff94500000ab100000dacffffca95ffffc1c000002f56
0 0000000000000000 0 0000000000000000 1 ffffe643000021b100003c12ffffb509000031b700002fae000004c3ffff86a1
0 0000000000000000 0 0000000000000000 1 00002a6900000de100000fa3ffffc569000009fd00000a96000018c60000485d
0 0000000000000000 0 0000000000000000 1 fffff1aaffffb9b5fffff5cfffffe8f9fffff80900004248000011c5ffffc698
0 0000000000000000 0 0000000000000000 1 ffffead00000167ffffff2faffffdddcffffd4c100001bfbffffffbe00004bf3
0 0000000000000000 0 0000000000000000 1 ffffec9500002e4cfffff5bdffffad2dfffff412000048eb000021b40000774c
0 0000000000000000 0 0000000000000000 1 fffffb1a00001b4bffffd50e000037a7000027c2ffffe3bbffffada400007133
0 0000000000000000 0 0000000000000000 1 ffffd995fffffd8e000022a4ffffa22bffffde73000053da00006173ffffd505
0 0000000000000000 0 0000000000000000 0 0000000000000000000000000000000000000000000000000000000000000000
0 0000000000000000 0 0000000000000000 0 0000000000000000000000000000000000000000000000000000000000000000
0 0000000000000000 0 0000000000000000 0 0000000000000000000000000000000000000000000000000000000000000000
0 0000000000000000 0 0000000000000000 0 0000000000000000000000000000000000000000000000000000000000000000
1 7f807f807f807f80 0 0000000000000000 0 0000000000000000000000000000000000000000000000000000000000000000
1 807f807f807f807f 0 0000000000000000 0 0000000000000000000000000000000000000000000000000000000000000000
1 7f807f807f807f80 0 0000000000000000 0 0000000000000000000000000000000000000000000000000000000000000000
1 807f807f807f807f 0 0000000000000000 0 0000000000000000000000000000000000000000000000000000000000000000
1 7f807f807f807f80 0 0000000000000000 0 0000000000000000000000000000000000000000000000000000000000000000
1 807f807f807f807f 0 0000000000000000 0 0000000000000000000000000000000000000000000000000000000000000000
1 7f807f807f807f80 0 0000000000000000 0 0000000000000000000000000000000000000000000000000000000000000000
1 807f807f807f807f 0 0000000000000000 0 0000000000000000000000000000000000000000000000000000000000000000
0 0000000000000000 1 7f807f807f807f80 0 0000000000000000000000000000000000000000000000000000000000000000
0 0000000000000000 1 807f807f807f807f 0 0000000000000000000000000000000000000000000000000000000000000000
0 0000000000000000 1 7f807f807f807f80 0 0000000000000000000000000000000000000000000000000000000000000000
0 0000000000000000 1 807f807f807f807f 0 0000000000000000000000000000000000000000000000000000000000000000
0 0000000000000000 1 7f807f807f807f80 0 0000000000000000000000000000000000000000000000000000000000000000
0 0000000000000000 1 807f807f807f807f 0 0000000000000000000000000000000000000000000000000000000000000000
0 0000000000000000 1 7f807f807f807f80 0 0000000000000000000000000000000000000000000000000000000000000000
0 0000000000000000 1 807f807f807f807f 0 0000000000000000000000000000000000000000000000000000000000000000
0 0000000000000000 0 0000000000000000 0 0000000000000000000000000000000000000000000000000000000000000000
0 0000000000000000 0 0000000000000000 0 0000000000000000000000000000000000000000000000000000000000000000
0 0000000000000000 0 0000000000000000 0 0000000000000000000000000000000000000000000000000000000000000000
0 0000000000000000 0 0000000000000000 0 0000000000000000000000000000000000000000000000000000000000000000
0 0000000000000000 0 0000000000000000 0 0000000000000000000000000000000000000000000000000000000000000000
0 0000000000000000 0 0000000000000000 0 0000000000000000000000000000000000000000000000000000000000000000
0 0000000000000000 0 0000000000000000 1 0001fc04fffe04000001fc04fffe04000001fc04fffe04000001fc04fffe0400
0 0000000000000000 0 0000000000000000 1 fffe04000001fc04fffe04000001fc04fffe04000001fc04fffe04000001fc04
0 0000000000000000 0 0000000000000000 1 0001fc04fffe04000001fc04fffe04000001fc04fffe04000001fc04fffe0400
0 0000000000000000 0 0000000000000000 1 fffe04000001fc04fffe04000001fc04fffe04000001fc04fffe04000001fc04
0 0000000000000000 0 0000000000000000 1 0001fc04fffe04000001fc04fffe04000001fc04fffe04000001fc04fffe0400
0 0000000000000000 0 0000000000000000 1 fffe04000001fc04fffe04000001fc04fffe04000001fc04fffe04000001fc04
0 0000000000000000 0 0000000000000000 1 0001fc04fffe04000001fc04fffe04000001fc04fffe04000001fc04fffe0400
0 0000000000000000 0 0000000000000000 1 fffe04000001fc04fffe04000001fc04fffe04000001fc04fffe04000001fc04
0 0000000000000000 0 0000000000000000 0 0000000000000000000000000000000000000000000000000000000000000000
0 0000000000000000 0 0000000000000000 0 0000000000000000000000000000000000000000000000000000000000000000
0 0000000000000000 0 0000000000000000 0 0000000000000000000000000000000000000000000000000000000000000000
0 0000000000000000 0 0000000000000000 0 0000000000000000000000000000000000000000000000000000000000000000
1 807f807f807f807f 0 0000000000000000 0 0000000000000000000000000000000000000000000000000000000000000000
1 7f807f807f807f80 0 0000000000000000 0 0000000000000000000000000000000000000000000000000000000000000000
1 807f807f807f807f 0 0000000000000000 0 0000000000000000000000000000000000000000000000000000000000000000
1 7f807f807f807f80 0 0000000000000000 0 0000000000000000000000000000000000000000000000000000000000000000
1 807f807f807f807f 0 0000000000000000 0 0000000000000000000000000000000000000000000000000000000000000000
1 7f807f807f807f80 0 0000000000000000 0 0000000000000000000000000000000000000000000000000000000000000000
1 807f807f807f807f 0 0000000000000000 0 0000000000000000000000000000000000000000000000000000000000000000
1 7f807f807f807f80 0 0000000000000000 0 0000000000000000000000000000000000000000000000000000000000000000
0 0000000000000000 1 807f807f807f807f 0 0000000000000000000000000000000000000000000000000000000000000000
0 0000000000000000 1 7f807f807f807f80 0 0000000000000000000000000000000000000000000000000000000000000000
0 0000000000000000 1 807f807f807f807f 0 0000000000000000000000000000000000000000000000000000000000000000
0 0000000000000000 1 7f807f807f807f80 0 0000000000000000000000000000000000000000000000000000000000000000
0 0000000000000000 1 807f807f807f807f 0 0000000000000000000000000000000000000000000000000000000000000000
0 0000000000000000 1 7f807f807f807f80 0 0000000000000000000000000000000000000000000000000000000000000000
0 0000000000000000 1 807f807f807f807f 0 0000000000000000000000000000000000000000000000000000000000000000
0 0000000000000000 1 7f807f807f807f80 0 0000000000000000000000000000000000000000000000000000000000000000
0 0000000000000000 0 0000000000000000 0 0000000000000000000000000000000000000000000000000000000000000000
0 0000000000000000 0 0000000000000000 0 0000000000000000000000000000000000000000000000000000000000000000
0 0000000000000000 0 0000000000000000 0 0000000000000000000000000000000000000000000000000000000000000000
0 0000000000000000 0 0000000000000000 0 0000000000000000000000000000000000000000000000000000000000000000
0 0000000000000000 0 0000000000000000 0 0000000000000000000000000000000000000000000000000000000000000000
0 0000000000000000 0 0000000000000000 0 0000000000000000000000000000000000000000000000000000000000000000
0 0000000000000000 0 0000000000000000 1 0001fc04fffe04000001fc04fffe04000001fc04fffe04000001fc04fffe0400
0 0000000000000000 0 0000000000000000 1 fffe04000001fc04fffe04000001fc04fffe04000001fc04fffe04000001fc04
0 0000000000000000 0 0000000000000000 1 0001fc04fffe04000001fc04fffe04000001fc04fffe04000001fc04fffe0400
0 0000000000000000 0 0000000000000000 1 fffe04000001fc04fffe04000001fc04fffe04000001fc04fffe04000001fc04
0 0000000000000000 0 0000000000000000 1 0001fc04fffe04000001fc04fffe04000001fc04fffe04000001fc04fffe0400
0 0000000000000000 0 0000000000000000 1 fffe04000001fc04fffe04000001fc04fffe04000001fc04fffe04000001fc04
0 0000000000000000 0 0000000000000000 1 0001fc04fffe04000001fc04fffe04000001fc04fffe04000001fc04fffe0400
0 0000000000000000 0 0000000000000000 1 fffe04000001fc04fffe04000001fc04fffe04000001fc04fffe04000001fc04
0 0000000000000000 0 0000000000000000 0 0000000000000000000000000000000000000000000000000000000000000000
0 0000000000000000 0 0000000000000000 0 0000000000000000000000000000000000000000000000000000000000000000
0 0000000000000000 0 0000000000000000 0 0000000000000000000000000000000000000000000000000000000000000000
0 0000000000000000 0 0000000000000000 0 0000000000000000000000000000000000000000000000000000000000000000
1 7f807f807f807f80 0 0000000000000000 0 0000000000000000000000000000000000000000000000000000000000000000
1 807f807f807f807f 0 0000000000000000 0 0000000000000000000000000000000000000000000000000000000000000000
1 7f807f807f807f80 0 0000000000000000 0 0000000000000000000000000000000000000000000000000000000000000000
1 807f807f807f807f 0 0000000000000000 0 0000000000000000000000000000000000000000000000000000000000000000
1 7f807f807f807f80 0 0000000000000000 0 0000000000000000000000000000000000000000000000000000000000000000
1 807f807f807f807f 0 0000000000000000 0 0000000000000000000000000000000000000000000000000000000000000000
1 7f807f807f807f80 0 0000000000000000 0 0000000000000000000000000000000000000000000000000000000000000000
1 807f807f807f807f 0 0000000000000000 0 0000000000000000000000000000000000000000000000000000000000000000
0 0000000000000000 1 807f807f807f807f 0 0000000000000000000000000000000000000000000000000000000000000000
0 0000000000000000 1 7f807f807f807f80 0 0000000000000000000000000000000000000000000000000000000000000000
0 0000000000000000 1 807f807f807f807f 0 0000000000000000000000000000000000000000000000000000000000000000
0 0000000000000000 1 7f807f807f807f80 0 0000000000000000000000000000000000000000000000000000000000000000
0 0000000000000000 1 807f807f807f807f 0 0000000000000000000000000000000000000000000000000000000000000000
0 0000000000000000 1 7f807f807f807f80 0 0000000000000000000000000000000000000000000000000000000000000000
0 0000000000000000 1 807f807f807f807f 0 0000000000000000000000000000000000000000000000000000000000000000
0 0000000000000000 1 7f807f807f807f80 0 0000000000000000000000000000000000000000000000000000000000000000
0 0000000000000000 0 0000000000000000 0 0000000000000000000000000000000000000000000000000000000000000000
0 0000000000000000 0 0000000000000000 0 0000000000000000000000000000000000000000000000000000000000000000
0 0000000000000000 0 0000000000000000 0 0000000000000000000000000000000000000000000000000000000000000000
0 0000000000000000 0 0000000000000000 0 0000000000000000000000000000000000000000000000000000000000000000
0 0000000000000000 0 0000000000000000 0 0000000000000000000000000000000000000000000000000000000000000000
0 0000000000000000 0 0000000000000000 0 0000000000000000000000000000000000000000000000000000000000000000
0 0000000000000000 0 0000000000000000 1 fffe04000001fc04fffe04000001fc04fffe04000001fc04fffe04000001fc04
0 0000000000000000 0 0000000000000000 1 0001fc04fffe04000001fc04fffe04000001fc04fffe04000001fc04fffe0400
0 0000000000000000 0 0000000000000000 1 fffe04000001fc04fffe04000001fc04fffe04000001fc04fffe04000001fc04
0 0000000000000000 0 0000000000000000 1 0001fc04fffe04000001fc04fffe04000001fc04fffe04000001fc04fffe0400
0 0000000000000000 0 0000000000000000 1 fffe04000001fc04fffe04000001fc04fffe04000001fc04fffe04000001fc04
0 0000000000000000 0 0000000000000000 1 0001fc04fffe04000001fc04fffe04000001fc04fffe04000001fc04fffe0400
0 0000000000000000 0 0000000000000000 1 fffe04000001fc04fffe04000001fc04fffe04000001fc04fffe04000001fc04
0 0000000000000000 0 0000000000000000 1 0001fc04fffe04000001fc04fffe04000001fc04fffe04000001fc04fffe0400
0 0000000000000000 0 0000000000000000 0 0000000000000000000000000000000000000000000000000000000000000000
0 0000000000000000 0 0000000000000000 0 0000000000000000000000000000000000000000000000000000000000000000
0 0000000000000000 0 0000000000000000 0 0000000000000000000000000000000000000000000000000000000000000000
0 0000000000000000 0 0000000000000000 0 0000000000000000000000000000000000000000000000000000000000000000
1 0100000000000000 0 0000000000000000 0 0000000000000000000000000000000000000000000000000000000000000000
1 0001000000000000 0 0000000000000000 0 0000000000000000000000000000000000000000000000000000000000000000
1 0000010000000000 0 0000000000000000 0 0000000000000000000000000000000000000000000000000000000000000000
1 0000000100000000 0 0000000000000000 0 0000000000000000000000000000000000000000000000000000000000000000
1 0000000001000000 0 0000000000000000 0 0000000000000000000000000000000000000000000000000000000000000000
1 0000000000010000 0 0000000000000000 0 0000000000000000000000000000000000000000000000000000000000000000
1 0000000000000100 0 0000000000000000 0 0000000000000000000000000000000000000000000000000000000000000000
1 0000000000000001 0 0000000000000000 0 0000000000000000000000000000000000000000000000000000000000000000
0 0000000000000000 1 0000000000000001 0 0000000000000000000000000000000000000000000000000000000000000000
0 0000000000000000 1 0000000000000100 0 0000000000000000000000000000000000000000000000000000000000000000
0 0000000000000000 1 0000000000010000 0 0000000000000000000000000000000000000000000000000000000000000000
0 0000000000000000 1 0000000001000000 0 0000000000000000000000000000000000000000000000000000000000000000
0 0000000000000000 1 0000000100000000 0 0000000000000000000000000000000000000000000000000000000000000000
0 0000000000000000 1 0000010000000000 0 0000000000000000000000000000000000000000000000000000000000000000
0 0000000000000000 1 0001000000000000 0 0000000000000000000000000000000000000000000000000000000000000000
0 0000000000000000 1 0100000000000000 0 0000000000000000000000000000000000000000000000000000000000000000
0 0000000000000000 0 0000000000000000 0 0000000000000000000000000000000000000000000000000000000000000000
0 0000000000000000 0 0000000000000000 0 0000000000000000000000000000000000000000000000000000000000000000
0 0000000000000000 0 0000000000000000 0 0000000000000000000000000000000000000000000000000000000000000000
0 0000000000000000 0 0000000000000000 0 0000000000000000000000000000000000000000000000000000000000000000
0 0000000000000000 0 0000000000000000 0 0000000000000000000000000000000000000000000000000000000000000000
0 0000000000000000 0 0000000000000000 0 0000000000000000000000000000000000000000000000000000000000000000
0 0000000000000000 0 0000000000000000 1 0000000000000000000000000000000000000000000000000000000000000001
0 0000000000000000 0 0000000000000000 1 0000000000000000000000000000000000000000000000000000000100000000
0 0000000000000000 0 0000000000000000 1 0000000000000000000000000000000000000000000000010000000000000000
0 0000000000000000 0 0000000000000000 1 0000000000000000000000000000000000000001000000000000000000000000
0 0000000000000000 0 0000000000000000 1 0000000000000000000000000000000100000000000000000000000000000000
0 0000000000000000 0 0000000000000000 1 0000000000000000000000010000000000000000000000000000000000000000
0 0000000000000000 0 0000000000000000 1 0000000000000001000000000000000000000000000000000000000000000000
0 0000000000000000 0 0000000000000000 1 0000000100000000000000000000000000000000000000000000000000000000
0 0000000000000000 0 0000000000000000 0 0000000000000000000000000000000000000000000000000000000000000000
0 0000000000000000 0 0000000000000000 0 0000000000000000000000000000000000000000000000000000000000000000
0 0000000000000000 0 0000000000000000 0 0000000000000000000000000000000000000000000000000000000000000000
0 0000000000000000 0 0000000000000000 0 0000000000000000000000000000000000000000000000000000000000000000
1 ff00000000000000 0 0000000000000000 0 0000000000000000000000000000000000000000000000000000000000000000
1 00ff000000000000 0 0000000000000000 0 0000000000000000000000000000000000000000000000000000000000000000
1 0000ff0000000000 0 0000000000000000 0 0000000000000000000000000000000000000000000000000000000000000000
1 000000ff00000000 0 0000000000000000 0 0000000000000000000000000000000000000000000000000000000000000000
1 00000000ff000000 0 0000000000000000 0 0000000000000000000000000000000000000000000000000000000000000000
1 0000000000ff0000 0 0000000000000000 0 0000000000000000000000000000000000000000000000000000000000000000
1 000000000000ff00 0 0000000000000000 0 0000000000000000000000000000000000000000000000000000000000000000
1 00000000000000ff 0 0000000000000000 0 0000000000000000000000000000000000000000000000000000000000000000
0 0000000000000000 1 00000000000000ff 0 0000000000000000000000000000000000000000000000000000000000000000
0 0000000000000000 1 000000000000ff00 0 0000000000000000000000000000000000000000000000000000000000000000
0 0000000000000000 1 0000000000ff0000 0 0000000000000000000000000000000000000000000000000000000000000000
0 0000000000000000 1 00000000ff000000 0 0000000000000000000000000000000000000000000000000000000000000000
0 0000000000000000 1 000000ff00000000 0 0000000000000000000000000000000000000000000000000000000000000000
0 0000000000000000 1 0000ff0000000000 0 0000000000000000000000000000000000000000000000000000000000000000
0 0000000000000000 1 00ff000000000000 0 0000000000000000000000000000000000000000000000000000000000000000
0 0000000000000000 1 ff00000000000000 0 0000000000000000000000000000000000000000000000000000000000000000
0 0000000000000000 0 0000000000000000 0 0000000000000000000000000000000000000000000000000000000000000000
0 0000000000000000 0 0000000000000000 0 0000000000000000000000000000000000000000000000000000000000000000
0 0000000000000000 0 0000000000000000 0 0000000000000000000000000000000000000000000000000000000000000000
0 0000000000000000 0 0000000000000000 0 0000000000000000000000000000000000000000000000000000000000000000
0 0000000000000000 0 0000000000000000 0 0000000000000000000000000000000000000000000000000000000000000000
0 0000000000000000 0 0000000000000000 0 0000000000000000000000000000000000000000000000000000000000000000
0 0000000000000000 0 0000000000000000 1 0000000000000000000000000000000000000000000000000000000000000001
0 0000000000000000 0 0000000000000000 1 0000000000000000000000000000000000000000000000000000000100000000
0 0000000000000000 0 0000000000000000 1 0000000000000000000000000000000000000000000000010000000000000000
0 0000000000000000 0 0000000000000000 1 0000000000000000000000000000000000000001000000000000000000000000
0 0000000000000000 0 0000000000000000 1 0000000000000000000000000000000100000000000000000000000000000000
0 0000000000000000 0 0000000000000000 1 0000000000000000000000010000000000000000000000000000000000000000
0 0000000000000000 0 0000000000000000 1 0000000000000001000000000000000000000000000000000000000000000000
0 0000000000000000 0 0000000000000000 1 0000000100000000000000000000000000000000000000000000000000000000
0 0000000000000000 0 0000000000000000 0 0000000000000000000000000000000000000000000000000000000000000000
0 0000000000000000 0 0000000000000000 0 0000000000000000000000000000000000000000000000000000000000000000
0 0000000000000000 0 0000000000000000 0 0000000000000000000000000000000000000000000000000000000000000000
0 0000000000000000 0 0000000000000000 0 0000000000000000000000000000000000000000000000000000000000000000
1 7f00000000000000 0 0000000000000000 0 0000000000000000000000000000000000000000000000000000000000000000
1 007f000000000000 0 0000000000000000 0 0000000000000000000000000000000000000000000000000000000000000000
1 00007f0000000000 0 0000000000000000 0 0000000000000000000000000000000000000000000000000000000000000000
1 0000007f00000000 0 0000000000000000 0 0000000000000000000000000000000000000000000000000000000000000000
1 000000007f000000 0 0000000000000000 0 0000000000000000000000000000000000000000000000000000000000000000
1 00000000007f0000 0 0000000000000000 0 0000000000000000000000000000000000000000000000000000000000000000
1 0000000000007f00 0 0000000000000000 0 0000000000000000000000000000000000000000000000000000000000000000
1 000000000000007f 0 0000000000000000 0 0000000000000000000000000000000000000000000000000000000000000000
0 0000000000000000 1 000000000000007f 0 0000000000000000000000000000000000000000000000000000000000000000
0 0000000000000000 1 0000000000007f00 0 0000000000000000000000000000000000000000000000000000000000000000
0 0000000000000000 1 00000000007f0000 0 0000000000000000000000000000000000000000000000000000000000000000
0 0000000000000000 1 000000007f000000 0 0000000000000000000000000000000000000000000000000000000000000000
0 0000000000000000 1 0000007f00000000 0 0000000000000000000000000000000000000000000000000000000000000000
0 0000000000000000 1 00007f0000000000 0 0000000000000000000000000000000000000000000000000000000000000000
0 0000000000000000 1 007f000000000000 0 0000000000000000000000000000000000000000000000000000000000000000
0 0000000000000000 1 7f00000000000000 0 0000000000000000000000000000000000000000000000000000000000000000
0 0000000000000000 0 0000000000000000 0 0000000000000000000000000000000000000000000000000000000000000000
0 0000000000000000 0 0000000000000000 0 0000000000000000000000000000000000000000000000000000000000000000
0 0000000000000000 0 0000000000000000 0 0000000000000000000000000000000000000000000000000000000000000000
0 0000000000000000 0 0000000000000000 0 0000000000000000000000000000000000000000000000000000000000000000
0 0000000000000000 0 0000000000000000 0 0000000000000000000000000000000000000000000000000000000000000000
0 0000000000000000 0 0000000000000000 0 0000000000000000000000000000000000000000000000000000000000000000
0 0000000000000000 0 0000000000000000 1 0000000000000000000000000000000000000000000000000000000000003f01
0 0000000000000000 0 0000000000000000 1 00000000000000000000000000000000000000000000000000003f0100000000
0 0000000000000000 0 0000000000000000 1 000000000000000000000000000000000000000000003f010000000000000000
0 0000000000000000 0 0000000000000000 1 0000000000000000000000000000000000003f01000000000000000000000000
0 0000000000000000 0 0000000000000000 1 00000000000000000000000000003f0100000000000000000000000000000000
0 0000000000000000 0 0000000000000000 1 000000000000000000003f010000000000000000000000000000000000000000
0 0000000000000000 0 0000000000000000 1 0000000000003f01000000000000000000000000000000000000000000000000
0 0000000000000000 0 0000000000000000 1 00003f0100000000000000000000000000000000000000000000000000000000
0 0000000000000000 0 0000000000000000 0 0000000000000000000000000000000000000000000000000000000000000000
0 0000000000000000 0 0000000000000000 0 0000000000000000000000000000000000000000000000000000000000000000
0 0000000000000000 0 0000000000000000 0 0000000000000000000000000000000000000000000000000000000000000000
0 0000000000000000 0 0000000000000000 0 0000000000000000000000000000000000000000000000000000000000000000
1 8000000000000000 0 0000000000000000 0 0000000000000000000000000000000000000000000000000000000000000000
1 0080000000000000 0 0000000000000000 0 0000000000000000000000000000000000000000000000000000000000000000
1 0000800000000000 0 0000000000000000 0 0000000000000000000000000000000000000000000000000000000000000000
1 0000008000000000 0 0000000000000000 0 0000000000000000000000000000000000000000000000000000000000000000
1 0000000080000000 0 0000000000000000 0 0000000000000000000000000000000000000000000000000000000000000000
1 0000000000800000 0 0000000000000000 0 0000000000000000000000000000000000000000000000000000000000000000
1 0000000000008000 0 0000000000000000 0 0000000000000000000000000000000000000000000000000000000000000000
1 0000000000000080 0 0000000000000000 0 0000000000000000000000000000000000000000000000000000000000000000
0 0000000000000000 1 0000000000000080 0 0000000000000000000000000000000000000000000000000000000000000000
0 0000000000000000 1 0000000000008000 0 0000000000000000000000000000000000000000000000000000000000000000
0 0000000000000000 1 0000000000800000 0 0000000000000000000000000000000000000000000000000000000000000000
0 0000000000000000 1 0000000080000000 0 0000000000000000000000000000000000000000000000000000000000000000
0 0000000000000000 1 0000008000000000 0 0000000000000000000000000000000000000000000000000000000000000000
0 0000000000000000 1 0000800000000000 0 0000000000000000000000000000000000000000000000000000000000000000
0 0000000000000000 1 0080000000000000 0 0000000000000000000000000000000000000000000000000000000000000000
0 0000000000000000 1 8000000000000000 0 0000000000000000000000000000000000000000000000000000000000000000
0 0000000000000000 0 0000000000000000 0 0000000000000000000000000000000000000000000000000000000000000000
0 0000000000000000 0 0000000000000000 0 0000000000000000000000000000000000000000000000000000000000000000
0 0000000000000000 0 0000000000000000 0 0000000000000000000000000000000000000000000000000000000000000000
0 0000000000000000 0 0000000000000000 0 0000000000000000000000000000000000000000000000000000000000000000
0 0000000000000000 0 0000000000000000 0 0000000000000000000000000000000000000000000000000000000000000000
0 0000000000000000 0 0000000000000000 0 0000000000000000000000000000000000000000000000000000000000000000
0 0000000000000000 0 0000000000000000 1 0000000000000000000000000000000000000000000000000000000000004000
0 0000000000000000 0 0000000000000000 1 0000000000000000000000000000000000000000000000000000400000000000
0 0000000000000000 0 0000000000000000 1 0000000000000000000000000000000000000000000040000000000000000000
0 0000000000000000 0 0000000000000000 1 0000000000000000000000000000000000004000000000000000000000000000
0 0000000000000000 0 0000000000000000 1 0000000000000000000000000000400000000000000000000000000000000000
0 0000000000000000 0 0000000000000000 1 0000000000000000000040000000000000000000000000000000000000000000
0 0000000000000000 0 0000000000000000 1 0000000000004000000000000000000000000000000000000000000000000000
0 0000000000000000 0 0000000000000000 1 0000400000000000000000000000000000000000000000000000000000000000
0 0000000000000000 0 0000000000000000 0 0000000000000000000000000000000000000000000000000000000000000000
0 0000000000000000 0 0000000000000000 0 0000000000000000000000000000000000000000000000000000000000000000
0 0000000000000000 0 0000000000000000 0 0000000000000000000000000000000000000000000000000000000000000000
0 0000000000000000 0 0000000000000000 0 0000000000000000000000000000000000000000000000000000000000000000
1 fc83e9786c2d25a4 0 0000000000000000 0 0000000000000000000000000000000000000000000000000000000000000000
1 e8966dac848e42ed 0 0000000000000000 0 0000000000000000000000000000000000000000000000000000000000000000
1 b886c6c45fd2445f 0 0000000000000000 0 0000000000000000000000000000000000000000000000000000000000000000
1 0ee28a0035eb4700 0 0000000000000000 0 0000000000000000000000000000000000000000000000000000000000000000
1 b7c173232caa7871 0 0000000000000000 0 0000000000000000000000000000000000000000000000000000000000000000
1 3aceb62fb4688f57 0 0000000000000000 0 0000000000000000000000000000000000000000000000000000000000000000
1 35d996b51c3521d3 0 0000000000000000 0 0000000000000000000000000000000000000000000000000000000000000000
1 35078655e935a088 0 0000000000000000 0 0000000000000000000000000000000000000000000000000000000000000000
0 0000000000000000 1 6961e6c0b2b54335 0 0000000000000000000000000000000000000000000000000000000000000000
0 0000000000000000 0 0000000000000000 0 0000000000000000000000000000000000000000000000000000000000000000
0 0000000000000000 1 70fa4cd6709ba261 0 0000000000000000000000000000000000000000000000000000000000000000
0 0000000000000000 1 f5faa0437ebcc871 0 0000000000000000000000000000000000000000000000000000000000000000
0 0000000000000000 1 80e6b0fc93f24882 0 0000000000000000000000000000000000000000000000000000000000000000
0 0000000000000000 0 0000000000000000 0 0000000000000000000000000000000000000000000000000000000000000000
0 0000000000000000 1 5396f0fb4d986e93 0 0000000000000000000000000000000000000000000000000000000000000000
0 0000000000000000 0 0000000000000000 0 0000000000000000000000000000000000000000000000000000000000000000
0 0000000000000000 1 b1b575896fce9506 0 0000000000000000000000000000000000000000000000000000000000000000
0 0000000000000000 0 0000000000000000 0 0000000000000000000000000000000000000000000000000000000000000000
0 0000000000000000 1 a48143b625d3c9df 0 0000000000000000000000000000000000000000000000000000000000000000
0 0000000000000000 1 834b6a149ba7ab8f 0 0000000000000000000000000000000000000000000000000000000000000000
0 0000000000000000 0 0000000000000000 0 0000000000000000000000000000000000000000000000000000000000000000
0 0000000000000000 0 0000000000000000 0 0000000000000000000000000000000000000000000000000000000000000000
0 0000000000000000 1 1a0c3cadb3faacb0 1 0000172cffffd18b000000e6fffffd05fffff1d7000005c3000000d5ffff68e1
0 0000000000000000 1 a883e22b7ccb171e 0 0000000000000000000000000000000000000000000000000000000000000000
0 0000000000000000 0 0000000000000000 1 ffffb0f1ffffb5a300003dba00005d2c000063e7ffffbe1d000047c5ffffe691
0 0000000000000000 0 0000000000000000 1 fffff7dd000027a6000022e500004dfb00000214ffffd25700001d6effffd628
0 0000000000000000 1 eb506945edba96a6 1 00002b7300007f01000005b7ffff8ee1ffffbcb200001788ffffdc0e00000bc7
0 0000000000000000 1 dc9c5cc58f9e8ba8 0 0000000000000000000000000000000000000000000000000000000000000000
0 0000000000000000 0 0000000000000000 1 ffffdf8efffff933000018640000007400009152fffffd2b0000741600000281
0 0000000000000000 1 8e321901c4026216 0 0000000000000000000000000000000000000000000000000000000000000000
0 0000000000000000 1 2672d362d3b04326 1 ffffa0f600001abb00006d45ffffff7e00002b76ffffb9bd0000196100007d60
0 0000000000000000 1 36f62e8a5386ff0c 0 0000000000000000000000000000000000000000000000000000000000000000
0 0000000000000000 1 92b5d2a82ffa8028 1 ffffcf7d0000516900002940fffff0cc000030eafffff17cfffff9ba00005d87
0 0000000000000000 0 0000000000000000 1 ffffbdd900001d3800004f55ffff6930ffffdc55ffff88b900003a55000047c6
0 0000000000000000 0 0000000000000000 0 0000000000000000000000000000000000000000000000000000000000000000
0 0000000000000000 0 0000000000000000 0 0000000000000000000000000000000000000000000000000000000000000000
0 0000000000000000 0 0000000000000000 1 ffffdbb3fffffa330000437dffffec9bfffffcc9fffff0bbfffff17f00001c45
0 0000000000000000 0 0000000000000000 1 fffff37d00005123fffff4dd0000113e00003a0ffffff5d80000203f00003063
0 0000000000000000 0 0000000000000000 0 0000000000000000000000000000000000000000000000000000000000000000
1 061fd0ada5e1850e 0 0000000000000000 0 0000000000000000000000000000000000000000000000000000000000000000
1 2b33eab6f3468fe9 0 0000000000000000 0 0000000000000000000000000000000000000000000000000000000000000000
1 252f6bb063d8514a 0 0000000000000000 0 0000000000000000000000000000000000000000000000000000000000000000
1 1b02b3db660c7cb9 0 0000000000000000 0 0000000000000000000000000000000000000000000000000000000000000000
1 c8a639a587a2a0a7 0 0000000000000000 0 0000000000000000000000000000000000000000000000000000000000000000
1 1b48a2a3c804ebae 0 0000000000000000 0 0000000000000000000000000000000000000000000000000000000000000000
1 8e032eff4811d560 0 0000000000000000 0 0000000000000000000000000000000000000000000000000000000000000000
1 dabc5c058613efec 0 0000000000000000 0 0000000000000000000000000000000000000000000000000000000000000000
0 0000000000000000 1 ad02449db176c997 0 0000000000000000000000000000000000000000000000000000000000000000
0 0000000000000000 1 35c2098717a19ff2 1 ffffc02bffffc23e00004ed6ffffb505000013a6ffff818600006ab200004538
0 0000000000000000 1 d53b3d003dc6da3a 1 ffffd8020000012800002679ffffddfe00003bf5ffffee38fffff14c00002122
0 0000000000000000 1 e3f28f4212d4ffb9 0 0000000000000000000000000000000000000000000000000000000000000000
0 0000000000000000 1 99830671fb3b44f0 1 00002fde000000cdffffcc79fffff368000017a0fffffeefffffeab5fffff931
0 0000000000000000 1 60718f10f83d41b2 1 00002f0400002a18ffff93daffffc4f000000439ffffcd0900003ab7ffff8c8b
0 0000000000000000 1 bc4faf7b6bb8bb79 1 ffffddb2ffffcd0f00005de5ffffed4a000017f8ffffacf900002719fffff422
0 0000000000000000 1 bc9f615af6d87578 1 0000090bffffc7fd000050eb00007569ffffee53ffffe2c600002a83000004f0
0 0000000000000000 0 0000000000000000 0 0000000000000000000000000000000000000000000000000000000000000000
0 0000000000000000 0 0000000000000000 0 0000000000000000000000000000000000000000000000000000000000000000
0 0000000000000000 0 0000000000000000 0 0000000000000000000000000000000000000000000000000000000000000000
0 0000000000000000 0 0000000000000000 0 0000000000000000000000000000000000000000000000000000000000000000
0 0000000000000000 1 21d7fa9c5d9eb840 0 0000000000000000000000000000000000000000000000000000000000000000
0 0000000000000000 1 c36b6f0774aab3ec 0 0000000000000000000000000000000000000000000000000000000000000000
0 0000000000000000 1 a2380fe9b22267a6 1 0000439500005a44ffffdd0e000002c500003e5a00000ebd000030b7000013a4
0 0000000000000000 1 708c85dc037673bd 1 00000997ffffda8d00003517000029dbffffb8e1ffffd024ffffda8800001fc8
0 0000000000000000 1 2446ca3ac77ff790 1 00000692ffffdc2300004d62ffffea7effffed68fffff649fffffe55fffff492
0 0000000000000000 1 66a96a88f4dd3c95 1 fffff601ffffe59dffffbe0700002f6d00001c4a000007cd00001212ffffd9b6
0 0000000000000000 1 201be2c7601292ef 1 ffffe0c9fffff402ffffee4400001f1600006a83fffff4bd000093f9fffff195
0 0000000000000000 1 773886d48c4da1e6 1 fffffd67000036f7ffff87b7ffffcc1effffe0b400002819ffff7c40ffffe3b5
0 0000000000000000 0 0000000000000000 1 fffffab5ffff9ec700001075fffffd80ffffb5f300000c3e00000116ffff8a31
0 0000000000000000 0 0000000000000000 1 ffffbdaeffffd0b700006f2b00001abd00005baafffff67f0000812f00003add
0 0000000000000000 0 0000000000000000 0 0000000000000000000000000000000000000000000000000000000000000000
0 0000000000000000 0 0000000000000000 0 0000000000000000000000000000000000000000000000000000000000000000
0 0000000000000000 0 0000000000000000 0 0000000000000000000000000000000000000000000000000000000000000000
0 0000000000000000 0 0000000000000000 0 0000000000000000000000000000000000000000000000000000000000000000
1 a65fe23d7ffc64bb 0 0000000000000000 0 0000000000000000000000000000000000000000000000000000000000000000
1 1940a557c6d913a4 0 0000000000000000 0 0000000000000000000000000000000000000000000000000000000000000000
1 1488b55f9ab05009 0 0000000000000000 0 0000000000000000000000000000000000000000000000000000000000000000
1 cdf2015167a9d558 0 0000000000000000 0 0000000000000000000000000000000000000000000000000000000000000000
1 f7d59d24c5c6cc55 0 0000000000000000 0 0000000000000000000000000000000000000000000000000000000000000000
1 0cbdfb05c6457368 0 0000000000000000 0 0000000000000000000000000000000000000000000000000000000000000000
1 04cf80fad23f8b53 0 0000000000000000 0 0000000000000000000000000000000000000000000000000000000000000000
1 2fda509024f30a69 0 0000000000000000 0 0000000000000000000000000000000000000000000000000000000000000000
0 0000000000000000 1 033b52f902dc4301 1 ffffd9fbffffabd800005ba90000158effff82ebffffc955ffffbceafffffe8c
0 0000000000000000 1 73638427ec719da5 1 0000337dffffd68e000052eaffffc71100000dd3ffffe118fffffe68ffffe91a
0 0000000000000000 1 eaad5cf7266edc2e 1 0000196700002bcaffffe7b400001a240000807f0000349b00001d3000003e6d
0 0000000000000000 1 7d42383df7c44d51 1 ffffad6200007937ffffc57400003a2bffffc536ffffe7a8ffffab5d0000007f
0 0000000000000000 1 c592b908eef1c13a 1 00000e7000008a67ffff7c1500000cd500004289000027f1ffffeeb8ffffcc7f
0 0000000000000000 1 30362a6870a7574f 1 ffffe7c7fffffa46ffffe1f500004213000090b0ffffd055ffffe13500007b8f
0 0000000000000000 1 3d49d28976d9215f 1 fffffeac00001232ffffb59cffffcb11ffffb6daffffd1deffffc99cffffb766
0 0000000000000000 1 021a3de4ffe815bb 1 ffffdc4c00008e2d000012a9ffffc7c5000064e900003d3b00002d98ffffb1e7
0 0000000000000000 0 0000000000000000 0 0000000000000000000000000000000000000000000000000000000000000000
0 0000000000000000 0 0000000000000000 0 0000000000000000000000000000000000000000000000000000000000000000
0 0000000000000000 0 0000000000000000 0 0000000000000000000000000000000000000000000000000000000000000000
0 0000000000000000 0 0000000000000000 0 0000000000000000000000000000000000000000000000000000000000000000
0 0000000000000000 0 0000000000000000 0 0000000000000000000000000000000000000000000000000000000000000000
0 0000000000000000 0 0000000000000000 0 0000000000000000000000000000000000000000000000000000000000000000
0 0000000000000000 0 0000000000000000 1 00000bfbffffe5ecffffb15e00002e8dffffcc6effffe600fffff131fffff2a3
0 0000000000000000 0 0000000000000000 1 ffffc387000081a900000e67000044e6000053b8000017dd0000677cffffa851
0 0000000000000000 0 0000000000000000 1 00001450ffff9558000014a0fffff20effffcadffffffd2400004b7400006466
0 0000000000000000 0 0000000000000000 1 ffffe04d000017c1ffffc1300000349e00003e83ffffce77000003d4fffffc5a
0 0000000000000000 0 0000000000000000 1 00000c74fffff9d900007bbaffff9a050000362f000012bcffffe53c00002efb
0 0000000000000000 0 0000000000000000 1 ffffeab7ffffee0affff9ee5000037b100001a84ffffa697ffffaf0200004286
0 0000000000000000 0 0000000000000000 1 000011c7000026edffffcc3bffffd61effffe53e000008cbffffee00fffff3cd
1 71aff66f67e1cda1 0 0000000000000000 1 000011c7000026edffffcc3bffffd61effffe53e000008cbffffee00fffff3cd
1 b071a41ff5881745 0 0000000000000000 1 000011c7000026edffffcc3bffffd61effffe53e000008cbffffee00fffff3cd
1 58ce9ae0c87b2e28 0 0000000000000000 1 000011c7000026edffffcc3bffffd61effffe53e000008cbffffee00fffff3cd
1 c3069aa0ae07d307 0 0000000000000000 1 000011c7000026edffffcc3bffffd61effffe53e000008cbffffee00fffff3cd
1 aa9c2a0475551523 0 0000000000000000 1 000011c7000026edffffcc3bffffd61effffe53e000008cbffffee00fffff3cd
1 32a52b70cce5adaa 0 0000000000000000 1 000011c7000026edffffcc3bffffd61effffe53e000008cbffffee00fffff3cd
1 ba8c89f907d9f5d8 0 0000000000000000 1 000011c7000026edffffcc3bffffd61effffe53e000008cbffffee00fffff3cd
1 82ffabd882a38e0b 0 0000000000000000 1 000011c7000026edffffcc3bffffd61effffe53e000008cbffffee00fffff3cd
0 0000000000000000 1 04fb6ab7eee286c6 1 00000056fffff8daffffc5560000342dffffcfb9fffff4e40000039bffffcf10
0 0000000000000000 1 14f18cf58f9d2958 0 0000000000000000000000000000000000000000000000000000000000000000
0 0000000000000000 1 c3051fe8dee268ec 0 0000000000000000000000000000000000000000000000000000000000000000
0 0000000000000000 1 214b1e2d6df39fd0 0 0000000000000000000000000000000000000000000000000000000000000000
0 0000000000000000 1 f9269916ad219c1c 0 0000000000000000000000000000000000000000000000000000000000000000
0 0000000000000000 0 0000000000000000 0 0000000000000000000000000000000000000000000000000000000000000000
0 0000000000000000 1 bd24e58f6cfdd9cd 0 0000000000000000000000000000000000000000000000000000000000000000
0 0000000000000000 1 5f46a3b6a61f7339 0 0000000000000000000000000000000000000000000000000000000000000000
0 0000000000000000 0 0000000000000000 0 0000000000000000000000000000000000000000000000000000000000000000
0 0000000000000000 0 0000000000000000 0 0000000000000000000000000000000000000000000000000000000000000000
0 0000000000000000 1 56742266f101a277 0 0000000000000000000000000000000000000000000000000000000000000000
0 0000000000000000 0 0000000000000000 0 0000000000000000000000000000000000000000000000000000000000000000
0 0000000000000000 0 0000000000000000 0 0000000000000000000000000000000000000000000000000000000000000000
0 0000000000000000 0 0000000000000000 0 0000000000000000000000000000000000000000000000000000000000000000
0 0000000000000000 0 0000000000000000 1 0000774100002f510000387800000e3f00001919000057a3000045f4000023ec
0 0000000000000000 0 0000000000000000 1 ffffc45d000045dcffffe3c4ffffdd88ffffdbddffff8b48ffffd5a3fffff14b
0 0000000000000000 0 0000000000000000 1 ffffe6dbfffff7caffffc97affffdde8ffffeb6400000294000021c40000107e
0 0000000000000000 1 5f2ea319916ea0c2 1 000001b60000180b0000129a000008ef00003e8200002e450000245800002e40
0 0000000000000000 0 0000000000000000 1 fffff8470000698400003001000011b1ffffcde2ffffa42cffffd4c1fffff7be
0 0000000000000000 0 0000000000000000 0 0000000000000000000000000000000000000000000000000000000000000000
0 0000000000000000 1 c513909ab049caab 1 ffffe7b800001077000061bd00001e780000579a000023d2000041d000002eef
0 0000000000000000 1 d8fad650d321a4b6 1 ffffee83fffff513ffffd3bb00005926000006ecffff5d99ffffbfe7ffffb8d2
0 0000000000000000 0 0000000000000000 0 0000000000000000000000000000000000000000000000000000000000000000
0 0000000000000000 1 bb6afcbf392d5a46 0 0000000000000000000000000000000000000000000000000000000000000000
0 0000000000000000 1 6e13def3724504ae 1 ffffd97600004360ffff9ea8fffff904ffffb14fffffb057ffffbaf6000018de
0 0000000000000000 0 0000000000000000 0 0000000000000000000000000000000000000000000000000000000000000000
0 0000000000000000 1 fe2db67be3c2e749 0 0000000000000000000000000000000000000000000000000000000000000000
0 0000000000000000 0 0000000000000000 0 0000000000000000000000000000000000000000000000000000000000000000
0 0000000000000000 1 2ed82024cc70028e 0 0000000000000000000000000000000000000000000000000000000000000000
0 0000000000000000 1 028530f6809c56e0 0 0000000000000000000000000000000000000000000000000000000000000000
0 0000000000000000 0 0000000000000000 0 0000000000000000000000000000000000000000000000000000000000000000
0 0000000000000000 0 0000000000000000 1 0000692c000038ff0000485400006bb700000366ffffa7a0ffffcf11ffffb381
0 0000000000000000 0 0000000000000000 0 0000000000000000000000000000000000000000000000000000000000000000
0 0000000000000000 0 0000000000000000 0 0000000000000000000000000000000000000000000000000000000000000000
0 0000000000000000 1 4226011dcdd79afd 1 0000338f00004ca40000853400004a6a00001596ffffca7b00001535ffffe80d
0 0000000000000000 1 d8309c2cfac41d5f 1 000021dc000043e900003613fffff0feffffe65d00000c2400000856000002cf
0 0000000000000000 1 ed6c702d6998c723 0 0000000000000000000000000000000000000000000000000000000000000000
0 0000000000000000 1 8d27bcb3a0ff382e 1 ffff891cfffff490ffffc7ed00000ef9ffffe64cffffba02fffff50600002165
0 0000000000000000 0 0000000000000000 1 00003079ffffa55e00003f43000067cb00008599000014d6ffffff4bffffcae4
0 0000000000000000 1 e59a7ea2a43df48d 0 0000000000000000000000000000000000000000000000000000000000000000
0 0000000000000000 1 23701e41741f4d6c 1 ffff9ad90000523effffc098ffffb968ffffc0c7ffffb128ffffd3d000001c94
0 0000000000000000 1 556477a3b6341f30 0 0000000000000000000000000000000000000000000000000000000000000000
0 0000000000000000 1 91bf3939eaeaf486 1 00008222ffffc66c000020b000003f8c00000b5800002992fffffcc4ffffb830
0 0000000000000000 0 0000000000000000 1 000049e8ffffee2bffffd9d6ffffc49fffffeab500002ec600001f69ffffe69d
0 0000000000000000 1 55a742d05d3bf09d 0 0000000000000000000000000000000000000000000000000000000000000000
0 0000000000000000 1 c9857bdf281a27e7 0 0000000000000000000000000000000000000000000000000000000000000000
0 0000000000000000 1 9c9b39b988ddd441 0 0000000000000000000000000000000000000000000000000000000000000000
0 0000000000000000 1 cec9edcf6cee8bea 0 0000000000000000000000000000000000000000000000000000000000000000
0 0000000000000000 1 57f70d04c5598f60 1 0000312f00004d1a000004f8000006beffffff1fffffeb7d0000002d0000094f
0 0000000000000000 1 f9d42e82af9b6fee 1 ffff721800004091ffffce8affffc67dffffd11bffff9ce8ffffd9fd0000203f
0 0000000000000000 1 6cb8e7d9f6d9f602 1 ffffb86a00003682ffffaa02ffffb632ffffff2100003085000036e600007298
0 0000000000000000 1 ac62807a9a590bee 1 ffffb62000004d61fffff707ffffed94ffffb6d0ffff9fdbfffffd4a000014e5
0 0000000000000000 0 0000000000000000 0 0000000000000000000000000000000000000000000000000000000000000000
0 0000000000000000 0 0000000000000000 1 0000bc5fffffd4d900003fe0000026fdfffffde7000073ad00003bc8ffffdb82
0 0000000000000000 0 0000000000000000 1 ffff7c26ffffc662ffff811efffffd02ffffe98effffc7bcffffc91e000015b8
0 0000000000000000 0 0000000000000000 1 00004840fffff403ffffaca100005236ffffde80ffffc940fffff025ffffed18
0 0000000000000000 0 0000000000000000 1 00002bc0000012f60000150effffb4ecffffed8a0000720500004cab00002327
0 0000000000000000 0 0000000000000000 0 0000000000000000000000000000000000000000000000000000000000000000
0 0000000000000000 0 0000000000000000 1 000084d7ffff7e24000056f800004f00000075c500007ce200001ca4ffffc89c
0 0000000000000000 0 0000000000000000 1 00003996ffff97df00000b98ffffe519fffff931000088310000201efffffb24
1 c5bb12dd4ed02ef0 0 0000000000000000 1 00003996ffff97df00000b98ffffe519fffff931000088310000201efffffb24
1 274c3bca82d0185d 0 0000000000000000 1 00003996ffff97df00000b98ffffe519fffff931000088310000201efffffb24
1 4d357495836ecd48 0 0000000000000000 1 00003996ffff97df00000b98ffffe519fffff931000088310000201efffffb24
1 342b5935b34ea344 0 0000000000000000 1 00003996ffff97df00000b98ffffe519fffff931000088310000201efffffb24
1 34a5f7d6ca71e571 0 0000000000000000 1 00003996ffff97df00000b98ffffe519fffff931000088310000201efffffb24
1 0d7278617555de17 0 0000000000000000 1 00003996ffff97df00000b98ffffe519fffff931000088310000201efffffb24
1 bf21e2c8ab64efd2 0 0000000000000000 1 00003996ffff97df00000b98ffffe519fffff931000088310000201efffffb24
1 1e1b5f3651d2f4e5 0 0000000000000000 1 00003996ffff97df00000b98ffffe519fffff931000088310000201efffffb24
0 0000000000000000 1 8a3a0c7d6175258d 1 000068a30000354300001316ffffc1c5ffff957300001fd600000805000015df
0 0000000000000000 1 0546022abb742633 1 00000b500000091300007d33fffff8dc00003ebe000054f1000027bd00002592
0 0000000000000000 1 2a0d8639a2463d88 1 0000026300000dac00001c8000003b9dffffbfe2ffffd167ffffa7e7ffffcf3f
0 0000000000000000 1 ebe2a68b41d27d13 1 ffffe12500000cb6ffffc95efffff774000018c300000d8400003934ffffff38
0 0000000000000000 1 5f9df0f41fcbc79e 1 ffffc4cdffffd815fffff701000000ea0000380e0000092ffffff1beffffcced
0 0000000000000000 1 e25eccadc9b6be07 1 00000a3900002d6f0000002c0000266bffff738fffff8142ffffcf6afffffa96
0 0000000000000000 1 1ac0dbaf58457e94 0 0000000000000000000000000000000000000000000000000000000000000000
0 0000000000000000 1 278b93bfd29cab93 0 0000000000000000000000000000000000000000000000000000000000000000
0 0000000000000000 0 0000000000000000 0 0000000000000000000000000000000000000000000000000000000000000000
0 0000000000000000 0 0000000000000000 0 0000000000000000000000000000000000000000000000000000000000000000
0 0000000000000000 0 0000000000000000 0 0000000000000000000000000000000000000000000000000000000000000000
0 0000000000000000 0 0000000000000000 0 0000000000000000000000000000000000000000000000000000000000000000
0 0000000000000000 0 0000000000000000 0 0000000000000000000000000000000000000000000000000000000000000000
0 0000000000000000 0 0000000000000000 0 0000000000000000000000000000000000000000000000000000000000000000
0 0000000000000000 0 0000000000000000 1 000043ce000052c400003a63000014d4ffff84620000ab46ffffa99900007bd5
0 0000000000000000 0 0000000000000000 1 000006d90000715d00006744000032210000188d00000d55ffffeac300000498
0 0000000000000000 0 0000000000000000 1 ffffb218000024a6ffffd2ec0000399900002a6cffffedc600000e8effffcd6b
0 0000000000000000 0 0000000000000000 1 ffffbacaffffbcffffff86b5ffffe32a00001147fffffa1300002be9ffffbe1e
0 0000000000000000 0 0000000000000000 1 ffffda5effff8f5fffffacd2ffffeaba00002e40ffffeda600001b7cffffebe9
1 5a1654aa5bcc977b 0 0000000000000000 1 ffffda5effff8f5fffffacd2ffffeaba00002e40ffffeda600001b7cffffebe9
1 aa0c7ad12c062227 0 0000000000000000 1 ffffda5effff8f5fffffacd2ffffeaba00002e40ffffeda600001b7cffffebe9
1 82ec09e14021d275 0 0000000000000000 1 ffffda5effff8f5fffffacd2ffffeaba00002e40ffffeda600001b7cffffebe9
1 2a5142e054398282 0 0000000000000000 1 ffffda5effff8f5fffffacd2ffffeaba00002e40ffffeda600001b7cffffebe9
1 d044d97ec898cb4a 0 0000000000000000 1 ffffda5effff8f5fffffacd2ffffeaba00002e40ffffeda600001b7cffffebe9
1 2c8b606787619164 0 0000000000000000 1 ffffda5effff8f5fffffacd2ffffeaba00002e40ffffeda600001b7cffffebe9
1 9e33cddcd4d98c77 0 0000000000000000 1 ffffda5effff8f5fffffacd2ffffeaba00002e40ffffeda600001b7cffffebe9
1 f764015148265ebd 0 0000000000000000 1 ffffda5effff8f5fffffacd2ffffeaba00002e40ffffeda600001b7cffffebe9
0 0000000000000000 1 625eba0d40b4c4ac 1 ffffe5ecfffff61dffffc8b7fffff1b9fffffcdcffff787b00003f9effffeb8c
0 0000000000000000 1 197c92b13c65a903 1 ffffebcaffffde44ffffac8fffffe201000012d1000060ed00000db8ffffe8ff
0 0000000000000000 1 0e5ae93d0e04a1ed 1 000057d9ffffa9c0ffff5e19000010b5000063faffff88dc00004641ffffa09e
0 0000000000000000 1 17ca97bc724d2269 0 0000000000000000000000000000000000000000000000000000000000000000
0 0000000000000000 1 639104ff4034c39b 0 0000000000000000000000000000000000000000000000000000000000000000
0 0000000000000000 1 706dee91a9ac8d74 0 0000000000000000000000000000000000000000000000000000000000000000
0 0000000000000000 1 05dfbdc5de2f14a9 0 0000000000000000000000000000000000000000000000000000000000000000
0 0000000000000000 1 0400f272f2d3d42c 0 0000000000000000000000000000000000000000000000000000000000000000
0 0000000000000000 0 0000000000000000 0 0000000000000000000000000000000000000000000000000000000000000000
0 0000000000000000 0 0000000000000000 0 0000000000000000000000000000000000000000000000000000000000000000
0 0000000000000000 0 0000000000000000 0 0000000000000000000000000000000000000000000000000000000000000000
0 0000000000000000 0 0000000000000000 0 0000000000000000000000000000000000000000000000000000000000000000
0 0000000000000000 0 0000000000000000 0 0000000000000000000000000000000000000000000000000000000000000000
0 0000000000000000 0 0000000000000000 0 0000000000000000000000000000000000000000000000000000000000000000
1 b8f9bce9a4eb8557 0 0000000000000000 0 0000000000000000000000000000000000000000000000000000000000000000
1 a0fd1619e1e038d9 0 0000000000000000 0 0000000000000000000000000000000000000000000000000000000000000000
1 e576393d6911bf6a 0 0000000000000000 0 0000000000000000000000000000000000000000000000000000000000000000
1 e8228e20db452910 0 0000000000000000 0 0000000000000000000000000000000000000000000000000000000000000000
1 7fc7b9423cb02fd3 0 0000000000000000 0 0000000000000000000000000000000000000000000000000000000000000000
1 287eb23c097c7070 0 0000000000000000 0 0000000000000000000000000000000000000000000000000000000000000000
1 c6d54f22bdd204e4 0 0000000000000000 0 0000000000000000000000000000000000000000000000000000000000000000
1 766df6449e207055 0 0000000000000000 0 0000000000000000000000000000000000000000000000000000000000000000
0 0000000000000000 1 ac5a990880e2b312 1 ffffea4e00001d6100003338ffffc37400002e5effffae0bfffffa84000005ec
0 0000000000000000 1 e786dc335484200f 1 00001af5ffffc6580000592400004b62ffffbbb6fffff9a70000312c00002315
0 0000000000000000 1 442508beebb4f2db 1 000009d8fffffb340000484ffffff5c8000028be0000115d00000bc2ffffca53
0 0000000000000000 1 5bcb0ab859a28d4f 1 00000662ffffe4f8ffffe52c00009098ffffa8b0ffffd6a8000001e4000027a9
0 0000000000000000 1 3ed2455a9b8d8b3a 1 0000510bffffc5effffff24e000008f3ffff9184ffffdd96ffff9b2f000045de
0 0000000000000000 1 d0d3c8023d37c43b 1 ffffb397000034c900001e28fffff26d000010c1000004960000af8bffffe70c
0 0000000000000000 1 7eb11ed1bfb8cccd 1 00000c92ffffda3c00001decffffc8d3ffffa8adfffffd9affffebf200002464
0 0000000000000000 1 f9c758f89d876d53 1 000005f000000e20ffffe396000008f30000149d000019ff000002fdffff8d42
0 0000000000000000 0 0000000000000000 0 0000000000000000000000000000000000000000000000000000000000000000
0 0000000000000000 0 0000000000000000 0 0000000000000000000000000000000000000000000000000000000000000000
0 0000000000000000 0 0000000000000000 0 0000000000000000000000000000000000000000000000000000000000000000
0 0000000000000000 0 0000000000000000 0 0000000000000000000000000000000000000000000000000000000000000000
0 0000000000000000 0 0000000000000000 0 0000000000000000000000000000000000000000000000000000000000000000
0 0000000000000000 0 0000000000000000 0 0000000000000000000000000000000000000000000000000000000000000000
0 0000000000000000 0 0000000000000000 1 ffffd58bfffff529000017baffffcb51ffffd6180000208300003987ffffc35e
0 0000000000000000 0 0000000000000000 1 000049c2ffffa992fffff534fffff4f5000002d5ffffc278ffffe2deffffbad6
0 0000000000000000 0 0000000000000000 1 ffffc02bffffca7f00002a65ffffd43ffffffa23ffffc42effffa54fffffe859
0 0000000000000000 0 0000000000000000 1 00005be9ffffec0dffffe2f2fffff2a8000005a2ffffc19dffffc298000014ae
0 0000000000000000 0 0000000000000000 1 ffffe144000034d6ffffeb8bffffdc81ffffeb49000021a3ffffa7bc00003dc5
0 0000000000000000 0 0000000000000000 1 000073bd000018fbffffc50700001725000008ca0000201e000057e5000006f9
0 0000000000000000 0 0000000000000000 1 ffffc435ffffe31f00000d43ffffb827fffffec0ffffe945ffff607a00002105
0 0000000000000000 0 0000000000000000 1 ffffd85b000013e1000072d6fffffdacffffd6e9ffffe681ffffbe2c00001658
0 0000000000000000 0 0000000000000000 0 0000000000000000000000000000000000000000000000000000000000000000
1 93f12908ff2b3a13 0 0000000000000000 0 0000000000000000000000000000000000000000000000000000000000000000
1 ac50e5b34bf2816f 0 0000000000000000 0 0000000000000000000000000000000000000000000000000000000000000000
1 faae68045debf5d6 0 0000000000000000 0 0000000000000000000000000000000000000000000000000000000000000000
1 4fe1b4982b94119d 0 0000000000000000 0 0000000000000000000000000000000000000000000000000000000000000000
1 d0be7e97d45bb626 0 0000000000000000 0 0000000000000000000000000000000000000000000000000000000000000000
1 5d1cd8cffd64a51d 0 0000000000000000 0 0000000000000000000000000000000000000000000000000000000000000000
1 58a82dad29aa05a3 0 0000000000000000 0 0000000000000000000000000000000000000000000000000000000000000000
1 e5dc93fa6799f195 0 0000000000000000 0 0000000000000000000000000000000000000000000000000000000000000000
0 0000000000000000 1 e29da4abcfa35c55 0 0000000000000000000000000000000000000000000000000000000000000000
0 0000000000000000 1 7db2e3017a43b306 0 0000000000000000000000000000000000000000000000000000000000000000
0 0000000000000000 1 77a2c8c072a01565 0 0000000000000000000000000000000000000000000000000000000000000000
0 0000000000000000 1 24b9a697de8cc15f 0 0000000000000000000000000000000000000000000000000000000000000000
0 0000000000000000 1 503bd73209f19bfa 0 0000000000000000000000000000000000000000000000000000000000000000
0 0000000000000000 1 aec381db6060d20d 0 0000000000000000000000000000000000000000000000000000000000000000
0 0000000000000000 1 af42babb05cff85c 0 0000000000000000000000000000000000000000000000000000000000000000
0 0000000000000000 0 0000000000000000 0 0000000000000000000000000000000000000000000000000000000000000000
0 0000000000000000 1 221cab3595ce81f1 0 0000000000000000000000000000000000000000000000000000000000000000
0 0000000000000000 0 0000000000000000 0 0000000000000000000000000000000000000000000000000000000000000000
0 0000000000000000 0 0000000000000000 0 0000000000000000000000000000000000000000000000000000000000000000
0 0000000000000000 0 0000000000000000 0 0000000000000000000000000000000000000000000000000000000000000000
0 0000000000000000 1 8bc10ef1353fc02c 0 0000000000000000000000000000000000000000000000000000000000000000
0 0000000000000000 1 64bc0d1696de5c56 0 0000000000000000000000000000000000000000000000000000000000000000
0 0000000000000000 1 904d161440ff733f 1 0000133fffffe177ffffdbe400004403ffffeddcffffb4ee000054aaffffac0e
0 0000000000000000 1 681c3767ed247703 1 ffffcbb9ffffeaf8000031a8fffff478ffffbe9f000078360000076400001efe
0 0000000000000000 1 3b025df7ea38ac38 1 ffff9e0effffb807000039050000138fffffde6f00000c0e0000436affffd637
0 0000000000000000 1 5f9051382e9f0b88 1 ffffa63c0000159fffffd5bb00007614ffffdc10fffff3270000548afffff840
0 0000000000000000 1 79dfb7712c2ef51c 1 ffffb1bf0000346effffdeaafffffbdefffff68400001a2afffffb0c000039bf
0 0000000000000000 1 2dc396790ae43db4 1 00002e2e00001ea3ffffe352fffff1b1ffffa65600006170ffffcf2600002703
0 0000000000000000 0 0000000000000000 1 ffffd9fd00002750ffffc5a700000c5200001215ffffddf2ffffd5c20000146b
0 0000000000000000 0 0000000000000000 0 0000000000000000000000000000000000000000000000000000000000000000
0 0000000000000000 0 0000000000000000 1 ffffd28200005f73ffff9370000040c4ffffeab2ffffebed00003016000026f9
0 0000000000000000 0 0000000000000000 0 0000000000000000000000000000000000000000000000000000000000000000
0 0000000000000000 0 0000000000000000 0 0000000000000000000000000000000000000000000000000000000000000000
0 0000000000000000 1 e2595a9bd89229fd 0 0000000000000000000000000000000000000000000000000000000000000000
0 0000000000000000 1 024b610bb9bd3fcd 1 000033d7fffff98afffff04e00000787ffffee2c00002438ffffd99bfffff35e
0 0000000000000000 1 ba3e8542df47488a 1 0000104cffffc9f4ffffd2a2000020fc0000380fffff95b3000060c7ffff8658
0 0000000000000000 0 0000000000000000 1 0000309affffd428000001fdffff9cbd00004320ffffb51dffffad38ffffd302
0 0000000000000000 1 f68ae9e091c02a24 1 00002242ffffc41300000a22ffffac1800004430ffffbe19000008feffffb7c7
0 0000000000000000 1 be2471f7fbe6b216 1 ffffd6f400000144fffff78100001e9400002cd5000019b6fffff550000003a8
0 0000000000000000 1 61ecf9be6bae2692 1 fffff042ffffad550000862200000e1effffd05c00000edc000069c1ffffdd8b
0 0000000000000000 1 4c29bbf48739551f 1 fffffd9efffff1d4ffffd845ffffc6b8ffffefb90000067c00001780ffffdefc
0 0000000000000000 1 1b9341fb2afc58fb 1 0000399effffedaefffff309ffffd034ffffc592ffffe33f000041c1ffffd368
0 0000000000000000 0 0000000000000000 0 0000000000000000000000000000000000000000000000000000000000000000
0 0000000000000000 0 0000000000000000 0 0000000000000000000000000000000000000000000000000000000000000000
0 0000000000000000 0 0000000000000000 0 0000000000000000000000000000000000000000000000000000000000000000
0 0000000000000000 1 6c1fae6105b5d146 0 0000000000000000000000000000000000000000000000000000000000000000
0 0000000000000000 1 823cdeaeafa281ec 0 0000000000000000000000000000000000000000000000000000000000000000
0 0000000000000000 1 b3d63c321469525d 1 ffffbc3efffffd9500003a57000026f800003772ffffd391fffff61e00001c9e
0 0000000000000000 1 3746f0eb143eba7c 1 fffff7abfffff369000024ddfffffd4400003d9cffffbb950000085efffff8cd
0 0000000000000000 1 273bba3dab110c2b 1 000065e300003f00ffffcc40ffffb9ccffffd1bc00000664ffffd3ac00002aa7
0 0000000000000000 1 388b55d22dba28c6 0 0000000000000000000000000000000000000000000000000000000000000000
0 0000000000000000 1 4f3864e5d2814df1 1 000029d8ffffe912ffffd66c00005b23fffff8c7ffffb71c00006cafffffa636
0 0000000000000000 1 8e9d3fd46ad8f704 1 ffffe5390000022d00000cbc0000185500002fdefffff2e4ffffe19c00000b1b
0 0000000000000000 0 0000000000000000 1 ffffafdfffffdc2700009963fffffdd1ffffb4880000534d0000213900003ff7
0 0000000000000000 0 0000000000000000 1 00001572000023c4ffffaca90000044600001ed9ffffd77900000d9bfffff00a
0 0000000000000000 0 0000000000000000 1 00002aa7ffff9f540000529bfffff7cdfffffba5fffff9170000305cffffb1ea
0 0000000000000000 0 0000000000000000 0 0000000000000000000000000000000000000000000000000000000000000000
0 0000000000000000 0 0000000000000000 0 0000000000000000000000000000000000000000000000000000000000000000
0 0000000000000000 0 0000000000000000 0 0000000000000000000000000000000000000000000000000000000000000000
0 0000000000000000 0 0000000000000000 1 ffffb3fa00000eb3ffffb808ffffeb4400000fd2ffffc65b00002740ffffe976
0 0000000000000000 0 0000000000000000 1 ffffccf200006806ffffc909000067a8ffffea95fffffe23fffff939000055c7
1 ae1df4129e820f61 0 0000000000000000 1 ffffccf200006806ffffc909000067a8ffffea95fffffe23fffff939000055c7
1 e8ac190e15d199bd 0 0000000000000000 1 ffffccf200006806ffffc909000067a8ffffea95fffffe23fffff939000055c7
1 8ba4a13e2cc38d2d 0 0000000000000000 1 ffffccf200006806ffffc909000067a8ffffea95fffffe23fffff939000055c7
1 20e7ddfa68ac61f5 0 0000000000000000 1 ffffccf200006806ffffc909000067a8ffffea95fffffe23fffff939000055c7
1 888bdaa308cb90a9 0 0000000000000000 1 ffffccf200006806ffffc909000067a8ffffea95fffffe23fffff939000055c7
1 b69ed4657c3ac023 0 0000000000000000 1 ffffccf200006806ffffc909000067a8ffffea95fffffe23fffff939000055c7
1 62f1e61a1e0cc4b8 0 0000000000000000 1 ffffccf200006806ffffc909000067a8ffffea95fffffe23fffff939000055c7
1 77c41420d7c504df 0 0000000000000000 1 ffffccf200006806ffffc909000067a8ffffea95fffffe23fffff939000055c7
0 0000000000000000 1 f0e469406d43c977 1 0000693effffbb2dffffe1e2ffffbdc900004013ffffca82ffffd52effff9519
0 0000000000000000 1 f2974a1cc4fe0a0f 1 ffffcf5900002c06ffffc037fffff4aa00002d7800001489ffffc49300001cc6
0 0000000000000000 1 8d78326c3c61efb0 1 0000367f00000db2ffff8cb6fffff04f00002395ffffc26d000002deffffef59
0 0000000000000000 1 d04f7e31d1eb4d36 1 ffffbe6ffffffae8000062f300002a7affffdcd000001aca00005014ffffddbb
0 0000000000000000 1 34ffe5eb71de59ce 1 ffffb3d8ffffbae2fffff5cc000027b6000021a6ffffb79a00002cdaffffed43
0 0000000000000000 1 401076be320d07b0 1 ffffe1ddffffcef000002173fffff2b50000216f00006263000000d3ffffe018
0 0000000000000000 1 c0c6021a805f21ef 0 0000000000000000000000000000000000000000000000000000000000000000
0 0000000000000000 1 e05f5f6f5eb015d7 0 0000000000000000000000000000000000000000000000000000000000000000
0 0000000000000000 0 0000000000000000 0 0000000000000000000000000000000000000000000000000000000000000000
0 0000000000000000 0 0000000000000000 0 0000000000000000000000000000000000000000000000000000000000000000
0 0000000000000000 0 0000000000000000 0 0000000000000000000000000000000000000000000000000000000000000000
1 5246209233ebf38b 0 0000000000000000 0 0000000000000000000000000000000000000000000000000000000000000000
1 7b67b728ba84f2ba 0 0000000000000000 0 0000000000000000000000000000000000000000000000000000000000000000
1 53fc3ef26c198000 0 0000000000000000 0 0000000000000000000000000000000000000000000000000000000000000000
1 dd7a06ac0102abe9 0 0000000000000000 0 0000000000000000000000000000000000000000000000000000000000000000
1 ffe5999eb301ce1d 0 0000000000000000 0 0000000000000000000000000000000000000000000000000000000000000000
1 d0a175b53e31d8f4 0 0000000000000000 0 0000000000000000000000000000000000000000000000000000000000000000
1 1cef5eb49363e688 0 0000000000000000 0 0000000000000000000000000000000000000000000000000000000000000000
1 b27861e273d2e1dd 0 0000000000000000 0 0000000000000000000000000000000000000000000000000000000000000000
0 0000000000000000 1 0c735f61a5551ff2 0 0000000000000000000000000000000000000000000000000000000000000000
0 0000000000000000 1 fd6cee99ec5050db 0 0000000000000000000000000000000000000000000000000000000000000000
0 0000000000000000 1 790486845c3ca8bc 0 0000000000000000000000000000000000000000000000000000000000000000
0 0000000000000000 1 c9e85e19c370e2d0 1 ffffe284ffff8456ffffc9750000196600003a3bffffb99bffffc1b9fffff538
0 0000000000000000 1 f62662438b178149 1 ffffe8d8fffff633000033b100001ec60000089e0000085400002b6f0000315a
0 0000000000000000 1 179612a898c1a22c 1 ffffd82600002bcfffffbff2000043a50000386dffffdf3fffffabadffffc122
0 0000000000000000 1 3c8c19a2aebbd31c 1 00005e61000023a00000160e0000215c00001ea2ffffabb5ffffc53affffddaa
0 0000000000000000 1 79196dbcbe544adb 1 0000293200000abdffffb5ceffffbbfc000004a9fffff112ffffc302ffffa704
0 0000000000000000 0 0000000000000000 1 000061faffffc69400000c9dffffd5f700003eca0000095effff8bdaffffef15
0 0000000000000000 0 0000000000000000 1 ffffc434ffffc39c00006e3a0000130b0000482700003c3b0000150a00005d64
0 0000000000000000 0 0000000000000000 1 000050710000500cffffa850ffffe500ffffd623ffffda3effffa427ffffbf2c
0 0000000000000000 0 0000000000000000 0 0000000000000000000000000000000000000000000000000000000000000000
0 0000000000000000 1 61cee7066595b80e 0 0000000000000000000000000000000000000000000000000000000000000000
0 0000000000000000 1 0bcc59d7ce390d47 0 0000000000000000000000000000000000000000000000000000000000000000
0 0000000000000000 1 1b6391a95588bef9 1 000044b600003fba00004b87ffffea29000027dfffffefc4ffffac6fffffb772
0 0000000000000000 1 40891a4fb7b4a061 1 00004047ffffc79800001605000011c0ffffc095fffffe3100001935ffffc6a3
0 0000000000000000 1 f1cd8d88ad72c03a 1 00001190ffffaf82ffffa9dcffffe94affffdcd7ffffdd49000055a300000ce7
0 0000000000000000 1 615514c6a4e3aea9 1 fffff47effffba1d000045d900000b9c0000480b00002bbcffffd014000025eb
0 0000000000000000 1 9d1c51b19820fb00 1 fffffdae00005969000033d50000321700009cdaffffbe39ffffce8000001761
0 0000000000000000 1 147e0eeea05bb3b9 1 ffffdad6ffffeea300001e9b00005277000074a1fffff9ce00003b3900003799
0 0000000000000000 0 0000000000000000 1 fffff03fffffe6ea000027f900002f4100005d8b00001103000031fc000017f4
0 0000000000000000 0 0000000000000000 1 00006348ffffda9100006ee6ffffcf4a0000370e0000272affffd54cffff9eee
0 0000000000000000 0 0000000000000000 0 0000000000000000000000000000000000000000000000000000000000000000
0 0000000000000000 0 0000000000000000 0 0000000000000000000000000000000000000000000000000000000000000000
0 0000000000000000 1 1d1522ba3cf52e7d 0 0000000000000000000000000000000000000000000000000000000000000000
0 0000000000000000 0 0000000000000000 0 0000000000000000000000000000000000000000000000000000000000000000
0 0000000000000000 0 0000000000000000 1 000005a60000320effffa5ccffffda5300000320ffffdb6c00000aed00001118
0 0000000000000000 1 036e5efb0c53fe3f 1 ffffee4cffffe9b2000072a4fffff1ff00006d00000023a4ffffda57fffff4bd
0 0000000000000000 0 0000000000000000 1 0000313400002c28ffff564b00003d84ffff9d78ffff93690000574d00000f8e
0 0000000000000000 0 0000000000000000 1 ffffbf6f00005e9c00002e39fffff9e800009091fffff229fffff42a00001739
0 0000000000000000 0 0000000000000000 1 ffffa017ffffade0000041fa000036b8000043da00000017000062c5000026e8
0 0000000000000000 0 0000000000000000 1 00006da9000011e6ffffd00f000043cb000014c6ffffba620000290cffffeae8
0 0000000000000000 1 38d903a887c1c5e8 1 00000caaffffc8b50000340a0000645400002fa5000005a30000050c000021c0
0 0000000000000000 0 0000000000000000 1 00004678fffffb8efffffa940000398100001b2cffffc29400000c05fffff4af
0 0000000000000000 1 b519b1d96c4ce304 0 0000000000000000000000000000000000000000000000000000000000000000
0 0000000000000000 0 0000000000000000 0 0000000000000000000000000000000000000000000000000000000000000000
0 0000000000000000 1 594848e1965673de 0 0000000000000000000000000000000000000000000000000000000000000000
0 0000000000000000 0 0000000000000000 0 0000000000000000000000000000000000000000000000000000000000000000
0 0000000000000000 0 0000000000000000 1 000008bf000023c800002751ffffdbe100001df6ffffefaeffffe5d0ffffd3f4
0 0000000000000000 1 47e04a4c4e123fe4 0 0000000000000000000000000000000000000000000000000000000000000000
0 0000000000000000 0 0000000000000000 0 0000000000000000000000000000000000000000000000000000000000000000
0 0000000000000000 1 d8a6fba9926e2cc8 1 000031f3000026d300002fe6ffffe8b3000037cdffffd774ffffb5c1ffffd6cb
0 0000000000000000 1 de3c1f2a736b0938 0 0000000000000000000000000000000000000000000000000000000000000000
0 0000000000000000 1 fb014ef4b0804061 0 0000000000000000000000000000000000000000000000000000000000000000
0 0000000000000000 1 1265feae566cb28c 0 0000000000000000000000000000000000000000000000000000000000000000
0 0000000000000000 1 ca788abf903e9ded 0 0000000000000000000000000000000000000000000000000000000000000000
0 0000000000000000 0 0000000000000000 1 00001959fffff272000005eb000053a900003a38ffffeede0000456200000d29
0 0000000000000000 1 e1d24c31086ccf4c 0 0000000000000000000000000000000000000000000000000000000000000000
0 0000000000000000 0 0000000000000000 1 ffffcca5ffffc068ffffc999fffffdc8ffffc8cffffff50f00001862000034aa
0 0000000000000000 0 0000000000000000 0 0000000000000000000000000000000000000000000000000000000000000000
0 0000000000000000 1 3e982614e35e2bae 1 000061e9fffff9190000769affffdc78000010c500001f3effffdd8affff8520
0 0000000000000000 0 0000000000000000 0 0000000000000000000000000000000000000000000000000000000000000000
0 0000000000000000 1 645c0c05022a93b4 0 0000000000000000000000000000000000000000000000000000000000000000
0 0000000000000000 1 ffbad9b8226f6c66 1 000020b60000096300001b12ffff8cf4fffffbe8000032a4ffffaadbffffcfc3
0 0000000000000000 1 2ae02b7cebc5ebc1 0 0000000000000000000000000000000000000000000000000000000000000000
0 0000000000000000 0 0000000000000000 1 ffffd3e6ffff6d1400006ae20000235400001e0700005d6900002cf30000141f
0 0000000000000000 0 0000000000000000 1 fffff1a80000083100000e4affffb3e7000002b6fffff76effffb220fffff77f
0 0000000000000000 0 0000000000000000 1 00001b9100005941000033a4000027bc000028fafffff5f5ffffee90ffffd4c4
0 0000000000000000 0 0000000000000000 1 00004715ffffa42bffffa93500000740ffffd432ffffd87400000a1600001ca0
0 0000000000000000 0 0000000000000000 1 fffffac3fffff6dbffffd6c700007e10fffff4b7ffffa6d50000654e00001f1e
0 0000000000000000 0 0000000000000000 0 0000000000000000000000000000000000000000000000000000000000000000
1 5c8e4cf81d299a17 0 0000000000000000 0 0000000000000000000000000000000000000000000000000000000000000000
1 b4416f33fe72810d 0 0000000000000000 0 0000000000000000000000000000000000000000000000000000000000000000
1 57971b70bb8c5d7e 0 0000000000000000 0 0000000000000000000000000000000000000000000000000000000000000000
1 b44fb27bb5407fa1 0 0000000000000000 0 0000000000000000000000000000000000000000000000000000000000000000
1 510544862141b23f 0 0000000000000000 0 0000000000000000000000000000000000000000000000000000000000000000
1 7c7a589cb08d862b 0 0000000000000000 0 0000000000000000000000000000000000000000000000000000000000000000
1 f1e75c9325849d4a 0 0000000000000000 0 0000000000000000000000000000000000000000000000000000000000000000
1 547b1c2df95299c6 0 0000000000000000 0 0000000000000000000000000000000000000000000000000000000000000000
0 0000000000000000 1 cb8714971b74ca6b 1 ffffbfe7fffff923000055beffffd4d600007569000014baffffb72800001ec4
0 0000000000000000 1 43f906d48ffd9e24 0 0000000000000000000000000000000000000000000000000000000000000000
0 0000000000000000 1 314560feb3c826f3 0 0000000000000000000000000000000000000000000000000000000000000000
0 0000000000000000 1 7c0a893d13d965ce 1 0000484fffff7ad000001655ffffd1940000213e00006266ffffe570ffffedab
0 0000000000000000 1 2827a04b80d3be9a 0 0000000000000000000000000000000000000000000000000000000000000000
0 0000000000000000 1 6bbe941bc442cfa4 1 00002b6effffbb84000012e400002f0200002588ffffd037fffffb8dfffff46f
0 0000000000000000 1 80f51dceeebd79c9 1 000037a9000046a700007d3effff64e100001b280000091d00000054ffffd825
0 0000000000000000 1 dec22760ddb1049b 1 ffffcbbbffffc1cbffffa3e800006f9dffffb9c2ffffddc9ffffd78d0000143a
0 0000000000000000 0 0000000000000000 0 0000000000000000000000000000000000000000000000000000000000000000
0 0000000000000000 0 0000000000000000 0 0000000000000000000000000000000000000000000000000000000000000000
0 0000000000000000 0 0000000000000000 0 0000000000000000000000000000000000000000000000000000000000000000
0 0000000000000000 0 0000000000000000 0 0000000000000000000000000000000000000000000000000000000000000000
1 a066bcad421b76e0 0 0000000000000000 0 0000000000000000000000000000000000000000000000000000000000000000
1 1063265fedbc1510 0 0000000000000000 0 0000000000000000000000000000000000000000000000000000000000000000
1 5615a245c1396831 0 0000000000000000 0 0000000000000000000000000000000000000000000000000000000000000000
1 5ffbe62e4b8fbb66 0 0000000000000000 0 0000000000000000000000000000000000000000000000000000000000000000
1 519a68fec0aa4dae 0 0000000000000000 0 0000000000000000000000000000000000000000000000000000000000000000
1 83a5ead2dc4d32af 0 0000000000000000 0 0000000000000000000000000000000000000000000000000000000000000000
1 b662d16e10b2251c 0 0000000000000000 0 0000000000000000000000000000000000000000000000000000000000000000
1 831ce7be8afccd3e 0 0000000000000000 0 0000000000000000000000000000000000000000000000000000000000000000
0 0000000000000000 0 0000000000000000 0 0000000000000000000000000000000000000000000000000000000000000000
0 0000000000000000 1 d0f6b44a047d035a 0 0000000000000000000000000000000000000000000000000000000000000000
0 0000000000000000 1 bf402f437683e15d 1 00009935000003fa0000230fffffaf79ffffe8d0ffffad7effffcea50000182e
0 0000000000000000 1 2613c1521dcf48ab 1 ffffc47900002222ffffbce000003d72fffff6240000198d00001067ffffd826
0 0000000000000000 1 8802d8c774136f64 1 ffffd77700000ff9ffffbf1e00005add0000003affffe99c000014d000002979
0 0000000000000000 0 0000000000000000 1 ffffc384ffffee4700001c84ffffab2100004c0800002c1cffffb685ffffe117
0 0000000000000000 0 0000000000000000 1 ffffce1a00002e1dffffb07400004ddbffffffe200002b1f0000806effff9777
0 0000000000000000 1 8a5aed3f7e0c8c53 1 ffffc15dffffc935ffffc4faffff97f00000220cffffd8e700003cdcffffb319
0 0000000000000000 1 401ef1adafe4526f 1 0000396600001365fffffd03fffff33efffff676ffffdf40ffffc3d300004fe5
0 0000000000000000 1 b7473b5d683e54e7 1 00008543fffffc50ffffe97500000e3600002590fffff8260000389dffffe65f
0 0000000000000000 1 56335364ba1da3f3 0 0000000000000000000000000000000000000000000000000000000000000000
0 0000000000000000 0 0000000000000000 0 0000000000000000000000000000000000000000000000000000000000000000
0 0000000000000000 1 f9eea818319cd19b 0 0000000000000000000000000000000000000000000000000000000000000000
0 0000000000000000 1 d8a195a75162187f 0 0000000000000000000000000000000000000000000000000000000000000000
0 0000000000000000 1 c8a2391ace42afea 0 0000000000000000000000000000000000000000000000000000000000000000
0 0000000000000000 1 2679a896bff25b26 1 ffffaab9ffffbe4b00000d33ffffd842ffffe0e0ffffedf1ffffbe5b0000019b
0 0000000000000000 1 df08f7643e0e4e91 1 000082f3fffffd1f000039fe000035c6ffffb9d4ffff8fcaffffdc65000044b4
0 0000000000000000 1 a149c43168d1dc6f 1 000031ff000027d90000129b000035ea00005b3cffff9fa6fffffddf00000a8e
0 0000000000000000 1 442bb3f80c391be1 1 ffffd50cffffcf40000043ff00002438ffff933bffffbe6effffeab0ffffe9f3
0 0000000000000000 1 1a3e5c63848623f6 0 0000000000000000000000000000000000000000000000000000000000000000
0 0000000000000000 0 0000000000000000 0 0000000000000000000000000000000000000000000000000000000000000000
0 0000000000000000 0 0000000000000000 1 00005de2ffff973400006ca100000379ffffa356ffffb6f0ffffbf3c00000519
0 0000000000000000 0 0000000000000000 1 ffff6c2d00007b40ffffc8ffffffefb5ffffe3cc000018260000082500001c97
0 0000000000000000 1 5eea7e21468f85aa 1 00004cb4ffffdf57000016c300007137ffffe2b1ffffa00900001f9700000c1d
0 0000000000000000 1 807127ef70927aeb 1 000020da00002767ffffbb82fffff61c000028dc00001ea40000185900003018
0 0000000000000000 1 de7b11e962c61504 0 0000000000000000000000000000000000000000000000000000000000000000
0 0000000000000000 1 3217b18b2f4b1fe5 1 00006c14ffffe18c00004c0effffff9d000049a6ffffc737ffffd99dffffead0
0 0000000000000000 1 cb3fbb1253d8cbe2 1 ffff68ebffff984100003487ffff9436ffffa1ed00001d72ffffe7f6ffffaf8d
0 0000000000000000 1 2f11680a53001bb1 1 00001e08ffffa48dffffe063ffffdab5fffffa6d000051f3ffffe52700000357
0 0000000000000000 1 5ce524f529f18602 1 ffff79d300007ea70000055300001625fffffdcffffff45e0000038ffffff424
0 0000000000000000 1 c60b86101e8c2f06 1 00005b65ffffe74b0000179b0000585800003cfbffffa59a0000099b0000001b
0 0000000000000000 0 0000000000000000 1 00003247ffffd62100005f2f00000e12ffffb668ffff97c3ffffaf6700001cfb
0 0000000000000000 0 0000000000000000 1 ffffbba60000137700000f74ffffecfa000023e8fffff38200001e91ffffcdd4
0 0000000000000000 1 287f73dc06572f95 1 00004cdf00009107ffffa91f000061ac00003f6bffffd583ffffe5b000008968
0 0000000000000000 1 91fefef8b204fdc4 0 0000000000000000000000000000000000000000000000000000000000000000
0 0000000000000000 1 9d3f7f337dc2f9e4 0 0000000000000000000000000000000000000000000000000000000000000000
0 0000000000000000 1 952f97e07359f6e2 0 0000000000000000000000000000000000000000000000000000000000000000
0 0000000000000000 1 b1d9cc78bc320cab 1 0000acd2fffffa6cfffff747fffff654000022df00000a900000522800000331
0 0000000000000000 1 a8702bef1bc040cc 1 00007dfe0000231d000048c90000a79effffcccfffff791e000004b700001ef1
0 0000000000000000 1 7a7b8a30ea4b2d75 1 000044eb000019e900003fef00004ac4ffffd24fffffb0da00001be9fffffc41
0 0000000000000000 1 cc2cb3f26bbce5e6 1 ffff9734fffff4260000289effffd472fffff46f00001ef700003f05ffff9384
0 0000000000000000 0 0000000000000000 1 00005313ffffd2d0000060c1000010b3ffffff4effffbb12ffffdb53ffffe989
0 0000000000000000 0 0000000000000000 1 00004f1e00000243fffff350000034380000058bfffff04f00006b38ffffe850
0 0000000000000000 0 0000000000000000 1 00001a69ffffe3e5ffffff9affffad51fffffcf40000309a00003127ffffe013
0 0000000000000000 0 0000000000000000 1 00002502000012c1000049270000202300001bedffff995affffa842000018a6
0 0000000000000000 0 0000000000000000 0 0000000000000000000000000000000000000000000000000000000000000000
0 0000000000000000 0 0000000000000000 0 0000000000000000000000000000000000000000000000000000000000000000
0 0000000000000000 0 0000000000000000 1 0000104a00003029ffffde7000005aca000000900000177c0000842fffffd862
0 0000000000000000 0 0000000000000000 1 00002964ffffe8f00000051d00002f57000010160000152bffffc2db0000130a
0 0000000000000000 0 0000000000000000 1 0000bc2cffffd8d500002bf70000713fffffc76dffffb08500001b70000020f9
0 0000000000000000 0 0000000000000000 1 00000662ffff8afd0000790a000004a1ffffd554ffffd6a1ffffe902ffffa61c
0 0000000000000000 0 0000000000000000 1 00002e5bffffcf73fffffc470000254e00005061ffffe509ffffaae600001ffc
0 0000000000000000 0 0000000000000000 1 00005ed200002aea000023bc000082d3ffffefa8ffffbb0a000005e800001977
0 0000000000000000 0 0000000000000000 1 ffff5264000061b0fffff53cffffd6c700000943ffffcb25fffffcad0000058d
0 0000000000000000 0 0000000000000000 1 00004ebfffffd69d00006ad900001067fffff749ffffb419ffffe450ffffdeed
0 0000000000000000 0 0000000000000000 0 0000000000000000000000000000000000000000000000000000000000000000
0 0000000000000000 0 0000000000000000 0 0000000000000000000000000000000000000000000000000000000000000000
0 0000000000000000 0 0000000000000000 0 0000000000000000000000000000000000000000000000000000000000000000
0 0000000000000000 0 0000000000000000 0 0000000000000000000000000000000000000000000000000000000000000000
0 0000000000000000 0 0000000000000000 0 0000000000000000000000000000000000000000000000000000000000000000
1 ddb23a6bbbfaab08 0 0000000000000000 0 0000000000000000000000000000000000000000000000000000000000000000
1 0e57c34ecad97b7c 0 0000000000000000 0 0000000000000000000000000000000000000000000000000000000000000000
1 c54f957fb59d565e 0 0000000000000000 0 0000000000000000000000000000000000000000000000000000000000000000
1 81395379c30a8ecb 0 0000000000000000 0 0000000000000000000000000000000000000000000000000000000000000000
1 fcebea6cc50a950a 0 0000000000000000 0 0000000000000000000000000000000000000000000000000000000000000000
1 528e0c01607988c0 0 0000000000000000 0 0000000000000000000000000000000000000000000000000000000000000000
1 96aaa0e05930e8a8 0 0000000000000000 0 0000000000000000000000000000000000000000000000000000000000000000
1 da7ae08c1a2f0a71 0 0000000000000000 0 0000000000000000000000000000000000000000000000000000000000000000
0 0000000000000000 0 0000000000000000 0 0000000000000000000000000000000000000000000000000000000000000000
0 0000000000000000 1 bff420f628af88c6 0 0000000000000000000000000000000000000000000000000000000000000000
0 0000000000000000 1 ec7774af91dc5698 0 0000000000000000000000000000000000000000000000000000000000000000
0 0000000000000000 0 0000000000000000 0 0000000000000000000000000000000000000000000000000000000000000000
0 0000000000000000 1 95d5706dc9e91a50 0 0000000000000000000000000000000000000000000000000000000000000000
0 0000000000000000 1 bcb661ebbc2bea30 0 0000000000000000000000000000000000000000000000000000000000000000
0 0000000000000000 1 9b577c830998cb2b 0 0000000000000000000000000000000000000000000000000000000000000000
0 0000000000000000 1 39fa5da2575a28c2 0 0000000000000000000000000000000000000000000000000000000000000000
0 0000000000000000 1 61ae183e055acb48 0 0000000000000000000000000000000000000000000000000000000000000000
0 0000000000000000 1 bdd9657d4aba2588 0 0000000000000000000000000000000000000000000000000000000000000000
0 0000000000000000 0 0000000000000000 0 0000000000000000000000000000000000000000000000000000000000000000
0 0000000000000000 0 0000000000000000 0 0000000000000000000000000000000000000000000000000000000000000000
0 0000000000000000 0 0000000000000000 0 0000000000000000000000000000000000000000000000000000000000000000
0 0000000000000000 0 0000000000000000 0 0000000000000000000000000000000000000000000000000000000000000000
0 0000000000000000 0 0000000000000000 0 0000000000000000000000000000000000000000000000000000000000000000
0 0000000000000000 1 f7bb4663700265fb 1 0000258b000044d6000010880000262affffb5dbffffb0b700003d4100002b70
0 0000000000000000 1 599eca6b32ba3bdf 1 fffff8b900000afbffff88f800002491fffffd06ffffa5ff0000be0000002d93
0 0000000000000000 1 5784b3c27263a3ee 0 0000000000000000000000000000000000000000000000000000000000000000
0 0000000000000000 1 26ef2f61f5beff51 1 ffff9f3e000078f7ffffd66efffff27700000057ffffe88c000026690000185d
0 0000000000000000 1 b88927a129dd61ae 1 00000a2200002586ffffdcfcffffc3b50000278cfffffce40000292a00001157
0 0000000000000000 1 24bf65912fd95200 1 0000221c00009aa5ffff80e2ffffe942ffffcb32ffff8d6e0000e04b0000adf2
0 0000000000000000 1 640d0208cc1cd7e9 1 00002530ffff9a2affffbe7d000053da0000025d000001ffffffde92fffff844
0 0000000000000000 1 63e2d4ec600616cf 1 fffff1f9ffffe76b000042400000213bfffff6d500003160ffff805afffff2fc
0 0000000000000000 0 0000000000000000 1 ffff9ca7000015a5ffffefe9000095ffffffb448ffffb80cffffe780ffffc8ed
0 0000000000000000 0 0000000000000000 0 0000000000000000000000000000000000000000000000000000000000000000
0 0000000000000000 0 0000000000000000 0 0000000000000000000000000000000000000000000000000000000000000000
0 0000000000000000 0 0000000000000000 0 0000000000000000000000000000000000000000000000000000000000000000
0 0000000000000000 0 0000000000000000 0 0000000000000000000000000000000000000000000000000000000000000000
0 0000000000000000 0 0000000000000000 0 0000000000000000000000000000000000000000000000000000000000000000
0 0000000000000000 0 0000000000000000 1 ffff9206ffffe88cffffe27600005da2ffffee6d00000adcffff93daffffc274
0 0000000000000000 0 0000000000000000 1 ffff9b1affffc24300004b3300003b86ffffde6500000bc7ffff76abffff99f0
0 0000000000000000 0 0000000000000000 1 000064f0ffff770300005d4fffffff57000010bb00004ab6ffff533dffffbaf2
0 0000000000000000 0 0000000000000000 1 ffff9e58000057fa00000c9100002664ffffc620ffffe25ffffff69a00002a4c
0 0000000000000000 0 0000000000000000 1 000001a2ffffa8f0ffffbda7ffffce4900003a8afffff5370000091cffffaae9
0 0000000000000000 0 0000000000000000 1 ffffe822ffffd75cffffa4d30000024f000003ebffffdc7100001f2000000d1b
0 0000000000000000 0 0000000000000000 1 00000cc8ffffe2f500002d5900002c40ffffe5b5fffffa82ffffedb500000369
0 0000000000000000 0 0000000000000000 1 00000379ffff9c5200001f6400003cefffffec1900001433ffff9bedffffcd9b
0 0000000000000000 0 0000000000000000 0 0000000000000000000000000000000000000000000000000000000000000000
1 5fdf3343ab96f7ac 0 0000000000000000 0 0000000000000000000000000000000000000000000000000000000000000000
1 0b0c1025e5b31836 0 0000000000000000 0 0000000000000000000000000000000000000000000000000000000000000000
1 4bbc031c97682e7a 0 0000000000000000 0 0000000000000000000000000000000000000000000000000000000000000000
1 fbe25ca804d48b96 0 0000000000000000 0 0000000000000000000000000000000000000000000000000000000000000000
1 ba9b310f15ff277f 0 0000000000000000 0 0000000000000000000000000000000000000000000000000000000000000000
1 17b7ecae05a3df5d 0 0000000000000000 0 0000000000000000000000000000000000000000000000000000000000000000
1 81072cdac6e96b38 0 0000000000000000 0 0000000000000000000000000000000000000000000000000000000000000000
1 c1c50b43e92ada00 0 0000000000000000 0 0000000000000000000000000000000000000000000000000000000000000000
0 0000000000000000 1 8fd9b8db17d4fe09 0 0000000000000000000000000000000000000000000000000000000000000000
0 0000000000000000 0 0000000000000000 0 0000000000000000000000000000000000000000000000000000000000000000
0 0000000000000000 1 95d46f56c5733cfb 0 0000000000000000000000000000000000000000000000000000000000000000
0 0000000000000000 1 de9e8dc92289ac3e 0 0000000000000000000000000000000000000000000000000000000000000000
0 0000000000000000 1 17cf51d0b7161bc1 0 0000000000000000000000000000000000000000000000000000000000000000
0 0000000000000000 1 dc4e64d465c4d923 0 0000000000000000000000000000000000000000000000000000000000000000
0 0000000000000000 1 3d4efa25c5451bc0 0 0000000000000000000000000000000000000000000000000000000000000000
0 0000000000000000 1 cdb102bcb06928ac 0 0000000000000000000000000000000000000000000000000000000000000000
0 0000000000000000 1 57dcb3b289502428 0 0000000000000000000000000000000000000000000000000000000000000000
0 0000000000000000 1 4e349c21b3241b2d 0 0000000000000000000000000000000000000000000000000000000000000000
0 0000000000000000 1 ab1ca4c60c663936 0 0000000000000000000000000000000000000000000000000000000000000000
0 0000000000000000 1 ae52dc1094945ce3 0 0000000000000000000000000000000000000000000000000000000000000000
0 0000000000000000 1 9af98062c7b4ffc4 0 0000000000000000000000000000000000000000000000000000000000000000
0 0000000000000000 1 4bd0cc41cef985f3 0 0000000000000000000000000000000000000000000000000000000000000000
0 0000000000000000 1 91791b21f6820e75 1 ffffb48e0000258bffffe0cbfffff3ba000047420000352e00000b4b000004d9
0 0000000000000000 1 7a8329c266c05f3a 0 0000000000000000000000000000000000000000000000000000000000000000
0 0000000000000000 1 7c8e3e4b742c84cc 1 fffff32cffffdd72fffffdf6ffff99b5ffffec3f00002818ffffee49000044c0
0 0000000000000000 0 0000000000000000 1 ffffd4fb000028b7ffffe20500003412000051dc0000431bffffe4b0ffffa9b7
0 0000000000000000 0 0000000000000000 1 00003725000010a2ffffe376fffff87affffd58b000019e7000025c500001247
0 0000000000000000 0 0000000000000000 1 fffffde0ffffd305000001e200004400ffffe6d40000464800003048000071eb
0 0000000000000000 0 0000000000000000 1 0000303200000c2400000f76ffffdf8cffffe2b3ffffa0b9fffff615ffffebf6
0 0000000000000000 1 53a65cef79311d63 1 00000bbb00002062ffffc43dffffbc960000115b0000022c00001d4a00002463
0 0000000000000000 1 fbf1faea58c030bf 1 000015ba00002098ffffdd070000087cfffff153ffffbba9fffffc0cffffc15d
0 0000000000000000 1 879c120c4d8b2ef1 1 0000010f0000198f00001280fffffd60fffffa60ffff99f2ffffd551ffffa0d7
0 0000000000000000 1 6d6871d619471956 1 ffffa428fffffeccffffe157ffffdd6100002f4fffffde010000141400004572
0 0000000000000000 1 8edf256eb1944d12 1 ffffc78f000068b5fffffc73fffff3f9000004630000128c00002504ffffcbbc
0 0000000000000000 1 8328b83d0af6d97a 1 ffffca7400005d4c0000053dffffba0e00005818fffff993ffffc8beffff824f
0 0000000000000000 1 1c28292db9463234 1 0000568700000fa2000003f8fffffed400001b4dffffdabeffff999effff7351
0 0000000000000000 1 b5f0206ca08bdac8 1 ffffb6f30000163c00000cfd0000305dfffffc9200004e9d0000083800000d7a
0 0000000000000000 0 0000000000000000 1 ffffd615ffffc6070000260900004337ffffbf460000263a00004a9500001af2
0 0000000000000000 0 0000000000000000 1 0000685dffff9fb20000287afffffa7afffff5bcffffed6affffb9b5ffffec2a
0 0000000000000000 0 0000000000000000 0 0000000000000000000000000000000000000000000000000000000000000000
0 0000000000000000 0 0000000000000000 0 0000000000000000000000000000000000000000000000000000000000000000
0 0000000000000000 0 0000000000000000 0 0000000000000000000000000000000000000000000000000000000000000000
0 0000000000000000 0 0000000000000000 0 0000000000000000000000000000000000000000000000000000000000000000
1 eb66b6fbf9065c9e 0 0000000000000000 0 0000000000000000000000000000000000000000000000000000000000000000
1 89233a8d82d96202 0 0000000000000000 0 0000000000000000000000000000000000000000000000000000000000000000
1 c1c3af81e25b1752 0 0000000000000000 0 0000000000000000000000000000000000000000000000000000000000000000
1 51de2f60ca9d8cab 0 0000000000000000 0 0000000000000000000000000000000000000000000000000000000000000000
1 e55100722e0cdbf8 0 0000000000000000 0 0000000000000000000000000000000000000000000000000000000000000000
1 666aa7c9b23202a4 0 0000000000000000 0 0000000000000000000000000000000000000000000000000000000000000000
1 2db06af99e993c88 0 0000000000000000 0 0000000000000000000000000000000000000000000000000000000000000000
1 02178c5531890343 0 0000000000000000 0 0000000000000000000000000000000000000000000000000000000000000000
0 0000000000000000 0 0000000000000000 1 ffffcd2dffff86e7000022730000259fffffc35a00001c5d0000167d000058d6
0 0000000000000000 0 0000000000000000 1 ffffe06d0000014d00001164000004f30000064b00000fdb00003b1d000023a2
0 0000000000000000 1 26b960b2f2f5b7f5 1 0000010dffffc3a100004064ffffeef50000267c0000790a000028e500001bfa
0 0000000000000000 0 0000000000000000 1 ffff7b98fffff266fffff18400002538ffff97e2ffffdaaf000025c200006514
0 0000000000000000 1 25d0714dd373215e 1 00000664fffff29000003ca000000688ffffdd7d000058d5fffff4b0ffffc4f3
0 0000000000000000 1 b57c67b1b3de6542 1 00000cf7ffffc58d00005069000028bb00000cb7ffffe46bffffbfbbffffeeae
0 0000000000000000 1 717153aac13dfba5 1 00000ea1fffffcc80000019effffd5a0ffffd2fdffffee5ffffff9f40000014d
0 0000000000000000 1 b0136ddf7e58c641 1 fffffc47ffff93ec00003b7f000012fdfffff2e000001e99ffffac33ffff996d
0 0000000000000000 1 4864fef9f23e28d1 0 0000000000000000000000000000000000000000000000000000000000000000
0 0000000000000000 1 a12930f4e8c95f7d 0 0000000000000000000000000000000000000000000000000000000000000000
0 0000000000000000 1 806f6cdc73bc1ca4 0 0000000000000000000000000000000000000000000000000000000000000000
0 0000000000000000 0 0000000000000000 0 0000000000000000000000000000000000000000000000000000000000000000
0 0000000000000000 0 0000000000000000 0 0000000000000000000000000000000000000000000000000000000000000000
0 0000000000000000 0 0000000000000000 0 0000000000000000000000000000000000000000000000000000000000000000
0 0000000000000000 0 0000000000000000 0 0000000000000000000000000000000000000000000000000000000000000000
0 0000000000000000 0 0000000000000000 0 0000000000000000000000000000000000000000000000000000000000000000
0 0000000000000000 0 0000000000000000 1 ffffddc2000005c2ffffa2d1ffffccc0000041c900006bad00000f2500004d47
0 0000000000000000 0 0000000000000000 0 0000000000000000000000000000000000000000000000000000000000000000
1 7ec15e319e482e26 0 0000000000000000 0 0000000000000000000000000000000000000000000000000000000000000000
1 d9f3f7daaa84d454 0 0000000000000000 0 0000000000000000000000000000000000000000000000000000000000000000
1 8026bdf14af8af47 0 0000000000000000 0 0000000000000000000000000000000000000000000000000000000000000000
1 8609bdae75b95582 0 0000000000000000 0 0000000000000000000000000000000000000000000000000000000000000000
1 62a5a289322e138a 0 0000000000000000 0 0000000000000000000000000000000000000000000000000000000000000000
1 6f08206dd092c867 0 0000000000000000 0 0000000000000000000000000000000000000000000000000000000000000000
1 88366057478cb787 0 0000000000000000 0 0000000000000000000000000000000000000000000000000000000000000000
1 19929d24ff82e706 0 0000000000000000 0 0000000000000000000000000000000000000000000000000000000000000000
0 0000000000000000 1 66e9532ce7831be5 1 00005e2e0000028affff8fe7ffffeb38ffffd35dffffedf3fffff26cffffdd4d
0 0000000000000000 1 4550f5462d951ef6 1 ffffa2b2ffffd54900001a6affff7135ffffac1bffffdcf3000064e000004975
0 0000000000000000 1 9878bf1fb6b1aea7 1 ffffff0dffffd4cf00002b00ffff3a5effffa04c00006578000089a3ffffe357
0 0000000000000000 1 4a57f4c092e990ac 1 ffffbb0b00008b8effff6559ffffe2130000117f00003ef4ffffe4ea00005548
0 0000000000000000 1 65d86a2dcc3009fa 1 0000328cffffed2e00002677ffffd90dffff8737000005a800004e7bffffb202
0 0000000000000000 1 1a76f4ef1a9e6e07 1 ffffa95bfffffb4dffffd4120000087400001381ffff888b00001213000040bf
0 0000000000000000 1 8ac3f1b9a5c0803b 1 ffff8bf1ffffec9cffffdcf3fffffebc00003f94fffff228000021d70000500e
0 0000000000000000 1 e9433b0483d27dd2 0 0000000000000000000000000000000000000000000000000000000000000000
0 0000000000000000 0 0000000000000000 0 0000000000000000000000000000000000000000000000000000000000000000
0 0000000000000000 0 0000000000000000 0 0000000000000000000000000000000000000000000000000000000000000000
0 0000000000000000 0 0000000000000000 0 0000000000000000000000000000000000000000000000000000000000000000
0 0000000000000000 0 0000000000000000 0 0000000000000000000000000000000000000000000000000000000000000000
0 0000000000000000 0 0000000000000000 0 0000000000000000000000000000000000000000000000000000000000000000
0 0000000000000000 0 0000000000000000 0 0000000000000000000000000000000000000000000000000000000000000000
0 0000000000000000 0 0000000000000000 1 ffffa82d00000c3600001325ffffdfc2000026ee00004b4e00001f0effffd4cb
0 0000000000000000 0 0000000000000000 1 ffffcdb5ffffe312fffff84dffffb1de00000cbc000006fa00002c8affffb0c8
0 0000000000000000 0 0000000000000000 1 ffffab6c000037b9fffff375ffffac8affffe4d8000007ab0000236900001da6
0 0000000000000000 0 0000000000000000 1 000033e2000018310000480100000debffff75d200004f02000011e60000a01f
0 0000000000000000 0 0000000000000000 1 ffffe976000012f400001dc30000337800000958000000e5fffff61600003001
0 0000000000000000 0 0000000000000000 1 ffffb581fffff91f00001dbcffffea2afffff91affffccbdffffe5dcffffc860
0 0000000000000000 0 0000000000000000 1 fffffbba00000569ffffbfecfffff5f0fffff360000038a10000087000004755
0 0000000000000000 0 0000000000000000 1 ffff482f0000644900004d86000037720000183dffffb16effffc0a500000bea
0 0000000000000000 0 0000000000000000 0 0000000000000000000000000000000000000000000000000000000000000000
0 0000000000000000 0 0000000000000000 0 0000000000000000000000000000000000000000000000000000000000000000
1 89a0f0ac233370a7 0 0000000000000000 0 0000000000000000000000000000000000000000000000000000000000000000
1 48cbdefbe9d67ceb 0 0000000000000000 0 0000000000000000000000000000000000000000000000000000000000000000
1 c8cc0ec5d3de59b3 0 0000000000000000 0 0000000000000000000000000000000000000000000000000000000000000000
1 524301f755bb4f05 0 0000000000000000 0 0000000000000000000000000000000000000000000000000000000000000000
1 e50e43e6bb3163d7 0 0000000000000000 0 0000000000000000000000000000000000000000000000000000000000000000
1 bba618e488a341e1 0 0000000000000000 0 0000000000000000000000000000000000000000000000000000000000000000
1 de2382bc68bec577 0 0000000000000000 0 0000000000000000000000000000000000000000000000000000000000000000
1 e96a71a9f7817c1e 0 0000000000000000 0 0000000000000000000000000000000000000000000000000000000000000000
0 0000000000000000 1 3f2e57fb3db5a9b0 0 0000000000000000000000000000000000000000000000000000000000000000
0 0000000000000000 1 d4eee81996d3584a 0 0000000000000000000000000000000000000000000000000000000000000000
0 0000000000000000 0 0000000000000000 0 0000000000000000000000000000000000000000000000000000000000000000
0 0000000000000000 1 7aa4f1705cf6614b 0 0000000000000000000000000000000000000000000000000000000000000000
0 0000000000000000 1 967d075f1a09535a 0 0000000000000000000000000000000000000000000000000000000000000000
0 0000000000000000 1 181dd3708d377e64 0 0000000000000000000000000000000000000000000000000000000000000000
0 0000000000000000 1 6360d7a4a6777ab5 0 0000000000000000000000000000000000000000000000000000000000000000
0 0000000000000000 0 0000000000000000 0 0000000000000000000000000000000000000000000000000000000000000000
0 0000000000000000 1 896ac4462d0d7432 0 0000000000000000000000000000000000000000000000000000000000000000
0 0000000000000000 1 53242334cc103bac 0 0000000000000000000000000000000000000000000000000000000000000000
0 0000000000000000 0 0000000000000000 0 0000000000000000000000000000000000000000000000000000000000000000
0 0000000000000000 0 0000000000000000 0 0000000000000000000000000000000000000000000000000000000000000000
0 0000000000000000 0 0000000000000000 0 0000000000000000000000000000000000000000000000000000000000000000
0 0000000000000000 0 0000000000000000 0 0000000000000000000000000000000000000000000000000000000000000000
0 0000000000000000 0 0000000000000000 1 fffffb8bffffbc8e00000b2200000adcffffe5b600005fd600004065ffff998e
0 0000000000000000 0 0000000000000000 1 0000219f00005457ffffd951fffff29b00005aefffffb74cffffbe8c0000607c
0 0000000000000000 0 0000000000000000 0 0000000000000000000000000000000000000000000000000000000000000000
0 0000000000000000 0 0000000000000000 1 ffffb9f100003a8500000cb7ffff9dc80000516effffe23b0000552c00000c30
0 0000000000000000 0 0000000000000000 1 0000590d0000542ffffffd4dffffe321000017ebffff7b80000052ba00004639
0 0000000000000000 0 0000000000000000 1 00000e4e00003875ffffcdcfffffc034000062a9ffff6bba0000205b0000570c
0 0000000000000000 0 0000000000000000 1 ffffb86fffff7a1effff80e9ffffdf880000023fffffeb83ffffea220000102b
0 0000000000000000 0 0000000000000000 0 0000000000000000000000000000000000000000000000000000000000000000
0 0000000000000000 0 0000000000000000 1 00005c87000057a4ffffe053fffffa8c00002324ffff992f0000123600006717
0 0000000000000000 0 0000000000000000 1 ffffed6dffffbcbdffffa9ecffffea93000034aa000002a900000ba2ffffeea7
0 0000000000000000 0 0000000000000000 0 0000000000000000000000000000000000000000000000000000000000000000
0 0000000000000000 0 0000000000000000 0 0000000000000000000000000000000000000000000000000000000000000000
0 0000000000000000 0 0000000000000000 0 0000000000000000000000000000000000000000000000000000000000000000
0 0000000000000000 0 0000000000000000 0 0000000000000000000000000000000000000000000000000000000000000000
0 0000000000000000 0 0000000000000000 0 0000000000000000000000000000000000000000000000000000000000000000
0 0000000000000000 0 0000000000000000 0 0000000000000000000000000000000000000000000000000000000000000000
0 0000000000000000 0 0000000000000000 0 0000000000000000000000000000000000000000000000000000000000000000
0 0000000000000000 0 0000000000000000 0 0000000000000000000000000000000000000000000000000000000000000000
1 c46bc6fad4009915 0 0000000000000000 0 0000000000000000000000000000000000000000000000000000000000000000
1 b611f8064bb7836f 0 0000000000000000 0 0000000000000000000000000000000000000000000000000000000000000000
1 0875f2cd7ee7d399 0 0000000000000000 0 0000000000000000000000000000000000000000000000000000000000000000
1 c07ecd033c74a871 0 0000000000000000 0 0000000000000000000000000000000000000000000000000000000000000000
1 f27c36b3bca40254 0 0000000000000000 0 0000000000000000000000000000000000000000000000000000000000000000
1 a670ebbb79db0a78 0 0000000000000000 0 0000000000000000000000000000000000000000000000000000000000000000
1 f1f70de73c40117a 0 0000000000000000 0 0000000000000000000000000000000000000000000000000000000000000000
1 553f1da2c9922bf8 0 0000000000000000 0 0000000000000000000000000000000000000000000000000000000000000000
0 0000000000000000 1 229a121e30ebc884 0 0000000000000000000000000000000000000000000000000000000000000000
0 0000000000000000 1 03cf660246f5a36d 0 0000000000000000000000000000000000000000000000000000000000000000
0 0000000000000000 1 20b5d566eefec6ba 0 0000000000000000000000000000000000000000000000000000000000000000
0 0000000000000000 1 4e0fcedfdc412569 0 0000000000000000000000000000000000000000000000000000000000000000
0 0000000000000000 1 f2d258aaa1b07786 0 0000000000000000000000000000000000000000000000000000000000000000
0 0000000000000000 1 46a6ac2598f8f4b5 0 0000000000000000000000000000000000000000000000000000000000000000
0 0000000000000000 1 276472b2c091b235 0 0000000000000000000000000000000000000000000000000000000000000000
0 0000000000000000 1 9a2cb64cbdac27af 0 0000000000000000000000000000000000000000000000000000000000000000
0 0000000000000000 0 0000000000000000 0 0000000000000000000000000000000000000000000000000000000000000000
0 0000000000000000 0 0000000000000000 0 0000000000000000000000000000000000000000000000000000000000000000
0 0000000000000000 0 0000000000000000 0 0000000000000000000000000000000000000000000000000000000000000000
0 0000000000000000 1 c482c2eeedbc7afc 0 0000000000000000000000000000000000000000000000000000000000000000
0 0000000000000000 1 b9eb0706d9a78585 0 0000000000000000000000000000000000000000000000000000000000000000
0 0000000000000000 1 9257e4dc83fa2cb0 0 0000000000000000000000000000000000000000000000000000000000000000
0 0000000000000000 0 0000000000000000 1 ffffed7200000ff2ffffef7b000023cdffffe301000041fdfffffda8ffffcba8
0 0000000000000000 0 0000000000000000 1 000039d4000068ca0000122bffffb974ffffdecbffffa7440000105affffa4ee
0 0000000000000000 0 0000000000000000 1 ffffe12e00000e2affffda9e00002c93ffffec8d00005e24ffffec6a00000022
0 0000000000000000 0 0000000000000000 1 fffffbe200001e0bfffff804ffffd73dfffff10bffffd154000003c700003376
0 0000000000000000 1 13b6a899dbf1b3ba 1 00001aabffff81c3fffffbad000040060000359c00005d6e000019bbffff9964
0 0000000000000000 1 a3fa9073364c4100 1 ffffee09ffffbb31ffffd1ca00004b91ffffde13000076640000034fffffe799
0 0000000000000000 0 0000000000000000 1 000031b5ffffe4e0fffffafe00000f21fffffb4affffb1c7ffffc524ffff6e67
0 0000000000000000 1 dc58436d5e3c9d67 1 fffff9e4ffff815efffffc34000057c80000107300006de4fffff79e000021ca
0 0000000000000000 1 20058acc8672249a 0 0000000000000000000000000000000000000000000000000000000000000000
0 0000000000000000 0 0000000000000000 0 0000000000000000000000000000000000000000000000000000000000000000
0 0000000000000000 1 8ec203ba13af6f7f 0 0000000000000000000000000000000000000000000000000000000000000000
0 0000000000000000 0 0000000000000000 1 00004584ffff8d2200001fd200001831ffffc506000052b400006b60ffffe99a
0 0000000000000000 0 0000000000000000 1 00001538ffff934ffffffa0f00005cbeffffe8cb00003901000002ebffff839d
0 0000000000000000 1 f53a41d21806622c 1 fffff490ffff64e1fffffe3400004a110000500b000034c700000759000003b7
0 0000000000000000 1 1a9003efbbb46bad 0 0000000000000000000000000000000000000000000000000000000000000000
0 0000000000000000 1 901034897057787a 0 0000000000000000000000000000000000000000000000000000000000000000
0 0000000000000000 1 e535248149799b6d 0 0000000000000000000000000000000000000000000000000000000000000000
0 0000000000000000 1 48acd2ff377389ac 0 0000000000000000000000000000000000000000000000000000000000000000
0 0000000000000000 1 67449296b4433f8f 1 00001c81ffff811c000004ed00003e8affffa3550000095100003d9effffa1bc
0 0000000000000000 1 e2d4adbf3096cb89 1 ffffd5cd0000174400000ceeffffeea0000016de0000329e00001c360000a9ea
0 0000000000000000 1 37ddc92e526d09ac 0 0000000000000000000000000000000000000000000000000000000000000000
0 0000000000000000 0 0000000000000000 1 ffffe39c0000afad00000193ffffae3d0000308dffffa24bffffc013000040ee
0 0000000000000000 0 0000000000000000 1 ffffbafcffff9a99ffffdc9800003e2c00002a57000042bb00000c0f00003f11
0 0000000000000000 1 41a6b5c8ee976dcc 0 0000000000000000000000000000000000000000000000000000000000000000
0 0000000000000000 1 277cc9d824a97b38 1 00007d56ffffac4500004839ffffd672ffffc5e6ffffdbba00007d5dffffccdb
0 0000000000000000 1 f41d570d6bf11902 0 0000000000000000000000000000000000000000000000000000000000000000
0 0000000000000000 1 0aa2423a7717d0d2 0 0000000000000000000000000000000000000000000000000000000000000000
0 0000000000000000 1 78b0abb61c089e74 1 000004ca00001bf4000014d2ffffd19100003212ffffd05ffffffad0000021ce
0 0000000000000000 1 a5ddea765b9824cc 1 00001b4affffa193fffff48b0000393cfffff18700007a2300002733ffffc42e
0 0000000000000000 1 c17c6eba151ec171 1 000031c40000259000005224ffff8598000022edffff7531000065c000003735
0 0000000000000000 1 3da4039443338b44 1 00001376000040da0000287cffffa47cfffffed5ffff400400002736ffffeb5b
0 0000000000000000 0 0000000000000000 1 ffffc5dd00003f77ffffe7a30000006cffffe20bfffffdf3000003630000056b
0 0000000000000000 0 0000000000000000 1 ffffaea8ffffa399ffffe28b00003bfe00000e2200001941ffffe05b00004b6d
0 0000000000000000 0 0000000000000000 1 00001fa4ffff781100001c4f00004e73ffff8e7900001b2700002b37ffffb7b0
0 0000000000000000 0 0000000000000000 1 ffffa8c900005496ffffedc6fffff14f00000de600001d51ffffec34000074af
0 0000000000000000 0 0000000000000000 0 0000000000000000000000000000000000000000000000000000000000000000
0 0000000000000000 0 0000000000000000 0 0000000000000000000000000000000000000000000000000000000000000000
0 0000000000000000 0 0000000000000000 1 000024afffff9011000007ce000034d1ffffa04b00004eda00002c7dffffe236
0 0000000000000000 0 0000000000000000 1 0000034dffffe08b00001996fffff887ffffd74bffffd636ffffd9a300005956
0 0000000000000000 0 0000000000000000 1 fffff885000057f3000013c3ffffd07700001a58ffffd63bffffe52700001641
0 0000000000000000 0 0000000000000000 1 fffff156000072b800000113ffffdcaefffffab70000085100000140fffff380
0 0000000000000000 0 0000000000000000 1 000032c2000012a10000081effffdfc7ffff6536ffffa80500002cabffffc34d
1 e035c53dc2d0239f 0 0000000000000000 1 000032c2000012a10000081effffdfc7ffff6536ffffa80500002cabffffc34d
1 eae387723ae0a67c 0 0000000000000000 1 000032c2000012a10000081effffdfc7ffff6536ffffa80500002cabffffc34d
1 a684ec273a3d1e59 0 0000000000000000 1 000032c2000012a10000081effffdfc7ffff6536ffffa80500002cabffffc34d
1 47eda3fd9a0d3afc 0 0000000000000000 1 000032c2000012a10000081effffdfc7ffff6536ffffa80500002cabffffc34d
1 6dbea61437b2b5e7 0 0000000000000000 1 000032c2000012a10000081effffdfc7ffff6536ffffa80500002cabffffc34d
1 0d2d8b2e9ff2047e 0 0000000000000000 1 000032c2000012a10000081effffdfc7ffff6536ffffa80500002cabffffc34d
1 9fcaa5379ba3665e 0 0000000000000000 1 000032c2000012a10000081effffdfc7ffff6536ffffa80500002cabffffc34d
1 7a08a7393d528502 0 0000000000000000 1 000032c2000012a10000081effffdfc7ffff6536ffffa80500002cabffffc34d
0 0000000000000000 1 7614e67626a32ddb 1 00000384fffff82e0000171200001751ffffe07f00004f450000075000002630
0 0000000000000000 1 37d9a7276d9f9a9e 1 00002fac0000405500001de6ffffbbe800003673ffff65fefffff1a9ffffd8d7
0 0000000000000000 1 750d6b61eba33b46 1 0000221100002ee1000015e1ffffcb1cffff9f01ffff8f1600003f25ffffa03e
0 0000000000000000 1 9e965d4fabcae9c8 0 0000000000000000000000000000000000000000000000000000000000000000
0 0000000000000000 1 6db75705ca97c650 0 0000000000000000000000000000000000000000000000000000000000000000
0 0000000000000000 1 c3e19f0f4e27565e 0 0000000000000000000000000000000000000000000000000000000000000000
0 0000000000000000 1 19dc3a319431e333 0 0000000000000000000000000000000000000000000000000000000000000000
0 0000000000000000 1 29527b0fbd22ed5d 0 0000000000000000000000000000000000000000000000000000000000000000
0 0000000000000000 0 0000000000000000 0 0000000000000000000000000000000000000000000000000000000000000000
0 0000000000000000 0 0000000000000000 0 0000000000000000000000000000000000000000000000000000000000000000
0 0000000000000000 1 6dddfdf7f72eddde 0 0000000000000000000000000000000000000000000000000000000000000000
0 0000000000000000 1 ae615b7ca5aa00c9 0 0000000000000000000000000000000000000000000000000000000000000000
0 0000000000000000 1 a04cada5bb3f733a 0 0000000000000000000000000000000000000000000000000000000000000000
0 0000000000000000 1 a1c1eb8a013e1f3f 0 0000000000000000000000000000000000000000000000000000000000000000
0 0000000000000000 1 e2c28c5dd5693ff9 1 0000022cfffff535ffffcc870000135effffc3e1ffffc47b000037e9ffffb0d8
0 0000000000000000 1 ca59c65f2009123f 1 0000480300001d5200004ae2ffffb91300001334ffffd118fffff8a2ffff581d
0 0000000000000000 0 0000000000000000 1 ffffe2e2ffffc688ffffb7df00003abefffff0550000135500002884ffffe823
0 0000000000000000 1 0d165b0fbee70c7c 1 ffffd1abffffd455000076eeffffa4effffff33e00004d1100005e77fffff5ba
0 0000000000000000 0 0000000000000000 1 fffffb3afffffe8600003c8cfffff4ed00002ce900004e9000000487ffff8e6e
0 0000000000000000 1 cfa89d26cfeba695 1 00005ff40000084cffffb25800000937ffffe23fffffddeeffffd97300001208
0 0000000000000000 0 0000000000000000 1 fffff0f7000015b1fffffd13000003aeffffd93b0000493800001e52000010e7
0 0000000000000000 0 0000000000000000 1 ffffe577ffffe0acffffaf2c00005259000020eb00004361ffffda7f000053bd
0 0000000000000000 0 0000000000000000 0 0000000000000000000000000000000000000000000000000000000000000000
0 0000000000000000 0 0000000000000000 0 0000000000000000000000000000000000000000000000000000000000000000
0 0000000000000000 0 0000000000000000 1 ffffef8100002d610000015400000282ffffd2ecfffff0d100001e90ffffcf3f
0 0000000000000000 1 5793482372b9377e 1 ffffbefdffffb56100000b500000014200000cfa00002e0b00002d30000049e2
0 0000000000000000 1 9b41df1196314596 1 ffffdf4c000018e4ffffd82b00002af1fffff3adffffea7bffffe0f700007e2e
0 0000000000000000 1 d48b4788d3c491e6 1 00000dcc00000c7800002292ffffeb6600001e7f000013eaffffdab900002a51
0 0000000000000000 1 957a5186da5fb9f1 1 0000237800004222ffffd6aaffffe5f7ffff6e56ffffe4b0000043e000001283
0 0000000000000000 0 0000000000000000 1 00005320fffff749ffff98bc000026d4fffff9a0fffff967ffffc7b900003254
0 0000000000000000 0 0000000000000000 0 0000000000000000000000000000000000000000000000000000000000000000
0 0000000000000000 1 6da64fbeeeaa73ed 1 fffff9d4ffffe0f9ffffd94d00002f1f0000249500004a18ffffe441000024a6
0 0000000000000000 0 0000000000000000 0 0000000000000000000000000000000000000000000000000000000000000000
0 0000000000000000 1 5aaa7647d86995f0 1 000014360000458a00008ed5ffff8ad9ffffd9cd00000d07000032d3ffff9d7f
0 0000000000000000 0 0000000000000000 0 0000000000000000000000000000000000000000000000000000000000000000
0 0000000000000000 1 7c05fa3c4b966f17 0 0000000000000000000000000000000000000000000000000000000000000000
0 0000000000000000 1 4a6878872dcabc9f 0 0000000000000000000000000000000000000000000000000000000000000000
0 0000000000000000 0 0000000000000000 0 0000000000000000000000000000000000000000000000000000000000000000
0 0000000000000000 0 0000000000000000 0 0000000000000000000000000000000000000000000000000000000000000000
0 0000000000000000 1 df6c55b8388d523f 1 00004307ffffc75affffc625000012c500001052000005c6fffff973ffffa9d3
0 0000000000000000 0 0000000000000000 1 ffffa00d0000048600001027fffff766ffffbb1effffe66900004991000074fe
0 0000000000000000 1 3e3477af62b9de52 1 ffffdcc6000002510000c33affffa1b4000062b6000052b0fffffcc3ffffb076
0 0000000000000000 1 ca75e76f39ddafb1 1 ffffccfaffffe6da000005620000261c000064cb00002d4affffabde000099fc
0 0000000000000000 0 0000000000000000 0 0000000000000000000000000000000000000000000000000000000000000000
0 0000000000000000 1 1a5465fb2be9df70 0 0000000000000000000000000000000000000000000000000000000000000000
0 0000000000000000 0 0000000000000000 1 ffff8b5fffffdc1100002e9500000252ffffe83affffe09c000063baffffc91c
0 0000000000000000 1 5e77f24c5686487e 0 0000000000000000000000000000000000000000000000000000000000000000
0 0000000000000000 1 131332ed867c3970 1 fffffb91000010cafffffa91fffff57cffffcb30000041ca000032deffffec54
0 0000000000000000 1 aece36e9afa0e9d4 0 0000000000000000000000000000000000000000000000000000000000000000
0 0000000000000000 1 63e01cd9250b95c9 1 fffffe46ffffdae5ffffb25b00002df0ffffdbcdffffb7bb000025a2ffffbddb
0 0000000000000000 0 0000000000000000 1 ffff9e06ffffc89d0000232000002940000072e2ffffea73ffffddb00000093f
0 0000000000000000 0 0000000000000000 0 0000000000000000000000000000000000000000000000000000000000000000
0 0000000000000000 0 0000000000000000 0 0000000000000000000000000000000000000000000000000000000000000000
1 fa341238ac393ca2 0 0000000000000000 0 0000000000000000000000000000000000000000000000000000000000000000
1 268c2be4f0bf24ef 0 0000000000000000 0 0000000000000000000000000000000000000000000000000000000000000000
1 d7d0f8a17dd7a57c 0 0000000000000000 0 0000000000000000000000000000000000000000000000000000000000000000
1 b96331c271ab2037 0 0000000000000000 0 0000000000000000000000000000000000000000000000000000000000000000
1 ecbf8307e3d29c91 0 0000000000000000 0 0000000000000000000000000000000000000000000000000000000000000000
1 a5e6c2933b2085d2 0 0000000000000000 0 0000000000000000000000000000000000000000000000000000000000000000
1 74d6cda6720740a3 0 0000000000000000 0 0000000000000000000000000000000000000000000000000000000000000000
1 0e8a6f109355a0cd 0 0000000000000000 0 0000000000000000000000000000000000000000000000000000000000000000
0 0000000000000000 1 aa08cc8819f3c706 1 ffffd699ffff9720ffffd5e500004561000076acfffff4e7ffffbf5e00004006
0 0000000000000000 0 0000000000000000 0 0000000000000000000000000000000000000000000000000000000000000000
0 0000000000000000 1 0404cfa574748328 1 000036d3ffffa564ffffed7c00003edc000088e9000012c2ffff9f06fffff3f9
0 0000000000000000 1 09813a6ef6d2e979 1 00000763ffffb63c00001db3fffffe5a00001c56ffffefd9ffffda2400000d8e
0 0000000000000000 0 0000000000000000 0 0000000000000000000000000000000000000000000000000000000000000000
0 0000000000000000 1 a56414707db98408 1 000043c4ffffc5d9ffffec03ffffe827000044c10000371fffffa0cf00002744
0 0000000000000000 1 8a4cb8071bc27ed7 0 0000000000000000000000000000000000000000000000000000000000000000
0 0000000000000000 1 25496ee390ff02a4 1 000048caffffebdeffffd7bd0000124a000036c0fffff77dfffffb64ffffe80c
0 0000000000000000 1 2dd17d05ee7f4cd5 1 fffffd0bffffbfefffffea93ffffe12dffffeba400002b44fffff7a000006831
0 0000000000000000 1 e95f176383dca70d 1 000013db0000295a00001c0d00000a0300001fe30000077efffff1e300000bd1
0 0000000000000000 0 0000000000000000 1 ffffc4f800002eacffffe1fc000036b8ffff9f900000369dffffe563ffffbd0a
0 0000000000000000 0 0000000000000000 0 0000000000000000000000000000000000000000000000000000000000000000
0 0000000000000000 1 530782acb8853166 0 0000000000000000000000000000000000000000000000000000000000000000
0 0000000000000000 1 ab95a622e2ffa7b6 0 0000000000000000000000000000000000000000000000000000000000000000
0 0000000000000000 0 0000000000000000 1 000015fbffffc7cfffffeada0000374effffab980000154fffffdc6ffffff716
0 0000000000000000 1 c4da6026c1f42efd 0 0000000000000000000000000000000000000000000000000000000000000000
0 0000000000000000 1 66bb9687a873fbaf 1 ffffb8d6ffffbdd5ffffc694000028e3ffff833e00002975ffff743fffffb148
0 0000000000000000 1 04469a2130c108c4 1 ffffd27800002e400000479d000002a800000aa100001808ffffd044000035b5
0 0000000000000000 1 13b6ddbd21571e15 0 0000000000000000000000000000000000000000000000000000000000000000
0 0000000000000000 1 264b0974b6a0363c 1 ffffc66fffffdfe500000f8b00000c5afffff9aaffff89e3ffffcee900003e89
0 0000000000000000 0 0000000000000000 1 0000626bffffd378ffffdf03ffffe32d00003a1fffffc4de00004b9effffdebd
0 0000000000000000 0 0000000000000000 1 0000056000000d3700001484ffffd53900004cbaffffe3390000377100005ef6
0 0000000000000000 0 0000000000000000 1 ffffd6e9000007f5ffffc091ffff8b6a000086e00000072fffffc54400000e29
0 0000000000000000 1 b9de0c101063c369 1 ffffde7200001e4200007db1fffffc140000113cffffd20c0000332b00007cf5
0 0000000000000000 1 bec6ae29bfcf7201 0 0000000000000000000000000000000000000000000000000000000000000000
0 0000000000000000 1 a94db819f97c95b4 0 0000000000000000000000000000000000000000000000000000000000000000
0 0000000000000000 1 b097c0f13abd9771 1 000077b3ffffec8c00005e4800007c0bffff57ed0000618b000073f3ffffa12e
0 0000000000000000 1 ec744cf67817ca59 1 ffffcd6b000075acfffff1e800002c8b000000affffff5a1000012f900003e4a
0 0000000000000000 1 0e077cea2c9fd845 0 0000000000000000000000000000000000000000000000000000000000000000
0 0000000000000000 1 9febcc48826aedef 1 ffffffb800000cc7000010e0ffffbd3b00006fd8ffffea61fffffa3800005c94
0 0000000000000000 1 04bd5b9684836a6b 1 fffffd34000049e3ffffd4ba00002bd3ffffbe690000648a00002d01ffffb53c
0 0000000000000000 1 6d167bee35122052 1 0000247800001589fffff1c100002ca7ffffe03affffd04b0000572fffffcf1f
0 0000000000000000 1 6d3933605472c923 1 fffff9fffffff23affffc71ffffffc17ffffe47500003f9cffffc70cffffb191
0 0000000000000000 1 9c83c73dda384854 1 00002c49000008ee00006fd5fffff84b00001733ffffe428000060c900001c1d
0 0000000000000000 1 52c37c73da2e22e6 0 0000000000000000000000000000000000000000000000000000000000000000
0 0000000000000000 1 eb8c0d278322fef3 0 0000000000000000000000000000000000000000000000000000000000000000
0 0000000000000000 1 f58a80ca4fff0716 0 0000000000000000000000000000000000000000000000000000000000000000
0 0000000000000000 1 d0f4a7ca5811a99a 1 ffffbbebffffd06a000011e0ffffde27fffff37a00001c49ffff7bdf00000e18
0 0000000000000000 1 e0eca994a5fbffdc 1 000044e800002e6c0000115bfffff77a000031c00000088e000057b5fffff88d
0 0000000000000000 1 c7d1a2ce12ac93d9 1 ffffb1e500000c60ffffe79affffe51700000db2ffffd0e8ffffdc1000002018
0 0000000000000000 0 0000000000000000 1 ffffea96fffffabf000021b000005f75ffff860f000027eeffffb845000004a6
0 0000000000000000 0 0000000000000000 1 ffffe323ffff744afffffef9ffffe731ffffd9c6ffffdea1ffff868fffffec07
0 0000000000000000 0 0000000000000000 1 000003a5ffffc55a000021f80000167dffffe346fffff692ffffcefb000030de
0 0000000000000000 0 0000000000000000 1 ffffce2400003b9600002553ffffc3fa00004d03fffffde2000001b60000492b
1 4d1b790207aee1c3 0 0000000000000000 1 ffffce2400003b9600002553ffffc3fa00004d03fffffde2000001b60000492b
1 cac4ca1b4fdd8fb9 0 0000000000000000 1 ffffce2400003b9600002553ffffc3fa00004d03fffffde2000001b60000492b
1 31af7ed56746b2ee 0 0000000000000000 1 ffffce2400003b9600002553ffffc3fa00004d03fffffde2000001b60000492b
1 abc0f269ee1ff18f 0 0000000000000000 1 ffffce2400003b9600002553ffffc3fa00004d03fffffde2000001b60000492b
1 492bea537ee0907a 0 0000000000000000 1 ffffce2400003b9600002553ffffc3fa00004d03fffffde2000001b60000492b
1 6a55c238d3846739 0 0000000000000000 1 ffffce2400003b9600002553ffffc3fa00004d03fffffde2000001b60000492b
1 729501e58cd1036e 0 0000000000000000 1 ffffce2400003b9600002553ffffc3fa00004d03fffffde2000001b60000492b
1 93c0cfbaec0e40e5 0 0000000000000000 1 ffffce2400003b9600002553ffffc3fa00004d03fffffde2000001b60000492b
0 0000000000000000 1 aa5610a522869c18 1 00007216ffffce96000051fe0000135cfffff3670000539b000028ca000028b0
0 0000000000000000 1 56f0dacaea2fbba7 1 000015e2ffffa92c00000303ffffdfd0fffff874000019caffffba91ffffd80d
0 0000000000000000 1 56a8805a43dc33c9 1 ffffbdcefffff1af00002362ffffceb700000550ffffeb07ffffa8f9ffffd59f
0 0000000000000000 1 2519badfc3bb8b9f 1 fffff16800000dce000013a1ffffe6530000353a00002a09ffffd94ffffffa0a
0 0000000000000000 0 0000000000000000 1 000009e1ffffde5800007c09ffff8e2300009e7bffffec94fffff7ee00003bc0
0 0000000000000000 0 0000000000000000 1 fffff082fffff8fb0000425fffffd5f800000dd500002b7d00000fe30000517f
0 0000000000000000 1 af944fe3e2b88ffa 1 0000297200005225ffffd93efffff452ffff808500003343fffff29cffff9946
0 0000000000000000 1 498da6a8dc983e75 1 000019cf00008f37ffff9c6b000024aaffffd99cffffd8ad000009f4ffffe03d
0 0000000000000000 1 5f036f8c0137fbb9 1 000000aa00003050ffffc999ffffbf76ffffbe7cffffebdd00004ce9fffffbb8
0 0000000000000000 1 b6c357ae499c4119 1 ffffb9cc00004db0ffffdd47fffff266ffffc553ffffdc3f00004fec00004d24
0 0000000000000000 0 0000000000000000 0 0000000000000000000000000000000000000000000000000000000000000000
0 0000000000000000 0 0000000000000000 0 0000000000000000000000000000000000000000000000000000000000000000
0 0000000000000000 0 0000000000000000 0 0000000000000000000000000000000000000000000000000000000000000000
0 0000000000000000 0 0000000000000000 0 0000000000000000000000000000000000000000000000000000000000000000
1 c542dcae9f6bc3ec 0 0000000000000000 0 0000000000000000000000000000000000000000000000000000000000000000
1 922d532b78e537ca 0 0000000000000000 0 0000000000000000000000000000000000000000000000000000000000000000
1 5636cb57062d4d95 0 0000000000000000 0 0000000000000000000000000000000000000000000000000000000000000000
1 e91f82fc7c657739 0 0000000000000000 0 0000000000000000000000000000000000000000000000000000000000000000
1 74d80fa6f7bf6f56 0 0000000000000000 0 0000000000000000000000000000000000000000000000000000000000000000
1 612adf01ee32db56 0 0000000000000000 0 0000000000000000000000000000000000000000000000000000000000000000
1 4a86aa85cc2327e0 0 0000000000000000 0 0000000000000000000000000000000000000000000000000000000000000000
1 918e65a233b2ae8a 0 0000000000000000 0 0000000000000000000000000000000000000000000000000000000000000000
0 0000000000000000 1 8626f8eff4039e39 1 ffffc363fffff576ffffe7b4ffffd4b5000076a4000053a9ffffa9c7ffffeb39
0 0000000000000000 1 7a5034852a5779b5 1 00001211000072720000238c000011fb0000050dffffc97f000010defffff62c
0 0000000000000000 1 397b24f5dc2ee22b 1 fffffb7000001070ffffd03c00004950ffffc1dcffffd51300000535000018d1
0 0000000000000000 0 0000000000000000 1 ffff9f6a00002f6a00000a51fffff90000001995000012d1ffffed0dffffaf43
0 0000000000000000 1 68bb7b86f356bc7f 0 0000000000000000000000000000000000000000000000000000000000000000
0 0000000000000000 0 0000000000000000 0 0000000000000000000000000000000000000000000000000000000000000000
0 0000000000000000 1 5f95d536b5a47d4f 1 0000173c00000ee4fffff6ae0000173000002185000036ab000019efffffea40
0 0000000000000000 1 2108c6da3b740be2 1 ffffb1bcffff9abb0000038affff8777ffff5d070000420efffffa5c00002d5a
0 0000000000000000 1 b4271eadf989282c 1 00004b2900004d4100001df700001d6affffa5efffffef680000161300003568
0 0000000000000000 1 bedcef577799fee4 1 000052ffffffa4b30000122cffffec2fffffbed3ffffe9c8ffffb76b0000384c
0 0000000000000000 0 0000000000000000 0 0000000000000000000000000000000000000000000000000000000000000000
0 0000000000000000 0 0000000000000000 0 0000000000000000000000000000000000000000000000000000000000000000
0 0000000000000000 0 0000000000000000 0 0000000000000000000000000000000000000000000000000000000000000000
0 0000000000000000 1 2199e56e1be102e9 0 0000000000000000000000000000000000000000000000000000000000000000
0 0000000000000000 1 8c5cdac7b6789982 1 ffffd149fffffb2b00005dd20000496500005717ffffa5c1fffff41afffff007
0 0000000000000000 0 0000000000000000 1 0000558500001909ffffeb90ffffcceeffff8dcd000030e4fffffaadfffff341
0 0000000000000000 1 0cb4302d7ce3019e 1 ffffb0e5000032e6000030d400001a4500002c4400000dc3ffffe9f5ffffc365
0 0000000000000000 1 cdf1379ef99ea02e 0 0000000000000000000000000000000000000000000000000000000000000000
0 0000000000000000 0 0000000000000000 1 000009ef000011d900003ab0fffff5c0ffffa190fffffc57ffff7f93ffff9e57
0 0000000000000000 1 07b984bf706714a8 0 0000000000000000000000000000000000000000000000000000000000000000
0 0000000000000000 1 5d67025f372e0666 1 ffffc1d2ffffa107ffffbaeaffff8115ffffc27300003ad5ffffc50fffffc101
0 0000000000000000 1 e7ee18469f2c37f5 1 00003bc300000b02000001a3ffffd519ffffd10a00000615ffffead9000052c2
0 0000000000000000 0 0000000000000000 1 ffffda84ffffb67400004cd300000902000010d5ffffa33f00000318ffff9b15
0 0000000000000000 0 0000000000000000 1 00002b9cffffd989ffffe02fffffe8f600002fc3ffffdd7900007678000039c2
0 0000000000000000 1 24a06b28cf0dd984 0 0000000000000000000000000000000000000000000000000000000000000000
0 0000000000000000 0 0000000000000000 0 0000000000000000000000000000000000000000000000000000000000000000
0 0000000000000000 0 0000000000000000 0 0000000000000000000000000000000000000000000000000000000000000000
0 0000000000000000 0 0000000000000000 1 00001cbdfffffe03ffffa53fffffd71bfffff41b000039ae000024e100003fef
0 0000000000000000 0 0000000000000000 1 0000105b00006bcb00002f260000a2d300003090ffffeb2efffff0b800004f41
0 0000000000000000 0 0000000000000000 0 0000000000000000000000000000000000000000000000000000000000000000
0 0000000000000000 1 ff89c2c888654baf 1 000081f400001857ffffa997fffff6ccffffd8b400002012000069ab00005203
0 0000000000000000 1 7892798172f4d60a 1 ffffd57bfffffa3b000065c70000415a000001eaffffa2c4ffffd9b0ffffaddd
0 0000000000000000 1 cebb5dc9f62b4ca3 0 0000000000000000000000000000000000000000000000000000000000000000
0 0000000000000000 1 9df19c48540923bc 1 00007ecbfffff05afffff182ffffb870ffff98e7fffff033ffffec7a0000a213
0 0000000000000000 1 3d871943222f9024 1 ffffb64e000004ae000008aaffffb7370000490a00001e9a00001e2cffffe97d
0 0000000000000000 1 714849120a4377d3 1 000008a8000004feffffb416000017ef000016750000436100000555fffff7b2
0 0000000000000000 1 088d53cdb0f52fcf 0 0000000000000000000000000000000000000000000000000000000000000000
0 0000000000000000 1 a38e226be915ae45 0 0000000000000000000000000000000000000000000000000000000000000000
0 0000000000000000 0 0000000000000000 1 00005a850000676affff899b000059a1ffffcb4500006b310000203a00001f8f
0 0000000000000000 0 0000000000000000 0 0000000000000000000000000000000000000000000000000000000000000000
0 0000000000000000 1 8a34451e7755aa0d 0 0000000000000000000000000000000000000000000000000000000000000000
0 0000000000000000 1 7e6864d47d827bf5 0 0000000000000000000000000000000000000000000000000000000000000000
0 0000000000000000 0 0000000000000000 0 0000000000000000000000000000000000000000000000000000000000000000
0 0000000000000000 0 0000000000000000 0 0000000000000000000000000000000000000000000000000000000000000000
0 0000000000000000 0 0000000000000000 1 00004c43fffffa9dffffb4c1fffffc6dffff89c400004045ffff9cbc00003c34
0 0000000000000000 1 169b29ed6cf5b83e 1 0000664d0000118700000b33ffffda93ffff6ba6fffff8d8ffffdeb2ffffe1e2
0 0000000000000000 0 0000000000000000 1 00009769000001c0ffffb42000002635ffffb58100001eb100001e5000000bcc
0 0000000000000000 0 0000000000000000 1 00004646ffffd96bffffd780ffffe4bd000026c5ffffe8f7000055fe00007ef0
0 0000000000000000 0 0000000000000000 1 0000198b00002f96ffffd9cdfffffc69ffffeaa100002b5affffe97d000031d8
0 0000000000000000 1 3e97a4167310480a 1 000031c100002020ffffadb3ffffd485ffffdb2a0000641900002e10ffffed37
0 0000000000000000 0 0000000000000000 1 00004a730000034cffffbb1e00001e9effffa09500003176ffffdc67ffffdbba
0 0000000000000000 1 63d741f33bc24ad0 1 00001024fffff781ffffdf2100002ac100004029ffffff0d00000a08000012b3
0 0000000000000000 0 0000000000000000 0 0000000000000000000000000000000000000000000000000000000000000000
0 0000000000000000 1 771e5fb9898da411 0 0000000000000000000000000000000000000000000000000000000000000000
0 0000000000000000 1 57a46d3af65dc8c4 1 000050f800001b74000022700000408e00005f22ffffc3d40000600900003161
0 0000000000000000 1 cdd5c7108acd71c3 1 00000d0bffffe49cfffffadcffffa849ffffd754000005bc0000609effffa1fc
0 0000000000000000 0 0000000000000000 0 0000000000000000000000000000000000000000000000000000000000000000
0 0000000000000000 0 0000000000000000 0 0000000000000000000000000000000000000000000000000000000000000000
0 0000000000000000 0 0000000000000000 0 0000000000000000000000000000000000000000000000000000000000000000
0 0000000000000000 0 0000000000000000 1 000032e2ffffee4a0000156bffffdc09ffffd808ffffd941fffffa2600000b3a
0 0000000000000000 0 0000000000000000 0 0000000000000000000000000000000000000000000000000000000000000000
0 0000000000000000 0 0000000000000000 0 0000000000000000000000000000000000000000000000000000000000000000
0 0000000000000000 0 0000000000000000 0 0000000000000000000000000000000000000000000000000000000000000000
0 0000000000000000 0 0000000000000000 1 00004898ffffb6adffffcde4ffff6c43ffffadfd00000a380000008a00005b0e
0 0000000000000000 0 0000000000000000 0 0000000000000000000000000000000000000000000000000000000000000000
0 0000000000000000 0 0000000000000000 1 00003f40fffffd2cffffbd61ffffc8c8ffffac30000031a700002a4dffffeeb8
0 0000000000000000 0 0000000000000000 0 0000000000000000000000000000000000000000000000000000000000000000
0 0000000000000000 0 0000000000000000 1 ffff7a8400005365000035bc00004faaffffe32700001942ffffaf39ffff6dea
0 0000000000000000 0 0000000000000000 1 00005b6c00006a80ffff916400002da2ffffcbcb0000777000000c2900002a81
0 0000000000000000 0 0000000000000000 1 fffffbf7ffffd097ffffbecafffffee2ffffea360000218cfffff22bfffffda9
1 6c7fefcfe3bc5765 0 0000000000000000 1 fffffbf7ffffd097ffffbecafffffee2ffffea360000218cfffff22bfffffda9
1 964f39eda011915d 0 0000000000000000 1 fffffbf7ffffd097ffffbecafffffee2ffffea360000218cfffff22bfffffda9
1 3343b6824140eb2b 0 0000000000000000 1 fffffbf7ffffd097ffffbecafffffee2ffffea360000218cfffff22bfffffda9
1 757873207d59d274 0 0000000000000000 1 fffffbf7ffffd097ffffbecafffffee2ffffea360000218cfffff22bfffffda9
1 cfae792d84388814 0 0000000000000000 1 fffffbf7ffffd097ffffbecafffffee2ffffea360000218cfffff22bfffffda9
1 6a1d93cf80351e2f 0 0000000000000000 1 fffffbf7ffffd097ffffbecafffffee2ffffea360000218cfffff22bfffffda9
1 83dc46c83f385806 0 0000000000000000 1 fffffbf7ffffd097ffffbecafffffee2ffffea360000218cfffff22bfffffda9
1 4db0f170cd1f7062 0 0000000000000000 1 fffffbf7ffffd097ffffbecafffffee2ffffea360000218cfffff22bfffffda9
0 0000000000000000 1 95fadaf9795b6a7a 0 0000000000000000000000000000000000000000000000000000000000000000
0 0000000000000000 1 0fb57c3de3192743 0 0000000000000000000000000000000000000000000000000000000000000000
0 0000000000000000 1 7945f2a68a1e82f5 0 0000000000000000000000000000000000000000000000000000000000000000
0 0000000000000000 1 3b135639fd644747 0 0000000000000000000000000000000000000000000000000000000000000000
0 0000000000000000 1 19a8dd9fe852ce2f 0 0000000000000000000000000000000000000000000000000000000000000000
0 0000000000000000 1 de64bf00f07f43c5 0 0000000000000000000000000000000000000000000000000000000000000000
0 0000000000000000 1 06269a98de0f3681 0 0000000000000000000000000000000000000000000000000000000000000000
0 0000000000000000 1 5854a790e440e138 0 0000000000000000000000000000000000000000000000000000000000000000
0 0000000000000000 0 0000000000000000 0 0000000000000000000000000000000000000000000000000000000000000000
0 0000000000000000 0 0000000000000000 0 0000000000000000000000000000000000000000000000000000000000000000
0 0000000000000000 1 b600e31fed75c353 0 0000000000000000000000000000000000000000000000000000000000000000
0 0000000000000000 1 1367d822091bb693 0 0000000000000000000000000000000000000000000000000000000000000000
0 0000000000000000 0 0000000000000000 0 0000000000000000000000000000000000000000000000000000000000000000
0 0000000000000000 0 0000000000000000 0 0000000000000000000000000000000000000000000000000000000000000000
0 0000000000000000 0 0000000000000000 1 ffffca08ffff6a5c000035e4000048cbffff9afa0000635c00000e5f00001566
0 0000000000000000 0 0000000000000000 1 00006afa00001f0bffffd440ffffd8300000557e00003ab800004bba00003807
0 0000000000000000 1 9615cc3522a63ea0 1 000047c7000061d2ffff7c97ffffdba0ffffb642ffff91280000273a000012cc
0 0000000000000000 1 a12b2398c4b57f59 1 000058e00000407affffe451ffffcbf5fffff6a40000471500003f1c0000756c
0 0000000000000000 1 ac9c514ed2b2cf0c 1 000048c7ffffc3f0ffff8a9b0000126fffffb2e0ffffcf8600005b30ffffd610
0 0000000000000000 1 4f1a4b7e21689134 1 ffffc07d0000198200000374ffffdb7dffffb25700001dbaffffe20500000d0c
0 0000000000000000 1 35aaeb4d5d2c3030 1 ffff7b19ffffeff1fffff694ffffd503ffffd3f3ffffbb60fffff950ffffa0a9
0 0000000000000000 0 0000000000000000 1 fffffd44fffffcddffffc008000014d6ffff6406ffffb8240000376100001dcf
0 0000000000000000 1 79bbfcb811f074e0 0 0000000000000000000000000000000000000000000000000000000000000000
0 0000000000000000 0 0000000000000000 0 0000000000000000000000000000000000000000000000000000000000000000
0 0000000000000000 0 0000000000000000 1 00005401ffffe436ffffcae20000383cffffbf50000027f50000099f00001e52
0 0000000000000000 0 0000000000000000 1 fffff1be00005b5300001b6bffffe992ffffcf50ffffedc9ffff8cca00000fcd
0 0000000000000000 1 4be09a791ae449ae 0 0000000000000000000000000000000000000000000000000000000000000000
0 0000000000000000 1 7cff9911007d067f 0 0000000000000000000000000000000000000000000000000000000000000000
0 0000000000000000 1 526970b2bca5a739 0 0000000000000000000000000000000000000000000000000000000000000000
0 0000000000000000 1 6501b466ade924b4 0 0000000000000000000000000000000000000000000000000000000000000000
0 0000000000000000 1 bfaed165e0f5889a 1 ffff7187ffffdd5300007f860000129700004fb9000019b8ffff9e71ffffbbed
0 0000000000000000 1 f043d32aa69cedbb 1 ffff66bfffff939afffff822ffffffbb000020d400000a97000042d1ffffd37c
0 0000000000000000 1 6d2e6921d9c5b38e 1 00003dccfffffa45fffff84e000010320000988000001b90fffffafbffffdd03
0 0000000000000000 1 4dcd829dae3b0186 1 0000c9ad00007e7affffe562fffffab6ffffd43500003610ffffe01800009548
0 0000000000000000 0 0000000000000000 1 00005065ffffefcc00003587000022a0fffff9b700002f7f00002a40000037e0
0 0000000000000000 0 0000000000000000 0 0000000000000000000000000000000000000000000000000000000000000000
0 0000000000000000 0 0000000000000000 1 ffffe1c5fffff65efffff9dbffffc59b00000aafffffd72700006456ffffea3c
0 0000000000000000 0 0000000000000000 0 0000000000000000000000000000000000000000000000000000000000000000
0 0000000000000000 0 0000000000000000 0 0000000000000000000000000000000000000000000000000000000000000000
0 0000000000000000 0 0000000000000000 0 0000000000000000000000000000000000000000000000000000000000000000
0 0000000000000000 0 0000000000000000 1 000002fe00003d37000078b600000b6f0000486500000073ffffffbd000016df
0 0000000000000000 0 0000000000000000 1 00007f0100000fd9ffffe1ee00003b7cffff8a27fffff5ba0000783e00006eab
0 0000000000000000 0 0000000000000000 1 00000db800004802ffffb973ffffd982fffff2deffffc3cb000002b9000033ae
0 0000000000000000 0 0000000000000000 1 000027990000790100002e2affffeb7000005e65ffffdd7400002522000022b5
0 0000000000000000 0 0000000000000000 1 000048d00000233f000007bd0000206400005749fffff34effffb702ffffc00f
0 0000000000000000 0 0000000000000000 1 ffffc41500003e6200002ebe000002c70000586fffffd726ffffd368ffffe940
0 0000000000000000 0 0000000000000000 1 000031480000a37bffffebcaffff9b9300004154ffffd86effffc194000020fb
0 0000000000000000 0 0000000000000000 1 fffff23200000e03ffffaf06ffffd763ffffdcd7ffff91f7000044baffff9f93
0 0000000000000000 0 0000000000000000 0 0000000000000000000000000000000000000000000000000000000000000000
0 0000000000000000 0 0000000000000000 0 0000000000000000000000000000000000000000000000000000000000000000
1 9726315add8a5bec 0 0000000000000000 0 0000000000000000000000000000000000000000000000000000000000000000
1 544321b61ca24bb0 0 0000000000000000 0 0000000000000000000000000000000000000000000000000000000000000000
1 e3d94b8b65bb40b6 0 0000000000000000 0 0000000000000000000000000000000000000000000000000000000000000000
1 1024bc5b3a119bc4 0 0000000000000000 0 0000000000000000000000000000000000000000000000000000000000000000
1 a617980a57c91411 0 0000000000000000 0 0000000000000000000000000000000000000000000000000000000000000000
1 3bb55eabf534eb1e 0 0000000000000000 0 0000000000000000000000000000000000000000000000000000000000000000
1 d6c7e80290b20299 0 0000000000000000 0 0000000000000000000000000000000000000000000000000000000000000000
1 42c37a905f29bbcb 0 0000000000000000 0 0000000000000000000000000000000000000000000000000000000000000000
0 0000000000000000 1 d621b0c00ecf9319 0 0000000000000000000000000000000000000000000000000000000000000000
0 0000000000000000 1 1b9b6978500e1cae 0 0000000000000000000000000000000000000000000000000000000000000000
0 0000000000000000 1 bb5990f096e71874 0 0000000000000000000000000000000000000000000000000000000000000000
0 0000000000000000 1 64a74c8646d131cd 0 0000000000000000000000000000000000000000000000000000000000000000
0 0000000000000000 1 b969e438bb97a8bb 0 0000000000000000000000000000000000000000000000000000000000000000
0 0000000000000000 1 513eaa597213c7d4 0 0000000000000000000000000000000000000000000000000000000000000000
0 0000000000000000 1 b272c869d5a73bc2 0 0000000000000000000000000000000000000000000000000000000000000000
0 0000000000000000 1 e5e4cbb65fed942a 0 0000000000000000000000000000000000000000000000000000000000000000
0 0000000000000000 0 0000000000000000 0 0000000000000000000000000000000000000000000000000000000000000000
0 0000000000000000 0 0000000000000000 0 0000000000000000000000000000000000000000000000000000000000000000
0 0000000000000000 0 0000000000000000 0 0000000000000000000000000000000000000000000000000000000000000000
0 0000000000000000 0 0000000000000000 0 0000000000000000000000000000000000000000000000000000000000000000
1 ccfd99d1cd546d57 0 0000000000000000 0 0000000000000000000000000000000000000000000000000000000000000000
1 225ab1be6c3c8c32 0 0000000000000000 0 0000000000000000000000000000000000000000000000000000000000000000
1 cad9036cdcb02a2d 0 0000000000000000 0 0000000000000000000000000000000000000000000000000000000000000000
1 553ca52b86bc1bdf 0 0000000000000000 0 0000000000000000000000000000000000000000000000000000000000000000
1 500d9c9b48c279c4 0 0000000000000000 0 0000000000000000000000000000000000000000000000000000000000000000
1 9624e3312204a7c8 0 0000000000000000 0 0000000000000000000000000000000000000000000000000000000000000000
1 22e4244ba9589a7c 0 0000000000000000 0 0000000000000000000000000000000000000000000000000000000000000000
1 674e1568b6815c74 0 0000000000000000 0 0000000000000000000000000000000000000000000000000000000000000000
0 0000000000000000 1 5506286a043dac20 0 0000000000000000000000000000000000000000000000000000000000000000
0 0000000000000000 1 14dad7ca58eeddc3 0 0000000000000000000000000000000000000000000000000000000000000000
0 0000000000000000 1 8a2872ab4a789886 1 000021e70000313500000d2bfffffa8900001b1e000030cffffffd83000040f6
0 0000000000000000 1 783041cbb7c537d1 1 ffffcc2affffed72ffffce210000357a000025c8ffffe04dfffff256ffffefa4
0 0000000000000000 1 280e4179344ce6a9 1 00001f3b00000a3a00005a26fffff4d2ffffe54400003936ffffc68dffffe210
0 0000000000000000 1 4f435085b701b21e 1 ffffbb7affffc9efffffd4e500002251ffffba52fffff5390000640f0000109c
0 0000000000000000 1 e31a2c89acb26263 1 00002d4e000048e7ffffc3b200002d3a00004506000015d6fffff89200000082
0 0000000000000000 1 5bf486f3a94fa0c9 1 000029f500004ffdffff6d53ffffab5500001a3c00003f95ffffe08b000035fe
0 0000000000000000 0 0000000000000000 1 000053f700002217ffffdbda00000675ffffdc61ffffd1fdffff8da2ffffdb26
0 0000000000000000 0 0000000000000000 1 00001c7c000007f7fffffe7dffff8e4100007b5100002190ffffed8200002039
0 0000000000000000 0 0000000000000000 0 0000000000000000000000000000000000000000000000000000000000000000
0 0000000000000000 1 dd065bf9603511dc 0 0000000000000000000000000000000000000000000000000000000000000000
0 0000000000000000 1 927046f69832da9c 0 0000000000000000000000000000000000000000000000000000000000000000
0 0000000000000000 1 b0f708a1cfddbd3a 0 0000000000000000000000000000000000000000000000000000000000000000
0 0000000000000000 1 a5e6219e23e751e3 1 fffff40000002f95ffffa51400001004ffffd5fbffffc7e000004cdeffffeef5
0 0000000000000000 1 4cd21bfa256d4732 1 fffff35fffffdf2dffffec22ffffa28f00003f5f0000157300003530ffffc1d9
0 0000000000000000 1 18a47328b8686e2f 1 ffff8f8dffffe4feffffff8dffffd6e90000ac38ffffde56ffffbc39ffff6975
0 0000000000000000 1 535a754c0957df7c 1 ffffc4b4ffffd8cefffffb96fffffea4ffffeafd0000675fffffed9f000067c6
0 0000000000000000 1 63627a6003da2fa1 1 ffffde8600000c93ffff999ffffff3ddfffff5d6fffff2c500000b5dffffbb54
0 0000000000000000 0 0000000000000000 1 ffffa99ffffffbb800000c18ffffffa4000039550000194c00000a7000003e8e
0 0000000000000000 0 0000000000000000 1 00001372ffffeb1900006e0300005456ffffe35d00001223ffffd27c00009360
0 0000000000000000 1 0ab5ccce949b604d 1 ffffa29000000ab0ffffe94effffbbb6000022b500005537ffffe4b2ffffc480
0 0000000000000000 1 86a961d761146e43 0 0000000000000000000000000000000000000000000000000000000000000000
0 0000000000000000 1 7b3a811085f2b658 0 0000000000000000000000000000000000000000000000000000000000000000
0 0000000000000000 0 0000000000000000 0 0000000000000000000000000000000000000000000000000000000000000000
0 0000000000000000 1 63a23503afb4b330 1 ffffee37fffff284ffffe3b8000004b8000026b6ffffdca0000003cfffffdc01
0 0000000000000000 0 0000000000000000 1 ffffb0a6000003180000237c000012040000534c00002174ffff5182ffffcbce
0 0000000000000000 1 f037eba30875b240 1 fffffb71fffff7e100005745000014fe00002bddffffd1e4fffffddbfffffdad
0 0000000000000000 1 ebb9c194b4485e10 1 fffffbe9ffffc87f00004e0800000e3a0000249a00000d21ffffcea7000005ca
0 0000000000000000 1 4851313095062655 1 ffffdebe00000218ffffe55a000037abffffced1ffffffa800001a4600002ee5
0 0000000000000000 1 3b6ed62b62f8303c 1 ffffc3e3ffffe47d000029880000ae2effff77c4ffffe54fffffe9de000049f3
0 0000000000000000 0 0000000000000000 1 000007f2000054bdffffa15900004d7effffd638ffffade60000357d00004b9e
0 0000000000000000 0 0000000000000000 1 ffffefbdfffffdeeffff9b2efffff6dfffffde00000035cbfffff5a60000312f
0 0000000000000000 0 0000000000000000 0 0000000000000000000000000000000000000000000000000000000000000000
0 0000000000000000 0 0000000000000000 0 0000000000000000000000000000000000000000000000000000000000000000
0 0000000000000000 0 0000000000000000 1 0000222dffffdafe00006dbb000045d9ffff9ad60000229dfffffded000072da
1 145eb417af5cf918 0 0000000000000000 1 0000222dffffdafe00006dbb000045d9ffff9ad60000229dfffffded000072da
1 f19e72247a987580 0 0000000000000000 1 0000222dffffdafe00006dbb000045d9ffff9ad60000229dfffffded000072da
1 b48f15626f746386 0 0000000000000000 1 0000222dffffdafe00006dbb000045d9ffff9ad60000229dfffffded000072da
1 c1ba81524e17355d 0 0000000000000000 1 0000222dffffdafe00006dbb000045d9ffff9ad60000229dfffffded000072da
1 004c728ac4586e31 0 0000000000000000 1 0000222dffffdafe00006dbb000045d9ffff9ad60000229dfffffded000072da
1 e93c97185e508728 0 0000000000000000 1 0000222dffffdafe00006dbb000045d9ffff9ad60000229dfffffded000072da
1 4498be3c24f75e1b 0 0000000000000000 1 0000222dffffdafe00006dbb000045d9ffff9ad60000229dfffffded000072da
1 97aec7c44af2f2ac 0 0000000000000000 1 0000222dffffdafe00006dbb000045d9ffff9ad60000229dfffffded000072da
0 0000000000000000 1 8cd5700c0f8fedf7 1 00000870ffffda9400004874000067deffffdeb0ffff9d8d000012360000146a
0 0000000000000000 1 2734a6aab6596d9b 1 00001f4000007358ffffe3e2ffffe37effffe575000031de00000ec8000040aa
0 0000000000000000 1 da858f6faadf717d 0 0000000000000000000000000000000000000000000000000000000000000000
0 0000000000000000 1 cc295b6cc36c534f 1 00000c03000039e4ffffd9aa00004658ffffa728ffffd93e000081d300002c47
0 0000000000000000 1 2992b91495d5dc88 0 0000000000000000000000000000000000000000000000000000000000000000
0 0000000000000000 1 bb6051f4b0d541de 1 00001d87000036a10000338f0000050600006858ffffebbcffffe432ffffe95a
0 0000000000000000 1 07caf12a39cdb66f 1 000048bd000041b7fffffb8f00000739ffffcc9400007194ffffae5d000024b0
0 0000000000000000 1 a2e6b861e1fb60bf 1 ffffcd36ffffc4c7ffffd51c00009420fffff0e9ffffff5300000ae6000069af
0 0000000000000000 0 0000000000000000 1 fffff4e9ffffe6d600002e2900000afbffffe2f5ffffb4390000587effffded3
0 0000000000000000 0 0000000000000000 0 0000000000000000000000000000000000000000000000000000000000000000
0 0000000000000000 0 0000000000000000 0 0000000000000000000000000000000000000000000000000000000000000000
0 0000000000000000 0 0000000000000000 0 0000000000000000000000000000000000000000000000000000000000000000
0 0000000000000000 0 0000000000000000 0 0000000000000000000000000000000000000000000000000000000000000000
0 0000000000000000 0 0000000000000000 0 0000000000000000000000000000000000000000000000000000000000000000
0 0000000000000000 0 0000000000000000 1 ffffde0dffffa5b800004e7400000a6600001226fffffe9d000052b0ffffcbc6
0 0000000000000000 0 0000000000000000 1 00006e4400002c9effffe3ca0000287dffffef5fffffcc73ffffc5c6000021af
0 0000000000000000 0 0000000000000000 1 fffff82effffbd73ffff427200000552fffffe4bffffc866ffffc16800006566
0 0000000000000000 0 0000000000000000 1 ffffafe2ffff63b1ffff852200006db40000c4d10000152300001a9cffffd686
0 0000000000000000 0 0000000000000000 1 0000455300005e41ffffb9160000206bffff8774fffff2a8ffff94fb00006c53
0 0000000000000000 0 0000000000000000 1 000002f7ffff7019000030a800005a8300006552ffffba7700005647ffff9a8d
0 0000000000000000 0 0000000000000000 1 ffffc13a000011dbfffff879ffffb655ffffdff00000159efffff961000008c7
0 0000000000000000 0 0000000000000000 1 00002c4bffffd024ffffc44500002af600000fd4ffffc4d500000ac60000627a
0 0000000000000000 0 0000000000000000 0 0000000000000000000000000000000000000000000000000000000000000000
0 0000000000000000 0 0000000000000000 0 0000000000000000000000000000000000000000000000000000000000000000
1 c42b911cb66518c3 0 0000000000000000 0 0000000000000000000000000000000000000000000000000000000000000000
1 6356cff5085db86f 0 0000000000000000 0 0000000000000000000000000000000000000000000000000000000000000000
1 de21315349a1fa4d 0 0000000000000000 0 0000000000000000000000000000000000000000000000000000000000000000
1 05fd618d60d1163e 0 0000000000000000 0 0000000000000000000000000000000000000000000000000000000000000000
1 24fe7037510c1df7 0 0000000000000000 0 0000000000000000000000000000000000000000000000000000000000000000
1 5711eaec5e001246 0 0000000000000000 0 0000000000000000000000000000000000000000000000000000000000000000
1 7ad87ccf5f1ac796 0 0000000000000000 0 0000000000000000000000000000000000000000000000000000000000000000
1 403069b8689f14fc 0 0000000000000000 0 0000000000000000000000000000000000000000000000000000000000000000
0 0000000000000000 0 0000000000000000 0 0000000000000000000000000000000000000000000000000000000000000000
0 0000000000000000 1 3a21cbe247432a57 0 0000000000000000000000000000000000000000000000000000000000000000
0 0000000000000000 0 0000000000000000 0 0000000000000000000000000000000000000000000000000000000000000000
0 0000000000000000 0 0000000000000000 0 0000000000000000000000000000000000000000000000000000000000000000
0 0000000000000000 1 8ae5756d6a872664 0 0000000000000000000000000000000000000000000000000000000000000000
0 0000000000000000 0 0000000000000000 0 0000000000000000000000000000000000000000000000000000000000000000
0 0000000000000000 1 50e0225b6594c0a2 0 0000000000000000000000000000000000000000000000000000000000000000
0 0000000000000000 1 398c6cef3a5e2f57 0 0000000000000000000000000000000000000000000000000000000000000000
0 0000000000000000 0 0000000000000000 0 0000000000000000000000000000000000000000000000000000000000000000
0 0000000000000000 0 0000000000000000 0 0000000000000000000000000000000000000000000000000000000000000000
0 0000000000000000 1 f7fcb46957f67c36 0 0000000000000000000000000000000000000000000000000000000000000000
0 0000000000000000 0 0000000000000000 0 0000000000000000000000000000000000000000000000000000000000000000
0 0000000000000000 1 1efdfc8b900f1002 0 0000000000000000000000000000000000000000000000000000000000000000
0 0000000000000000 1 32f6daa352dbdd1d 0 0000000000000000000000000000000000000000000000000000000000000000
0 0000000000000000 1 f55acade3c17ad4e 0 0000000000000000000000000000000000000000000000000000000000000000
0 0000000000000000 0 0000000000000000 1 0000502400001bfe00001c5bffffeabb000037e6000022ad00000505ffffe65b
0 0000000000000000 0 0000000000000000 0 0000000000000000000000000000000000000000000000000000000000000000
0 0000000000000000 0 0000000000000000 0 0000000000000000000000000000000000000000000000000000000000000000
0 0000000000000000 0 0000000000000000 1 000014b3fffff4dd0000ec39ffffe60d00009757ffff6b2500000602000017e4
0 0000000000000000 0 0000000000000000 0 0000000000000000000000000000000000000000000000000000000000000000
0 0000000000000000 0 0000000000000000 1 ffff91a3fffff66bfffffc5700003118ffffce0f0000187700002247fffffa37
0 0000000000000000 0 0000000000000000 1 00000b5bffffff7c000057770000198600006df9ffffadeb00002b7dffffdf55
0 0000000000000000 1 fce17b30f5b65e25 0 0000000000000000000000000000000000000000000000000000000000000000
0 0000000000000000 1 898ef913c9627adc 0 0000000000000000000000000000000000000000000000000000000000000000
0 0000000000000000 0 0000000000000000 1 00005e23ffffe7860000970affffa3ee00006ffd00000022fffffcd9ffffc900
0 0000000000000000 1 77744c044e50ed5c 0 0000000000000000000000000000000000000000000000000000000000000000
0 0000000000000000 1 5a173b25b488c9ed 1 fffff387000004a2ffff9cc0000019d0ffffb30a00001d54ffffeaa8ffffdb65
0 0000000000000000 0 0000000000000000 1 ffffe92c0000090affffe3b800003668ffffcead0000249200001125ffffced6
0 0000000000000000 1 550c52a4c7f14c3d 1 000028170000327affffec63fffffdbd0000062900001377000004fd0000367f
0 0000000000000000 1 f43d4cc2f39ae2f6 0 0000000000000000000000000000000000000000000000000000000000000000
0 0000000000000000 1 ded7c79b5566f08d 0 0000000000000000000000000000000000000000000000000000000000000000
0 0000000000000000 1 6a23c7e89d685fd7 0 0000000000000000000000000000000000000000000000000000000000000000
0 0000000000000000 0 0000000000000000 0 0000000000000000000000000000000000000000000000000000000000000000
0 0000000000000000 0 0000000000000000 0 0000000000000000000000000000000000000000000000000000000000000000
0 0000000000000000 0 0000000000000000 0 0000000000000000000000000000000000000000000000000000000000000000
0 0000000000000000 1 b02a5f575fdf8fc0 0 0000000000000000000000000000000000000000000000000000000000000000
0 0000000000000000 1 58c79e0e11ee06d6 1 000000e7fffff7a100006fa7fffffa3b00004886ffffb7b7fffff119ffffe8c9
0 0000000000000000 1 55ecb58afd081fdb 1 00003bd1ffffb1b700005b1fffffcc6100005532ffffbe33fffff963ffffd833
0 0000000000000000 1 c2572b709cd80104 0 0000000000000000000000000000000000000000000000000000000000000000
0 0000000000000000 1 fe6c0a4aaab5177a 1 00003b0e00005da1fffffe0b0000132500004cc700001b05000002f900004755
0 0000000000000000 1 b01c946ef134a754 1 ffff9a4200001bacffffb48400001448ffffa52a00000d3afffffd7b0000082a
0 0000000000000000 1 25157dcb5442bc96 0 0000000000000000000000000000000000000000000000000000000000000000
0 0000000000000000 0 0000000000000000 1 00000a6300001cf8ffffebde000021ebfffffa210000064affffe719ffffd0d0
0 0000000000000000 1 d25e1c0649bcbb51 1 ffffd9cf00001924ffffe10700003e4affffcb09000000bdffffe3dd0000164c
0 0000000000000000 0 0000000000000000 1 000007f4ffffd966ffffcaea000046a2ffffde1c0000395200000c61ffffee0b
0 0000000000000000 0 0000000000000000 1 0000343d000007a5ffffa049ffffde58ffffe2a9000064a3ffffe31cffffd82f
0 0000000000000000 0 0000000000000000 0 0000000000000000000000000000000000000000000000000000000000000000
0 0000000000000000 0 0000000000000000 0 0000000000000000000000000000000000000000000000000000000000000000
0 0000000000000000 0 0000000000000000 0 0000000000000000000000000000000000000000000000000000000000000000
0 0000000000000000 0 0000000000000000 1 ffffd45e00000e9f0000293600002bc800002229ffffcdb200000e8a00007a58
0 0000000000000000 0 0000000000000000 1 ffffd741ffffe4b2ffffd1f7fffff5bcffffbe0500004121000017d3ffffb0e2
0 0000000000000000 0 0000000000000000 1 fffff3d2fffff40cffffa1bf00002a0dffffa3a100005ccbfffffba4ffffa5f9
0 0000000000000000 0 0000000000000000 1 00001279000015c3000016b6ffffbd6f00001e92ffffdc86ffffdc49000054a8
0 0000000000000000 0 0000000000000000 1 00002e3b0000335700002826ffffa9cf000025e7ffffe53affffdcf500002752
0 0000000000000000 0 0000000000000000 1 0000283800000dfc00001ea6ffff93be000031e6ffffd4ec000018f200004ba5
1 2f6b48edc40cbbff 0 0000000000000000 1 0000283800000dfc00001ea6ffff93be000031e6ffffd4ec000018f200004ba5
1 333f659d83ae6f1e 0 0000000000000000 1 0000283800000dfc00001ea6ffff93be000031e6ffffd4ec000018f200004ba5
1 a3735af2ac0d2c97 0 0000000000000000 1 0000283800000dfc00001ea6ffff93be000031e6ffffd4ec000018f200004ba5
1 b9809b2cafbc3a87 0 0000000000000000 1 0000283800000dfc00001ea6ffff93be000031e6ffffd4ec000018f200004ba5
1 62e28f1970027b11 0 0000000000000000 1 0000283800000dfc00001ea6ffff93be000031e6ffffd4ec000018f200004ba5
1 3812374a4a333097 0 0000000000000000 1 0000283800000dfc00001ea6ffff93be000031e6ffffd4ec000018f200004ba5
1 e7db42fecc569c53 0 0000000000000000 1 0000283800000dfc00001ea6ffff93be000031e6ffffd4ec000018f200004ba5
1 f222c527dde15c8c 0 0000000000000000 1 0000283800000dfc00001ea6ffff93be000031e6ffffd4ec000018f200004ba5
0 0000000000000000 1 050d0c3ed50a652e 1 ffffe49d0000187bffffc27200007b33fffff43f000016c400000b18000045f5
0 0000000000000000 1 66bc80231a5da5d9 0 0000000000000000000000000000000000000000000000000000000000000000
0 0000000000000000 1 1218153c610f8a13 1 ffffe6c000001c5400000e49000008bc00001fe6ffffe23bfffffa4a000043bd
0 0000000000000000 1 214de206b4dd2db6 0 0000000000000000000000000000000000000000000000000000000000000000
0 0000000000000000 1 8d56dd8f84813cee 0 0000000000000000000000000000000000000000000000000000000000000000
0 0000000000000000 1 6a7bee71872670e2 0 0000000000000000000000000000000000000000000000000000000000000000
0 0000000000000000 1 ab53f1aa3c7095d3 0 0000000000000000000000000000000000000000000000000000000000000000
0 0000000000000000 1 822a2be16622f3d6 0 0000000000000000000000000000000000000000000000000000000000000000
0 0000000000000000 0 0000000000000000 0 0000000000000000000000000000000000000000000000000000000000000000
0 0000000000000000 1 a444e15a38232d54 0 0000000000000000000000000000000000000000000000000000000000000000
0 0000000000000000 0 0000000000000000 0 0000000000000000000000000000000000000000000000000000000000000000
0 0000000000000000 1 d794a4b3f73d3458 0 0000000000000000000000000000000000000000000000000000000000000000
0 0000000000000000 0 0000000000000000 0 0000000000000000000000000000000000000000000000000000000000000000
0 0000000000000000 1 7f553ea0180e1028 0 0000000000000000000000000000000000000000000000000000000000000000
0 0000000000000000 1 c3eddeb03376854d 1 ffffd34dffffe8ef000016dc00000983ffffb63300000a3affffeab1ffffe439
0 0000000000000000 1 baac54949011a3ad 1 0000534affffda5dffffc115000037ef0000664c000003a6ffffec6affffeb57
0 0000000000000000 0 0000000000000000 1 000022b700000221ffffb3d90000102c00001a55ffffc41700007d19ffffaf31
0 0000000000000000 1 07bd1c5c8b1467fb 1 fffff989000006610000516effffc548ffffb039fffff647ffffbd7200004bcb
0 0000000000000000 1 bc65913af23d46c7 1 ffffd7f30000086a000050eeffffa1bdffffbb83fffff75effffb35f000095c2
0 0000000000000000 1 ff225d1b529a4500 1 ffffe3dc000006ab00007ccbffffd6b2ffff50a6ffffee86ffffc5bafffffa42
0 0000000000000000 0 0000000000000000 1 00005a9c00001f7e000011dcfffff8770000620affffefcc0000704a0000009b
0 0000000000000000 0 0000000000000000 1 00001c43ffffeb3affffe917fffffeec0000438fffffff59000061e800000a13
0 0000000000000000 0 0000000000000000 0 0000000000000000000000000000000000000000000000000000000000000000
0 0000000000000000 1 1312819def9cd4a4 1 00000310ffffafe8ffffb997000019bafffff00cffffd8c80000736cffffc865
0 0000000000000000 0 0000000000000000 0 0000000000000000000000000000000000000000000000000000000000000000
0 0000000000000000 0 0000000000000000 1 000019beffffdaf9ffffd2190000425c00006bff00004359ffffcd6400000d00
0 0000000000000000 0 0000000000000000 0 0000000000000000000000000000000000000000000000000000000000000000
0 0000000000000000 0 0000000000000000 1 000034da000097060000743fffffce2cffffc89700000ae200000dd000000c53
0 0000000000000000 0 0000000000000000 1 000048b1000018e1ffffcc57000033c4000082ecfffffc0300006a95ffffb9fd
0 0000000000000000 1 ae2def5e782f538c 1 ffffc85100003a8b0000438efffffc950000322f000025e6ffffb84a00000012
0 0000000000000000 1 f87c763a75a46b00 0 0000000000000000000000000000000000000000000000000000000000000000
0 0000000000000000 0 0000000000000000 1 ffff9e0dffffd095000020bb00002076ffffb7220000250dffff9c39ffffd4d7
0 0000000000000000 1 54db171bf67d371c 1 00002424ffffa1d000000949fffff510fffff5c6fffff1e100000d11000034ca
0 0000000000000000 1 b4ad7603c05dd85a 1 ffffdfa800000979fffffadbffffdc77ffffc0f3fffff61d00001e6f000016bc
0 0000000000000000 1 529371d7939dffe3 0 0000000000000000000000000000000000000000000000000000000000000000
0 0000000000000000 0 0000000000000000 0 0000000000000000000000000000000000000000000000000000000000000000
0 0000000000000000 0 0000000000000000 0 0000000000000000000000000000000000000000000000000000000000000000
0 0000000000000000 0 0000000000000000 1 00003d9dfffff9ec000002bcffffc15200002cedfffff747ffffaba20000a83a
0 0000000000000000 1 0464349bc696a48a 0 0000000000000000000000000000000000000000000000000000000000000000
0 0000000000000000 0 0000000000000000 0 0000000000000000000000000000000000000000000000000000000000000000
0 0000000000000000 0 0000000000000000 0 0000000000000000000000000000000000000000000000000000000000000000
0 0000000000000000 1 f20d29ab2b49c32d 0 0000000000000000000000000000000000000000000000000000000000000000
0 0000000000000000 0 0000000000000000 0 0000000000000000000000000000000000000000000000000000000000000000
0 0000000000000000 0 0000000000000000 1 00001c79ffff8c01ffffd4e400000cc10000262b00000824000034590000244d
0 0000000000000000 0 0000000000000000 1 ffffea7f00000f8900001573ffffc427ffff8f1effffe10600005683000012f2
0 0000000000000000 0 0000000000000000 0 0000000000000000000000000000000000000000000000000000000000000000
0 0000000000000000 0 0000000000000000 1 000008d200001c9100002d7500003273ffffff0c000031b2ffffea99ffffb65a
0 0000000000000000 1 a235ef55f81fdb9d 1 ffffb0a400001f170000035b0000427500000d60000015e90000281dffff649c
0 0000000000000000 1 be85c97001192bd1 1 ffff9df6000050d10000453bffffeb2bffffc1c3000025fdffff73ce0000061f
0 0000000000000000 1 334624e6441fb9f7 0 0000000000000000000000000000000000000000000000000000000000000000
0 0000000000000000 1 d438110ebf5c7a5f 0 0000000000000000000000000000000000000000000000000000000000000000
0 0000000000000000 1 d72316b6a3e303ee 0 0000000000000000000000000000000000000000000000000000000000000000
0 0000000000000000 1 36c330fb3ac17d61 1 ffffffd30000611c00006903ffff8f44ffffc7efffffd770ffffe62000006561
0 0000000000000000 0 0000000000000000 0 0000000000000000000000000000000000000000000000000000000000000000
0 0000000000000000 1 e3dca45af9d3fb1f 0 0000000000000000000000000000000000000000000000000000000000000000
0 0000000000000000 1 fc8577f4a0b879ef 1 00002ca000004927000013bf00000bcb00003887000008c70000478cffffd5af
0 0000000000000000 0 0000000000000000 0 0000000000000000000000000000000000000000000000000000000000000000
0 0000000000000000 0 0000000000000000 0 0000000000000000000000000000000000000000000000000000000000000000
0 0000000000000000 0 0000000000000000 0 0000000000000000000000000000000000000000000000000000000000000000
0 0000000000000000 0 0000000000000000 0 0000000000000000000000000000000000000000000000000000000000000000
0 0000000000000000 0 0000000000000000 0 0000000000000000000000000000000000000000000000000000000000000000
0 0000000000000000 0 0000000000000000 1 fffff4a6ffffaeefffffea6efffffb6800000159ffffd8d900002d7ffffff8fe
0 0000000000000000 0 0000000000000000 1 ffffd485ffff6a9fffff983c00004a8d00003f7e00001ce3ffffcfdcffffec84
1 6de0b4ce54be2ead 0 0000000000000000 1 ffffd485ffff6a9fffff983c00004a8d00003f7e00001ce3ffffcfdcffffec84
1 b9ea356fc3ffd240 0 0000000000000000 1 ffffd485ffff6a9fffff983c00004a8d00003f7e00001ce3ffffcfdcffffec84
1 20b00d897d9bce49 0 0000000000000000 1 ffffd485ffff6a9fffff983c00004a8d00003f7e00001ce3ffffcfdcffffec84
1 8c5b29970e440f80 0 0000000000000000 1 ffffd485ffff6a9fffff983c00004a8d00003f7e00001ce3ffffcfdcffffec84
1 f54a4c12ac1cc612 0 0000000000000000 1 ffffd485ffff6a9fffff983c00004a8d00003f7e00001ce3ffffcfdcffffec84
1 626d681019bbde59 0 0000000000000000 1 ffffd485ffff6a9fffff983c00004a8d00003f7e00001ce3ffffcfdcffffec84
1 18370b5d40fb2d28 0 0000000000000000 1 ffffd485ffff6a9fffff983c00004a8d00003f7e00001ce3ffffcfdcffffec84
1 adb267e794f42373 0 0000000000000000 1 ffffd485ffff6a9fffff983c00004a8d00003f7e00001ce3ffffcfdcffffec84
0 0000000000000000 1 eb6dec444955f971 1 00004608000046fe0000194affffe97e000004a5ffffe4a600004fe3ffffea63
0 0000000000000000 1 016745b5f61fdb12 1 ffffbdcf00001cfd00004430000010daffffbd590000187200000ebdffffcb9a
0 0000000000000000 1 f14b6a2d5e4e454c 1 ffffd2db00003709000066a7ffffd35bffffd97f00000453ffffd37b00002d10
0 0000000000000000 0 0000000000000000 1 00002716ffffe195ffffd8ec00000ad0ffffe37900002bfcffffe03300000195
0 0000000000000000 1 b873b6f0716ccef3 0 0000000000000000000000000000000000000000000000000000000000000000
0 0000000000000000 1 a843284fac0430d8 1 ffffb7390000431dfffffbe30000275cffffed7bffffe7fafffffe14fffff96a
0 0000000000000000 1 593b6150c62fec65 1 0000298fffff9377ffffe2fdffff7755000004d50000265bffff6aaf00000c8e
0 0000000000000000 1 bb644f5f786c3b28 0 0000000000000000000000000000000000000000000000000000000000000000
0 0000000000000000 1 747fa8d5164a7086 0 0000000000000000000000000000000000000000000000000000000000000000
0 0000000000000000 0 0000000000000000 0 0000000000000000000000000000000000000000000000000000000000000000
0 0000000000000000 0 0000000000000000 0 0000000000000000000000000000000000000000000000000000000000000000
0 0000000000000000 1 6b5f4c0e942ea1fc 0 0000000000000000000000000000000000000000000000000000000000000000
0 0000000000000000 1 b83006412410c384 0 0000000000000000000000000000000000000000000000000000000000000000
0 0000000000000000 0 0000000000000000 0 0000000000000000000000000000000000000000000000000000000000000000
0 0000000000000000 0 0000000000000000 1 ffffafa000002d0a00008c0b00001da3ffff980400000adbffffe2ec00004eb5
0 0000000000000000 1 ac9b1849d9b7ac26 1 00001176ffffc3ad00001bcc00001d30fffffad7ffffc6a0ffffd5e800005efb
0 0000000000000000 1 45bdc6f366eb1bb2 1 ffffe55200001e5a00007db5fffffcd9fffff963ffffd60effffd4a000006dfd
0 0000000000000000 0 0000000000000000 0 0000000000000000000000000000000000000000000000000000000000000000
0 0000000000000000 0 0000000000000000 1 ffffe3770000586c00006ce8000066b0ffff866b00001be5ffffb967000046d5
0 0000000000000000 1 0b331a3cf4206dad 1 ffffbfc3000014bf0000115600000aee000023d70000124dfffff66f00000234
0 0000000000000000 0 0000000000000000 1 ffffef45ffffce1b00002d2fffffa80700002ae5ffffc0730000085300001c10
0 0000000000000000 0 0000000000000000 1 ffffc27700005a4600009e8b00000dddffffde59fffff874ffffbe1400005f92
0 0000000000000000 1 2863d09742161be0 1 00006417000055e7ffffe4d2000095ba000029f5ffffeae3000000e3ffffec84
0 0000000000000000 1 33a09ec941838fce 0 0000000000000000000000000000000000000000000000000000000000000000
0 0000000000000000 1 617fbfaccb812c2f 0 0000000000000000000000000000000000000000000000000000000000000000
0 0000000000000000 0 0000000000000000 1 00002502ffffb8ddffffe6f0ffffc46200004437ffffb39cfffff53ffffffb7d
0 0000000000000000 0 0000000000000000 1 ffffde6400004400000006b4fffffee8fffffe3c000027e7ffffc71effffcb6a
0 0000000000000000 0 0000000000000000 0 0000000000000000000000000000000000000000000000000000000000000000
0 0000000000000000 0 0000000000000000 0 0000000000000000000000000000000000000000000000000000000000000000
0 0000000000000000 0 0000000000000000 1 ffffabb4ffffdda6fffff362ffff91fcffffecda00002f3e00000b9bffffcc27
0 0000000000000000 0 0000000000000000 1 00003e0000003cbfffffd02500000d0d00000db6000015d9000008c4ffffafe4
0 0000000000000000 0 0000000000000000 0 0000000000000000000000000000000000000000000000000000000000000000
0 0000000000000000 0 0000000000000000 0 0000000000000000000000000000000000000000000000000000000000000000
0 0000000000000000 0 0000000000000000 1 0000107f0000424ffffffef30000202100004cc3fffffa78fffffd88ffffe8a0
0 0000000000000000 0 0000000000000000 0 0000000000000000000000000000000000000000000000000000000000000000
0 0000000000000000 0 0000000000000000 0 0000000000000000000000000000000000000000000000000000000000000000
0 0000000000000000 0 0000000000000000 1 000031a50000082a0000062f00007771ffffd919ffffee9cffffe71e000034ba
0 0000000000000000 0 0000000000000000 1 00000ffcffffe179ffff96beffffe91effffcc0f000038a200001182ffff8804
0 0000000000000000 0 0000000000000000 1 ffffea90ffff9527ffffbe3700006485ffffd9650000033300002d6b000003e0
0 0000000000000000 0 0000000000000000 0 0000000000000000000000000000000000000000000000000000000000000000
0 0000000000000000 0 0000000000000000 0 0000000000000000000000000000000000000000000000000000000000000000
0 0000000000000000 0 0000000000000000 0 0000000000000000000000000000000000000000000000000000000000000000
0 0000000000000000 0 0000000000000000 0 0000000000000000000000000000000000000000000000000000000000000000
0 0000000000000000 0 0000000000000000 0 0000000000000000000000000000000000000000000000000000000000000000
0 0000000000000000 0 0000000000000000 0 0000000000000000000000000000000000000000000000000000000000000000
1 22add75a5e2ee992 0 0000000000000000 0 0000000000000000000000000000000000000000000000000000000000000000
1 9b4baaf8acb28265 0 0000000000000000 0 0000000000000000000000000000000000000000000000000000000000000000
1 fb1e7ea80764c025 0 0000000000000000 0 0000000000000000000000000000000000000000000000000000000000000000
1 469c5313335d69be 0 0000000000000000 0 0000000000000000000000000000000000000000000000000000000000000000
1 bff5078263e00544 0 0000000000000000 0 0000000000000000000000000000000000000000000000000000000000000000
1 eb80b759ea2a2512 0 0000000000000000 0 0000000000000000000000000000000000000000000000000000000000000000
1 140b12a8fdabd69c 0 0000000000000000 0 0000000000000000000000000000000000000000000000000000000000000000
1 11df95c7543ea18e 0 0000000000000000 0 0000000000000000000000000000000000000000000000000000000000000000
0 0000000000000000 1 b1b4ac9c94f651d9 0 0000000000000000000000000000000000000000000000000000000000000000
0 0000000000000000 1 41a06f0cbfd33208 0 0000000000000000000000000000000000000000000000000000000000000000
0 0000000000000000 1 5bd309f7494ff0b5 0 0000000000000000000000000000000000000000000000000000000000000000
0 0000000000000000 1 2f02f4f36fcc9a3f 0 0000000000000000000000000000000000000000000000000000000000000000
0 0000000000000000 1 2ed1cb8c39c7aca5 0 0000000000000000000000000000000000000000000000000000000000000000
0 0000000000000000 1 54f5fefd5ec2151c 0 0000000000000000000000000000000000000000000000000000000000000000
0 0000000000000000 1 3fd85aeefc5ac8f8 0 0000000000000000000000000000000000000000000000000000000000000000
0 0000000000000000 1 771600b0f703ed3e 0 0000000000000000000000000000000000000000000000000000000000000000
0 0000000000000000 0 0000000000000000 0 0000000000000000000000000000000000000000000000000000000000000000
0 0000000000000000 1 ddc30ca8a63d3c85 0 0000000000000000000000000000000000000000000000000000000000000000
0 0000000000000000 1 6ee6c4731c787a15 0 0000000000000000000000000000000000000000000000000000000000000000
0 0000000000000000 1 7af93e026b6d2cbd 0 0000000000000000000000000000000000000000000000000000000000000000
0 0000000000000000 1 f0454af97a54a087 0 0000000000000000000000000000000000000000000000000000000000000000
0 0000000000000000 1 800158d25efe88c6 0 0000000000000000000000000000000000000000000000000000000000000000
0 0000000000000000 0 0000000000000000 1 000019c5000032b7fffff25000001a93ffffaf0fffffab570000161effffe5f0
0 0000000000000000 1 a2740c60d739cc2f 1 00004841fffff18800005b97fffff1f70000299000004abaffffffa3ffff9f9f
0 0000000000000000 0 0000000000000000 1 fffffbf5ffffb83a00000bbf00002b5f00002ba70000154b0000335500000b5c
0 0000000000000000 1 32d5b3d86a5cef29 1 ffffe66efffffdbfffffde0affffdff2000052f200001925ffffec78000013d4
0 0000000000000000 1 81abef352bb71d6e 1 ffffe39100002c97fffffaab00001c84000005d2ffffcd1e0000191900004468
0 0000000000000000 0 0000000000000000 1 ffffff6ffffffabcfffffe4fffffcd110000546cfffffa76ffffe82dffffd7fd
0 0000000000000000 0 0000000000000000 1 00000632ffffc33b00000f7100002d6a000017e20000540c0000093b00000580
0 0000000000000000 0 0000000000000000 1 fffff5ecfffff531ffffaf43000021690000255e0000088fffffb609ffffd3ce
0 0000000000000000 0 0000000000000000 0 0000000000000000000000000000000000000000000000000000000000000000
0 0000000000000000 0 0000000000000000 1 0000097d0000150f0000273f00003336ffffa4daffffd490000024ef00001b1d
0 0000000000000000 0 0000000000000000 1 00003375ffff6619ffffdd38000031f800004c2b00001acb0000372affff7706
0 0000000000000000 0 0000000000000000 1 ffffed2effffac4f000010eb000006f800003ab3000016ac00000d4b000001ff
0 0000000000000000 0 0000000000000000 1 ffffa9e40000010a000024befffffb5cffffe57f00000391000015480000b04b
1 bd006662eae7aac2 0 0000000000000000 1 ffffa9e40000010a000024befffffb5cffffe57f00000391000015480000b04b
1 073ef661eb9545ae 0 0000000000000000 1 ffffa9e40000010a000024befffffb5cffffe57f00000391000015480000b04b
1 8c94b8911f898f9e 0 0000000000000000 1 ffffa9e40000010a000024befffffb5cffffe57f00000391000015480000b04b
1 d4c04d0d7db880d7 0 0000000000000000 1 ffffa9e40000010a000024befffffb5cffffe57f00000391000015480000b04b
1 2907e5c87db9e0ce 0 0000000000000000 1 ffffa9e40000010a000024befffffb5cffffe57f00000391000015480000b04b
1 480f669e9bae2677 0 0000000000000000 1 ffffa9e40000010a000024befffffb5cffffe57f00000391000015480000b04b
1 dd2476c8aca731b6 0 0000000000000000 1 ffffa9e40000010a000024befffffb5cffffe57f00000391000015480000b04b
1 2aa1fd66d3efcae2 0 0000000000000000 1 ffffa9e40000010a000024befffffb5cffffe57f00000391000015480000b04b
0 0000000000000000 1 8b53c75c54e23652 1 ffffede10000455b00004382ffffb882ffffdcd00000081400000ce60000b181
0 0000000000000000 1 570cf1936641bb55 0 0000000000000000000000000000000000000000000000000000000000000000
0 0000000000000000 1 e362e8dc86cdf186 1 00003561ffffd4f8ffffafef00000dbcffffc62700001e74fffff241000037a4
0 0000000000000000 1 c944d2fc2f487712 0 0000000000000000000000000000000000000000000000000000000000000000
0 0000000000000000 1 0428e29eb527dc19 1 00002654ffffe780fffff49f000002e000002e7afffffae500001675ffffefbe
0 0000000000000000 1 75ddfa9f1b3b9534 1 0000196ffffffe14ffffcf7fffff697a000056a300003293000017f2ffffcee4
0 0000000000000000 1 5cf70cc02c2ee44c 0 0000000000000000000000000000000000000000000000000000000000000000
0 0000000000000000 1 9e0ff88e2803f6a2 0 0000000000000000000000000000000000000000000000000000000000000000
0 0000000000000000 0 0000000000000000 0 0000000000000000000000000000000000000000000000000000000000000000
0 0000000000000000 0 0000000000000000 0 0000000000000000000000000000000000000000000000000000000000000000
0 0000000000000000 0 0000000000000000 0 0000000000000000000000000000000000000000000000000000000000000000
0 0000000000000000 0 0000000000000000 0 0000000000000000000000000000000000000000000000000000000000000000
0 0000000000000000 0 0000000000000000 0 0000000000000000000000000000000000000000000000000000000000000000
0 0000000000000000 0 0000000000000000 0 0000000000000000000000000000000000000000000000000000000000000000
0 0000000000000000 0 0000000000000000 1 000035fefffffedafffffcf600001e0400003dfcffffc373000012ecffffd144
0 0000000000000000 0 0000000000000000 1 00003d16000001d6fffff3f800002896ffffe05cfffff95a000000e400001290
0 0000000000000000 0 0000000000000000 1 ffffe77c00004fb3ffffdf9a0000237effffd8e300002ea400005f4b00000957
0 0000000000000000 0 0000000000000000 1 0000343f0000346f00004189ffffdfc0ffffc7f5ffffb0cb000052e7fffffd92
0 0000000000000000 0 0000000000000000 1 00002677000020bdfffff18e00002c08ffff9c4d00002b9000004aae000035a7
0 0000000000000000 0 0000000000000000 1 00001fe4fffff428fffff73a00002cd6ffffd89a000028a2ffffe85800002fb2
0 0000000000000000 0 0000000000000000 1 00001185ffffec8400000e4600002087ffffda33fffff0f3ffffe54ffffffe3c
1 5811c68a03db2ca4 0 0000000000000000 1 00001185ffffec8400000e4600002087ffffda33fffff0f3ffffe54ffffffe3c
1 2ace763ae2d19c67 0 0000000000000000 1 00001185ffffec8400000e4600002087ffffda33fffff0f3ffffe54ffffffe3c
1 c6c2a3e3877c51ed 0 0000000000000000 1 00001185ffffec8400000e4600002087ffffda33fffff0f3ffffe54ffffffe3c
1 8e942ade9990b37b 0 0000000000000000 1 00001185ffffec8400000e4600002087ffffda33fffff0f3ffffe54ffffffe3c
1 eb5c49538f6d1d2e 0 0000000000000000 1 00001185ffffec8400000e4600002087ffffda33fffff0f3ffffe54ffffffe3c
1 910f229403f4ac01 0 0000000000000000 1 00001185ffffec8400000e4600002087ffffda33fffff0f3ffffe54ffffffe3c
1 dfc73a7dd3340e01 0 0000000000000000 1 00001185ffffec8400000e4600002087ffffda33fffff0f3ffffe54ffffffe3c
1 d308c4d89811fa9e 0 0000000000000000 1 00001185ffffec8400000e4600002087ffffda33fffff0f3ffffe54ffffffe3c
0 0000000000000000 1 34827ef7afecd8c7 1 ffffef2300004641ffffb1ccffffb0affffff4b6000024bf00006edb00002fbd
0 0000000000000000 1 f1821a6261ec2a05 0 0000000000000000000000000000000000000000000000000000000000000000
0 0000000000000000 1 10a4bcbcc8b6984c 0 0000000000000000000000000000000000000000000000000000000000000000
0 0000000000000000 1 5c1548b8abf826d2 0 0000000000000000000000000000000000000000000000000000000000000000
0 0000000000000000 1 a16fe585e20f091d 0 0000000000000000000000000000000000000000000000000000000000000000
0 0000000000000000 1 a5378d7e83e8f00d 0 0000000000000000000000000000000000000000000000000000000000000000
0 0000000000000000 1 eda8303fe9938c9f 0 0000000000000000000000000000000000000000000000000000000000000000
0 0000000000000000 1 93fdba1ecc9328ae 0 0000000000000000000000000000000000000000000000000000000000000000
0 0000000000000000 0 0000000000000000 0 0000000000000000000000000000000000000000000000000000000000000000
0 0000000000000000 0 0000000000000000 0 0000000000000000000000000000000000000000000000000000000000000000
0 0000000000000000 0 0000000000000000 0 0000000000000000000000000000000000000000000000000000000000000000
0 0000000000000000 0 0000000000000000 0 0000000000000000000000000000000000000000000000000000000000000000
0 0000000000000000 0 0000000000000000 0 0000000000000000000000000000000000000000000000000000000000000000
0 0000000000000000 0 0000000000000000 0 0000000000000000000000000000000000000000000000000000000000000000
0 0000000000000000 0 0000000000000000 1 00000328ffffea30ffff756fffffa1f5000019260000232000006144ffffb3f9
0 0000000000000000 0 0000000000000000 1 ffffaf1000000077fffff14d00001605ffffa66800002e1f00002d1f00000f74
0 0000000000000000 0 0000000000000000 1 000048d200004142ffff9c58ffffc2ec000051baffffe6f000003018ffff91c2
0 0000000000000000 0 0000000000000000 1 00004073ffffe608ffffc8f5ffffdd5100002afd0000121200003033ffffc1e7
0 0000000000000000 0 0000000000000000 1 0000242500001371000032ff000048240000302f0000185dffffd8420000054f
0 0000000000000000 0 0000000000000000 1 ffffe020ffffab8d00003eea00000a7400003093ffff5dbeffff892000006050
0 0000000000000000 0 0000000000000000 1 00001541fffff1deffffbc0fffffe40f00001ebaffffebe70000387000001e40
0 0000000000000000 0 0000000000000000 1 00001953ffffd91a000034a4000072fa0000440cffffd2ecfffff14000004f5a
0 0000000000000000 0 0000000000000000 0 0000000000000000000000000000000000000000000000000000000000000000
0 0000000000000000 0 0000000000000000 0 0000000000000000000000000000000000000000000000000000000000000000
0 0000000000000000 0 0000000000000000 0 0000000000000000000000000000000000000000000000000000000000000000
0 0000000000000000 0 0000000000000000 0 0000000000000000000000000000000000000000000000000000000000000000
1 ff260b8bfe014cd3 0 0000000000000000 0 0000000000000000000000000000000000000000000000000000000000000000
1 010689ce9c66d728 0 0000000000000000 0 0000000000000000000000000000000000000000000000000000000000000000
1 87fcd980afd6babe 0 0000000000000000 0 0000000000000000000000000000000000000000000000000000000000000000
1 1bf332e6031c9f74 0 0000000000000000 0 0000000000000000000000000000000000000000000000000000000000000000
1 1ae75959768ecb4f 0 0000000000000000 0 0000000000000000000000000000000000000000000000000000000000000000
1 57bff3d868431b48 0 0000000000000000 0 0000000000000000000000000000000000000000000000000000000000000000
1 b1fcda61c36a34f2 0 0000000000000000 0 0000000000000000000000000000000000000000000000000000000000000000
1 2166771902119631 0 0000000000000000 0 0000000000000000000000000000000000000000000000000000000000000000
0 0000000000000000 1 dd7bc587b4b0284f 0 0000000000000000000000000000000000000000000000000000000000000000
0 0000000000000000 1 0b0ae8eafd16399d 0 0000000000000000000000000000000000000000000000000000000000000000
0 0000000000000000 1 c36ff304110126c6 0 0000000000000000000000000000000000000000000000000000000000000000
0 0000000000000000 1 b78fbed43c644cdc 0 0000000000000000000000000000000000000000000000000000000000000000
0 0000000000000000 0 0000000000000000 0 0000000000000000000000000000000000000000000000000000000000000000
0 0000000000000000 1 4f40d5055c6abfe4 0 0000000000000000000000000000000000000000000000000000000000000000
0 0000000000000000 1 6ef7840b81bf8162 0 0000000000000000000000000000000000000000000000000000000000000000
0 0000000000000000 1 81cfaf50474a8f1b 0 0000000000000000000000000000000000000000000000000000000000000000
0 0000000000000000 0 0000000000000000 0 0000000000000000000000000000000000000000000000000000000000000000
0 0000000000000000 1 92fd4cadc4034a5f 0 0000000000000000000000000000000000000000000000000000000000000000
0 0000000000000000 0 0000000000000000 0 0000000000000000000000000000000000000000000000000000000000000000
0 0000000000000000 0 0000000000000000 0 0000000000000000000000000000000000000000000000000000000000000000
0 0000000000000000 0 0000000000000000 0 0000000000000000000000000000000000000000000000000000000000000000
0 0000000000000000 0 0000000000000000 0 0000000000000000000000000000000000000000000000000000000000000000
0 0000000000000000 0 0000000000000000 1 ffffeaad00003f57ffffbf1a00002ab6ffff95080000500800000e9affffd0bc
0 0000000000000000 0 0000000000000000 1 fffff1d7ffffd5bbffffc28b00000eb4fffffc8b00001dae00004813ffffeb0b
0 0000000000000000 0 0000000000000000 1 fffff61affffdfeeffffb1cd00001ac8ffffd80300003322fffffa7900001994
0 0000000000000000 0 0000000000000000 1 00002662ffffc7000000269e00007b6b000072f8fffff53d00003b9d00001bd9
0 0000000000000000 0 0000000000000000 0 0000000000000000000000000000000000000000000000000000000000000000
0 0000000000000000 0 0000000000000000 1 0000529cffffdf9b00000468ffffd872000058c9fffff76900000d97000041dd
0 0000000000000000 0 0000000000000000 1 00004c240000576f00003581ffffc3d2fffff41a00000bdb000010e6fffff071
0 0000000000000000 0 0000000000000000 1 000075bdffffdc0100005f89000048ee000088a0ffffc8c6ffffb0f400007ddf
0 0000000000000000 0 0000000000000000 0 0000000000000000000000000000000000000000000000000000000000000000
0 0000000000000000 0 0000000000000000 1 ffffc41400001c6cffffed0b00002547ffffbdaf00002948ffffdeedffffd621
0 0000000000000000 0 0000000000000000 0 0000000000000000000000000000000000000000000000000000000000000000
1 c9f9e8ddeaecffff 0 0000000000000000 0 0000000000000000000000000000000000000000000000000000000000000000
1 384ad3e818cbbb99 0 0000000000000000 0 0000000000000000000000000000000000000000000000000000000000000000
1 462e8d24c68066b0 0 0000000000000000 0 0000000000000000000000000000000000000000000000000000000000000000
1 429a88c8cbac72a4 0 0000000000000000 0 0000000000000000000000000000000000000000000000000000000000000000
1 68610b30542479a6 0 0000000000000000 0 0000000000000000000000000000000000000000000000000000000000000000
1 9cd3c16f0067c310 0 0000000000000000 0 0000000000000000000000000000000000000000000000000000000000000000
1 293a9e8a7c756076 0 0000000000000000 0 0000000000000000000000000000000000000000000000000000000000000000
1 629bbc222f926b44 0 0000000000000000 0 0000000000000000000000000000000000000000000000000000000000000000
0 0000000000000000 1 facf62f99255f3fa 0 0000000000000000000000000000000000000000000000000000000000000000
0 0000000000000000 1 9a32d6ef565c0875 0 0000000000000000000000000000000000000000000000000000000000000000
0 0000000000000000 1 1e9903ec8273ae24 0 0000000000000000000000000000000000000000000000000000000000000000
0 0000000000000000 1 319b245a4d1ce675 0 0000000000000000000000000000000000000000000000000000000000000000
0 0000000000000000 1 b4472953eac9dcd0 0 0000000000000000000000000000000000000000000000000000000000000000
0 0000000000000000 1 24650b7e76aee6d4 0 0000000000000000000000000000000000000000000000000000000000000000
0 0000000000000000 1 05143c39d1950aec 0 0000000000000000000000000000000000000000000000000000000000000000
0 0000000000000000 1 6195f77100dce5aa 0 0000000000000000000000000000000000000000000000000000000000000000
0 0000000000000000 0 0000000000000000 0 0000000000000000000000000000000000000000000000000000000000000000
0 0000000000000000 0 0000000000000000 0 0000000000000000000000000000000000000000000000000000000000000000
0 0000000000000000 0 0000000000000000 0 0000000000000000000000000000000000000000000000000000000000000000
0 0000000000000000 0 0000000000000000 0 0000000000000000000000000000000000000000000000000000000000000000
0 0000000000000000 1 f9c7ea8b4598f20f 0 0000000000000000000000000000000000000000000000000000000000000000
0 0000000000000000 1 617634fd0bdb0c4f 0 0000000000000000000000000000000000000000000000000000000000000000
0 0000000000000000 1 efe46bdaf63977df 1 ffffbd4bffffcd33ffffcd5c00002a27ffffbbadffffeb47ffffe18800001c07
0 0000000000000000 0 0000000000000000 1 00003e0efffff489ffffe68600004af00000501000001ab00000213f000009cc
0 0000000000000000 0 0000000000000000 1 ffff7f3affff852d00000b6f00004f2bffffacc6ffffffa6ffffad46000046d3
0 0000000000000000 0 0000000000000000 1 00003d65ffffa847ffffba1800002a3ffffff9afffffb97d00009654fffff6a0
0 0000000000000000 1 617943621a3f37f2 1 000034e000000903ffffe871ffffe597ffffd13fffffb2740000039affffa00b
0 0000000000000000 1 03406f46fb3c0041 1 00006cd000003294ffffd9c2ffffd04efffffbd8ffffb00f0000504dffff6039
0 0000000000000000 1 3004c8b705830ce8 1 0000330d000004dfffffe024ffffbaf0ffffd9cdffffa64500002a8dffffd9d5
0 0000000000000000 1 0a635ca54e41a8f0 1 ffffd73effffd1eb000002d4ffffd433ffffbb69fffff820000025b4ffffdf56
0 0000000000000000 1 0f17f54c43f61b31 0 0000000000000000000000000000000000000000000000000000000000000000
0 0000000000000000 0 0000000000000000 0 0000000000000000000000000000000000000000000000000000000000000000
0 0000000000000000 0 0000000000000000 0 0000000000000000000000000000000000000000000000000000000000000000
1 99ffabe9a1d9cee3 0 0000000000000000 0 0000000000000000000000000000000000000000000000000000000000000000
1 62b28f68ae98122d 0 0000000000000000 0 0000000000000000000000000000000000000000000000000000000000000000
1 d53e7964fb2c2ba0 0 0000000000000000 0 0000000000000000000000000000000000000000000000000000000000000000
1 1c85a1e534b2da1e 0 0000000000000000 0 0000000000000000000000000000000000000000000000000000000000000000
1 8c161cee2ebcebbc 0 0000000000000000 0 0000000000000000000000000000000000000000000000000000000000000000
1 fc00d94a6f4d130e 0 0000000000000000 0 0000000000000000000000000000000000000000000000000000000000000000
1 58de8c9198f11603 0 0000000000000000 0 0000000000000000000000000000000000000000000000000000000000000000
1 872bb41924410dd8 0 0000000000000000 0 0000000000000000000000000000000000000000000000000000000000000000
0 0000000000000000 1 dfa374cba8e5dbe7 0 0000000000000000000000000000000000000000000000000000000000000000
0 0000000000000000 1 78d5ae2ccc5fd773 1 000010f900003d8d000069560000051700002b14000010c100000cf0000026a8
0 0000000000000000 1 c36ba43518811743 1 00002fb9ffffd46effffa519ffffe6a000000f7effff9d2d000026bcffffd54f
0 0000000000000000 1 30b1ad29e76529d4 1 ffffd21700004bd3ffffc081fffff71e00001ec30000383000002dd900002cb7
0 0000000000000000 1 23e8b7e4d53392e7 0 0000000000000000000000000000000000000000000000000000000000000000
0 0000000000000000 1 b3d51fe7e75b8d87 0 0000000000000000000000000000000000000000000000000000000000000000
0 0000000000000000 1 b3cbdae22ae42e70 0 0000000000000000000000000000000000000000000000000000000000000000
0 0000000000000000 0 0000000000000000 1 00001384ffffbc59ffff8d980000368effffe872ffffe795000047f3ffff9c9a
0 0000000000000000 1 542339fbbeb9c3bc 1 ffffeee9fffff03affffe24a0000580900000179ffffdecd0000403dffffe5d7
0 0000000000000000 0 0000000000000000 1 fffffecc00000ee900000432ffffc243ffffab47ffffdfdb000012f400002016
0 0000000000000000 0 0000000000000000 1 ffffcd6c000033810000497d000086c10000134fffffdf49ffffe465ffff9eef
0 0000000000000000 0 0000000000000000 1 ffffe0d9ffffdc28ffffbd89ffffed2900000658ffffafe2000009ed0000166a
0 0000000000000000 0 0000000000000000 0 0000000000000000000000000000000000000000000000000000000000000000
0 0000000000000000 0 0000000000000000 0 0000000000000000000000000000000000000000000000000000000000000000
0 0000000000000000 0 0000000000000000 1 fffff7ca00004b2d0000912e00001c1200000d00000059f800001c06ffffdb0d
0 0000000000000000 1 4efce0528061ab14 1 ffffa379fffff7edffff9054fffffb3400002c7500002dadffffdede00000f50
0 0000000000000000 0 0000000000000000 1 0000361affffba27ffff9d88ffffdd98ffffce40ffffa0f4fffff61a00002ae9
0 0000000000000000 1 5c955516507cdf43 1 00000d83ffffe119ffffc4daffffbfba000021e600001578ffffe7e100002420
0 0000000000000000 1 767ec5f13e69134f 1 ffffea9f000009aa000013a70000189000002dff00001b43ffffebf6000020bd
0 0000000000000000 1 7fd2cdec876b6b86 1 00002225000019b900008be90000464e000065550000342c00000db600000fc9
0 0000000000000000 0 0000000000000000 1 ffffd613000025f9fffffce6ffffd1a7000020ab00002a0900000d80ffffec7e
0 0000000000000000 1 b532ae259b941b72 0 0000000000000000000000000000000000000000000000000000000000000000
0 0000000000000000 0 0000000000000000 1 00000babfffffc39000024e200002164ffffb810ffffdecafffff3d2fffffe3c
0 0000000000000000 1 7e87a80be3f0c1c1 0 0000000000000000000000000000000000000000000000000000000000000000
0 0000000000000000 1 9879026ef2fa4d3c 0 0000000000000000000000000000000000000000000000000000000000000000
0 0000000000000000 1 ae9287987dd536ec 0 0000000000000000000000000000000000000000000000000000000000000000
0 0000000000000000 0 0000000000000000 0 0000000000000000000000000000000000000000000000000000000000000000
0 0000000000000000 0 0000000000000000 0 0000000000000000000000000000000000000000000000000000000000000000
0 0000000000000000 0 0000000000000000 0 0000000000000000000000000000000000000000000000000000000000000000
0 0000000000000000 0 0000000000000000 1 ffffff3effffd56affffbe1d00002e1100002e050000207effffea5900002f41
0 0000000000000000 0 0000000000000000 0 0000000000000000000000000000000000000000000000000000000000000000
0 0000000000000000 1 25fe976defd5891e 1 ffff54f4000040c50000219e00001e3800005de90000485afffff4baffffac26
0 0000000000000000 1 332151217e39fd69 1 ffffcc7cffffe224ffff619b00002c97ffffe604ffffd753fffff27b0000064d
0 0000000000000000 1 3a88ffbb4619d07a 1 00005546ffffddadffffafa7ffffbd38ffffb891000017bffffff33b0000349e
0 0000000000000000 1 c0c059b38abb376b 0 0000000000000000000000000000000000000000000000000000000000000000
0 0000000000000000 1 23264ece06815004 1 000045fdffffd24effffa5acffffde6dffffd905fffff37400000747000037cc
0 0000000000000000 1 c82a477df2e7ad91 0 0000000000000000000000000000000000000000000000000000000000000000
0 0000000000000000 1 2bc029e90120e9a8 1 ffffc47b0000051200000c6affffb2910000008a00000212ffffc70c00000eae
0 0000000000000000 1 ea112efa6b4a423a 1 00006868ffffa5d2ffff8fed00001367fffffa2effffca27000017320000281c
0 0000000000000000 0 0000000000000000 1 ffffe3e1000036b600003ae0ffff87cc000019f800000db1fffff993fffff758
0 0000000000000000 0 0000000000000000 0 0000000000000000000000000000000000000000000000000000000000000000
0 0000000000000000 0 0000000000000000 0 0000000000000000000000000000000000000000000000000000000000000000
0 0000000000000000 0 0000000000000000 0 0000000000000000000000000000000000000000000000000000000000000000
0 0000000000000000 0 0000000000000000 0 0000000000000000000000000000000000000000000000000000000000000000
0 0000000000000000 0 0000000000000000 0 0000000000000000000000000000000000000000000000000000000000000000
0 0000000000000000 0 0000000000000000 1 ffffdf32ffffc60cffffcc3afffff2a5000029f7ffffce17ffffcc5100002bb0
0 0000000000000000 0 0000000000000000 1 ffff81790000165fffffe1d300003828000026f7fffff93400000009ffffb6b9
0 0000000000000000 0 0000000000000000 1 ffff49130000662100003039fffff3f500003efe0000537bfffff47effffb7c6
0 0000000000000000 0 0000000000000000 1 000000c200004ed400003d0ffffffd97ffffe07400006d0b00003119ffffdd19
0 0000000000000000 0 0000000000000000 1 000006c5000015c300000998ffffe89bffff853cffffdc6800000d85ffffd761
0 0000000000000000 0 0000000000000000 1 00004706ffffbfbc00003c110000378d00002416ffffc277fffff9c900001479
1 a5b9086e03ea9d81 0 0000000000000000 1 00004706ffffbfbc00003c110000378d00002416ffffc277fffff9c900001479
1 03757df4534d4bd8 0 0000000000000000 1 00004706ffffbfbc00003c110000378d00002416ffffc277fffff9c900001479
1 30f55b286499a033 0 0000000000000000 1 00004706ffffbfbc00003c110000378d00002416ffffc277fffff9c900001479
1 72f8bbba30913177 0 0000000000000000 1 00004706ffffbfbc00003c110000378d00002416ffffc277fffff9c900001479
1 e2e624c5e3ba4486 0 0000000000000000 1 00004706ffffbfbc00003c110000378d00002416ffffc277fffff9c900001479
1 df4065a46eced707 0 0000000000000000 1 00004706ffffbfbc00003c110000378d00002416ffffc277fffff9c900001479
1 56ecd208d76982a6 0 0000000000000000 1 00004706ffffbfbc00003c110000378d00002416ffffc277fffff9c900001479
1 05a0165128d8def0 0 0000000000000000 1 00004706ffffbfbc00003c110000378d00002416ffffc277fffff9c900001479
0 0000000000000000 0 0000000000000000 1 ffffef8c00001cac000049abffffff2300000a18000015defffff940ffffecc6
0 0000000000000000 0 0000000000000000 1 ffffc9450000191effffe913000012660000214200000ae000001371ffffd2dd
0 0000000000000000 0 0000000000000000 0 0000000000000000000000000000000000000000000000000000000000000000
0 0000000000000000 1 ce4937cdbb442565 0 0000000000000000000000000000000000000000000000000000000000000000
0 0000000000000000 1 11059b5cc221e8bd 0 0000000000000000000000000000000000000000000000000000000000000000
0 0000000000000000 0 0000000000000000 0 0000000000000000000000000000000000000000000000000000000000000000
0 0000000000000000 1 1ff4f0cc6630864f 0 0000000000000000000000000000000000000000000000000000000000000000
0 0000000000000000 0 0000000000000000 0 0000000000000000000000000000000000000000000000000000000000000000
0 0000000000000000 0 0000000000000000 0 0000000000000000000000000000000000000000000000000000000000000000
0 0000000000000000 1 e2192a60f1f159b6 0 0000000000000000000000000000000000000000000000000000000000000000
0 0000000000000000 0 0000000000000000 0 0000000000000000000000000000000000000000000000000000000000000000
0 0000000000000000 1 b9b61e9db316253d 0 0000000000000000000000000000000000000000000000000000000000000000
0 0000000000000000 0 0000000000000000 0 0000000000000000000000000000000000000000000000000000000000000000
0 0000000000000000 1 04a363bf2111c27c 0 0000000000000000000000000000000000000000000000000000000000000000
0 0000000000000000 0 0000000000000000 0 0000000000000000000000000000000000000000000000000000000000000000
0 0000000000000000 1 febb778e94f88f05 0 0000000000000000000000000000000000000000000000000000000000000000
0 0000000000000000 1 7e3d44408a5df7ae 0 0000000000000000000000000000000000000000000000000000000000000000
0 0000000000000000 0 0000000000000000 1 000013f400001db40000568900001636000051e500001f38ffffcd7e00001012
0 0000000000000000 1 4cc687928da33410 1 000009b000002895ffffc921ffffca9dfffffa3200000bec0000315500003881
0 0000000000000000 1 85d38426657132b6 0 0000000000000000000000000000000000000000000000000000000000000000
0 0000000000000000 1 f5730dc15696a647 1 ffffa11affffe1c70000416e000006070000156dffffb31000003181ffffcdcb
0 0000000000000000 1 9baedf08ef85376b 0 0000000000000000000000000000000000000000000000000000000000000000
0 0000000000000000 1 19f942c6ebb9a587 0 0000000000000000000000000000000000000000000000000000000000000000
0 0000000000000000 1 5970af33558604f2 1 00005dba00002183ffffe1f2ffffd27700000b99000006acfffff1fe00002c0b
0 0000000000000000 1 77fd25e28e647489 0 0000000000000000000000000000000000000000000000000000000000000000
0 0000000000000000 1 ba000818bb0d6185 1 000005b8ffffe73bfffffb7100002304fffff61d0000251affffb54a00001b38
0 0000000000000000 0 0000000000000000 0 0000000000000000000000000000000000000000000000000000000000000000
0 0000000000000000 0 0000000000000000 1 ffffdaa4ffffa9680000289200003ee700001d40ffff9ee3ffffc5bb000000d7
0 0000000000000000 0 0000000000000000 0 0000000000000000000000000000000000000000000000000000000000000000
0 0000000000000000 0 0000000000000000 1 ffffcb46ffffef64000029aa00004df500001e64ffffdcefffffc5a900004927
0 0000000000000000 1 bd6856a75966e15a 1 fffffa64000036b30000375000000bf4000065c6ffffe7a2ffffb4fa00002653
0 0000000000000000 1 61649ac23344db3e 0 0000000000000000000000000000000000000000000000000000000000000000
0 0000000000000000 1 3f3cbee3ef140f41 1 ffffc7e1ffffc36bffff9bdc00007129ffff896f00008cd7ffffbe91ffffb91a
0 0000000000000000 1 9233f0e6b93a854c 1 000019d100003b86ffffdb4effff59c1ffffd83300000cd50000521b00000304
0 0000000000000000 0 0000000000000000 1 ffffd26100000231000045f500002f11000000a4000006cd00005fb3ffffc81d
0 0000000000000000 1 bd047c68847a03c2 1 000046bbffffae42ffff9350000024ccffffadd300001c56000002d8000026c7
0 0000000000000000 0 0000000000000000 1 ffffd442000019b600000b7200001a78ffffec78fffffb880000131500001680
0 0000000000000000 1 cf79f4f6f32d53a0 1 fffff009fffffa32ffffe8d400001a57ffffce66000028ee0000508affff9d8b
0 0000000000000000 0 0000000000000000 1 fffff45b0000251d00000fd80000159100001bf6000040ceffff65e6ffffd694
0 0000000000000000 1 5ec5013bf33a7a16 1 000049aa00004320ffffd99dffffc3f4fffff174000043b9ffffe8d90000364d
0 0000000000000000 0 0000000000000000 0 0000000000000000000000000000000000000000000000000000000000000000
0 0000000000000000 1 3cb01186b7e438d6 0 0000000000000000000000000000000000000000000000000000000000000000
0 0000000000000000 0 0000000000000000 0 0000000000000000000000000000000000000000000000000000000000000000
0 0000000000000000 0 0000000000000000 0 0000000000000000000000000000000000000000000000000000000000000000
0 0000000000000000 0 0000000000000000 1 ffffe14b000032550000a94fffffe6730000669dffffe1fe000011b4ffffd666
0 0000000000000000 0 0000000000000000 1 ffff95ff0000109500004e4a00001447000015250000259300001ecdffff81cd
0 0000000000000000 0 0000000000000000 1 ffffd6befffffadf00001803000027a40000073f00003080fffff4aeffffbc0e
0 0000000000000000 1 198cb4f8062338cf 1 fffff22100003a2300004051ffffe2ad000044a9fffff444000050cd0000693e
0 0000000000000000 1 74ea26d1fa832297 0 0000000000000000000000000000000000000000000000000000000000000000
0 0000000000000000 1 e8ccd3b01fe6d69c 1 00005c0700004df1000028bcffffb72c00007cc0ffffbcf9ffffd2c50000aae9
0 0000000000000000 1 ac70a5bc493f20c3 0 0000000000000000000000000000000000000000000000000000000000000000
0 0000000000000000 1 784c65ded96a27bb 1 000021dd00006fce000030beffffbd2d0000189c00005d9400001239ffffee9c
0 0000000000000000 1 87002d1e21e86c58 0 0000000000000000000000000000000000000000000000000000000000000000
0 0000000000000000 1 e8e290b20845e6ae 1 00001bd1ffffc71effffd79b0000141b000003b8fffff305ffff8992ffffd1ba
0 0000000000000000 1 a7e69a6987d0dc24 0 0000000000000000000000000000000000000000000000000000000000000000
0 0000000000000000 0 0000000000000000 1 ffffd4c0ffffd9abffffdec1000050e5ffffc33d000047cdffff8ebeffffca5f
0 0000000000000000 0 0000000000000000 0 0000000000000000000000000000000000000000000000000000000000000000
0 0000000000000000 0 0000000000000000 0 0000000000000000000000000000000000000000000000000000000000000000
0 0000000000000000 0 0000000000000000 0 0000000000000000000000000000000000000000000000000000000000000000
0 0000000000000000 0 0000000000000000 0 0000000000000000000000000000000000000000000000000000000000000000
0 0000000000000000 0 0000000000000000 0 0000000000000000000000000000000000000000000000000000000000000000
0 0000000000000000 0 0000000000000000 1 fffff095ffffddb5ffffafa9ffffeac7ffffb93b00001328ffffd640ffffe056
0 0000000000000000 0 0000000000000000 1 ffffe2e4ffffdbb0ffffd1c4000053cfffffb56000002ce9ffffc516ffffb5aa
0 0000000000000000 0 0000000000000000 1 ffffcb8400001275ffffe47bffffe837ffffb6b300002237000029f6ffffeb69
0 0000000000000000 0 0000000000000000 1 ffffe8b600006d3b00003e2cffffa144fffff72d000061650000580fffffbdee
1 9788a05d2c7d5a9f 0 0000000000000000 1 ffffe8b600006d3b00003e2cffffa144fffff72d000061650000580fffffbdee
1 7f7f079d08bdd22b 0 0000000000000000 1 ffffe8b600006d3b00003e2cffffa144fffff72d000061650000580fffffbdee
1 937823e3f2ce81d9 0 0000000000000000 1 ffffe8b600006d3b00003e2cffffa144fffff72d000061650000580fffffbdee
1 c0ed24cc98901f62 0 0000000000000000 1 ffffe8b600006d3b00003e2cffffa144fffff72d000061650000580fffffbdee
1 225a28bb767d9c18 0 0000000000000000 1 ffffe8b600006d3b00003e2cffffa144fffff72d000061650000580fffffbdee
1 41ac7ff23ba6541c 0 0000000000000000 1 ffffe8b600006d3b00003e2cffffa144fffff72d000061650000580fffffbdee
1 026357a5702a2c39 0 0000000000000000 1 ffffe8b600006d3b00003e2cffffa144fffff72d000061650000580fffffbdee
1 ce19f7a9d4ae41bf 0 0000000000000000 1 ffffe8b600006d3b00003e2cffffa144fffff72d000061650000580fffffbdee
0 0000000000000000 0 0000000000000000 1 ffffd6210000337700006d530000175c00005c1000000364ffff961cffffc8ff
0 0000000000000000 1 4adb589a6cfde9cf 1 00006ca70000030ffffff375ffffeb13000004300000057fffffef6d00001716
0 0000000000000000 1 b5c9d94c2423a032 1 fffff3bf000034d600000189ffffc586ffffcfb600003a6800002a53ffffe25d
0 0000000000000000 1 a1521e8732bee541 1 000031c3ffffdf54ffffc5b7ffffeba4ffffe6d800001169000049a200008f76
0 0000000000000000 1 4fd55c9bcd5ee25d 0 0000000000000000000000000000000000000000000000000000000000000000
0 0000000000000000 1 5773c3a894da896c 0 0000000000000000000000000000000000000000000000000000000000000000
0 0000000000000000 1 c2d5759bcc16b7ff 0 0000000000000000000000000000000000000000000000000000000000000000
0 0000000000000000 0 0000000000000000 0 0000000000000000000000000000000000000000000000000000000000000000
0 0000000000000000 1 3c9a7d86cb6d58d0 0 0000000000000000000000000000000000000000000000000000000000000000
0 0000000000000000 1 714e9b006c097ef4 0 0000000000000000000000000000000000000000000000000000000000000000
0 0000000000000000 1 40342ef037b3ada3 0 0000000000000000000000000000000000000000000000000000000000000000
0 0000000000000000 1 0561daf477cdff3c 0 0000000000000000000000000000000000000000000000000000000000000000
0 0000000000000000 1 27ced654213525ca 0 0000000000000000000000000000000000000000000000000000000000000000
0 0000000000000000 1 723ef45a8749f7ae 0 0000000000000000000000000000000000000000000000000000000000000000
0 0000000000000000 1 3fca25eb427a1acd 0 0000000000000000000000000000000000000000000000000000000000000000
0 0000000000000000 1 5993ba6c1a018b3c 1 ffffda4c0000150dffffea3800002fd300005fa300008af7ffffad17ffffba69
0 0000000000000000 1 f5884b0a7a166fe5 1 0000043cffffd0e100001495fffff485ffffbab7ffffb5a6000005af00001b59
0 0000000000000000 1 2ea6b8ed895e0128 1 00004a1900008f65fffff490ffffbc990000129a00000199ffff9502ffffe5d5
0 0000000000000000 0 0000000000000000 1 ffffbb0affffc4f7fffff8c600002b1600001148ffffef6300002edaffff8d5f
0 0000000000000000 0 0000000000000000 1 00001753ffffbd3cffff7dd7000030b4ffffb878ffffe14e00004237ffff95c2
0 0000000000000000 0 0000000000000000 1 ffffe9d60000103e000001e200002878ffffe3f8ffffd589ffffba63ffffc550
0 0000000000000000 0 0000000000000000 0 0000000000000000000000000000000000000000000000000000000000000000
0 0000000000000000 0 0000000000000000 1 ffffbcc4ffffdbde00003408000041380000614b000032910000160bffffbd1f
0 0000000000000000 0 0000000000000000 1 0000374f000014f400000a88ffffd0040000886d000080930000373100001be2
0 0000000000000000 0 0000000000000000 1 fffff53b000015f8ffffb6eb000033ad000003e3000055c1ffff9fc5ffffe538
0 0000000000000000 0 0000000000000000 1 0000386100005ce6fffff0bdffffb1ba00002b3100002e61ffffd192000005b7
0 0000000000000000 0 0000000000000000 1 fffff0c2ffffbe3d0000240000000e9b00001a350000186e000032da00002e38
0 0000000000000000 0 0000000000000000 1 fffff105ffff8f09fffff31800003c34ffffd4d5ffffc67300005ea4000012f5
0 0000000000000000 0 0000000000000000 1 fffff2c6ffffced400003a7800001b7900005e54000038cb000010b9fffff7a7
0 0000000000000000 0 0000000000000000 1 ffff9f4dffff58ceffffbbf300004a9dffffb28f00000c56000053faffffd93d
0 0000000000000000 0 0000000000000000 1 ffffc27a0000380000005127ffffdf84000064b4000055b5ffffd17c000015d4
1 d339acf7e6a7b889 0 0000000000000000 1 ffffc27a0000380000005127ffffdf84000064b4000055b5ffffd17c000015d4
1 92775b0b17b6fd64 0 0000000000000000 1 ffffc27a0000380000005127ffffdf84000064b4000055b5ffffd17c000015d4
1 b7a777ebc0024071 0 0000000000000000 1 ffffc27a0000380000005127ffffdf84000064b4000055b5ffffd17c000015d4
1 371c68bf09d21a8a 0 0000000000000000 1 ffffc27a0000380000005127ffffdf84000064b4000055b5ffffd17c000015d4
1 5c041d92c70c414b 0 0000000000000000 1 ffffc27a0000380000005127ffffdf84000064b4000055b5ffffd17c000015d4
1 904d79329a097a4d 0 0000000000000000 1 ffffc27a0000380000005127ffffdf84000064b4000055b5ffffd17c000015d4
1 d0e36f0a03c115df 0 0000000000000000 1 ffffc27a0000380000005127ffffdf84000064b4000055b5ffffd17c000015d4
1 a998ff58a9e7085f 0 0000000000000000 1 ffffc27a0000380000005127ffffdf84000064b4000055b5ffffd17c000015d4
0 0000000000000000 1 6d1595b1aa7afed4 1 ffffeeeeffff5910fffffabf00004c84ffffe920ffffdc970000996bffffd857
0 0000000000000000 1 e04bb2f7a19d2224 0 0000000000000000000000000000000000000000000000000000000000000000
0 0000000000000000 1 dff09113d23b315d 0 0000000000000000000000000000000000000000000000000000000000000000
0 0000000000000000 1 a3c79bb9fda5fee1 0 0000000000000000000000000000000000000000000000000000000000000000
0 0000000000000000 1 7f86818a889ec9b7 0 0000000000000000000000000000000000000000000000000000000000000000
0 0000000000000000 1 d9e2249a5098a8cc 0 0000000000000000000000000000000000000000000000000000000000000000
0 0000000000000000 1 08e4c29cc93994b5 0 0000000000000000000000000000000000000000000000000000000000000000
0 0000000000000000 1 a04c455dbb8ac966 0 0000000000000000000000000000000000000000000000000000000000000000
0 0000000000000000 1 c79e87cec772686a 0 0000000000000000000000000000000000000000000000000000000000000000
0 0000000000000000 1 f5e99fb61110a3d8 0 0000000000000000000000000000000000000000000000000000000000000000
0 0000000000000000 1 59b6ccfa08e452df 0 0000000000000000000000000000000000000000000000000000000000000000
0 0000000000000000 1 4e8cebe06d4fb584 0 0000000000000000000000000000000000000000000000000000000000000000
0 0000000000000000 1 e79b7bee9f3e6f7f 0 0000000000000000000000000000000000000000000000000000000000000000
0 0000000000000000 1 19dfd16244e07ee5 0 0000000000000000000000000000000000000000000000000000000000000000
0 0000000000000000 1 5ae971b6223ca41b 1 ffffac670000740bffffc1180000477c00000042ffffe671ffffe117ffffc626
0 0000000000000000 1 dc1a9d55f2c76696 1 fffff04500000422ffffd24b0000303800004defffffe2a3ffffb052ffffdd42
0 0000000000000000 0 0000000000000000 1 ffffdd46ffffff94000004d2000045edfffff209fffff69800000703ffffefcd
0 0000000000000000 0 0000000000000000 1 00006808ffffdd8cffff925dffffffea00004a8400003cf5ffffcd1affffe19d
0 0000000000000000 0 0000000000000000 1 00004bd500000759fffeec83000023da00005dac000016ebffff5e03ffff3f02
0 0000000000000000 1 0755756eff6f2e5d 1 00005ffdffffd2c3ffff9b62ffffcb0700001cf2000043abffffe3de00003585
0 0000000000000000 0 0000000000000000 1 000007db00003a5fffff9427000021c20000166a00003820ffffe66bfffff731
0 0000000000000000 0 0000000000000000 1 fffff300ffffb85c00002889000010e200001dabfffff76dffffe9ba00003323
0 0000000000000000 0 0000000000000000 1 ffffce02ffffd4e8ffffff6a00006bacffffd5f1000015930000218d0000015f
0 0000000000000000 1 784c393418d5f3d9 1 000035b800002c5affff919a000004950000170b0000332affffe6a9fffffa5c
0 0000000000000000 1 656e91f84fc3c238 1 000028a8fffffea9ffffc53dffffee6f000012a7ffffe58effffd49cffff88a4
0 0000000000000000 0 0000000000000000 1 0000600f00003395ffffb810ffffb529ffffe34c0000327400001a38ffffc742
0 0000000000000000 1 c6a21ce7456d0478 1 ffff8ae5ffff6fb80000581d00005ccdffffad1effffffff00003721000039cf
0 0000000000000000 1 73995bb78a9a3a5b 1 0000443b0000056b00002d59ffffc0d9000011f4ffffd49000000311ffff959b
0 0000000000000000 1 f9ba5bf3e1095a70 1 ffffc3fcffffec00ffffe8f90000082affffac3600000d3f00001a370000530e
0 0000000000000000 0 0000000000000000 1 00004e7400003dee000019aeffffcf5a000060c7ffffe38bffffe00affff7e48
0 0000000000000000 1 edc3701c7ad20893 0 0000000000000000000000000000000000000000000000000000000000000000
0 0000000000000000 1 14e17c0aafe3173f 0 0000000000000000000000000000000000000000000000000000000000000000
0 0000000000000000 1 3a698368028c49e7 0 0000000000000000000000000000000000000000000000000000000000000000
0 0000000000000000 1 78cf9a1968e74de0 1 ffff775d000002ce0000c6ed000015c1ffffa279ffffc199000060c800005c91
0 0000000000000000 1 d4e5c8d5197497b4 0 0000000000000000000000000000000000000000000000000000000000000000
0 0000000000000000 1 8091d056bcc86634 0 0000000000000000000000000000000000000000000000000000000000000000
0 0000000000000000 1 e288dd7cbbf4d10b 0 0000000000000000000000000000000000000000000000000000000000000000
0 0000000000000000 1 7ad81afb8d24a4b1 1 fffff04c000034ad00000c2cffffcc8b0000071cffffbe09ffffe035ffffd466
0 0000000000000000 1 f14c20de98a13ae1 1 00000c9600004e7fffffa021ffffef4800000e0dffffc902ffffb965fffff048
0 0000000000000000 1 864258abe5039819 0 0000000000000000000000000000000000000000000000000000000000000000
0 0000000000000000 0 0000000000000000 1 ffffe4cfffffab950000311400002319ffff920a00002e6900005f6b00006f24
0 0000000000000000 0 0000000000000000 1 ffffc6d4ffff760bffff9d83000042eefffff66bffffe358ffffa93bffffc52b
0 0000000000000000 0 0000000000000000 1 ffffbc8dffff875f000035c30000322bffffc186fffff77e00001f8500002da8
0 0000000000000000 0 0000000000000000 0 0000000000000000000000000000000000000000000000000000000000000000
0 0000000000000000 0 0000000000000000 1 00006724ffffdafc00002bf6ffff8b30fffffdbc000020dc00002b35000001f6
0 0000000000000000 0 0000000000000000 1 ffffbe73ffffa5d700001ef7000024f3ffffe4fcfffff08dfffffc39000010ae
0 0000000000000000 0 0000000000000000 1 000030f400005395ffffeb96ffffd51000005d93ffffa650ffffa834ffff71f3
0 0000000000000000 0 0000000000000000 1 00004f2b00002885ffffc36dffffc2220000085fffffd354ffffdbacffff7dae
1 02c4830824249449 0 0000000000000000 1 00004f2b00002885ffffc36dffffc2220000085fffffd354ffffdbacffff7dae
1 f80247d1f7f827f1 0 0000000000000000 1 00004f2b00002885ffffc36dffffc2220000085fffffd354ffffdbacffff7dae
1 f7d5efa2a7173b4a 0 0000000000000000 1 00004f2b00002885ffffc36dffffc2220000085fffffd354ffffdbacffff7dae
1 ae5cf0d2986be328 0 0000000000000000 1 00004f2b00002885ffffc36dffffc2220000085fffffd354ffffdbacffff7dae
1 77606158412a5b8d 0 0000000000000000 1 00004f2b00002885ffffc36dffffc2220000085fffffd354ffffdbacffff7dae
1 9c12dc316284e3b8 0 0000000000000000 1 00004f2b00002885ffffc36dffffc2220000085fffffd354ffffdbacffff7dae
1 534fd6212b3f1456 0 0000000000000000 1 00004f2b00002885ffffc36dffffc2220000085fffffd354ffffdbacffff7dae
1 e19d0286ca994977 0 0000000000000000 1 00004f2b00002885ffffc36dffffc2220000085fffffd354ffffdbacffff7dae
0 0000000000000000 0 0000000000000000 1 000015bd00004678ffffe5c5fffffd96fffff358000044e700002cf70000208e
0 0000000000000000 1 4c9c71a759e13f1b 1 fffffde6ffffd1e900001905000015f9000027070000196c00000013ffffb4b2
0 0000000000000000 1 23d7c468bb9ac7f8 1 000010ea00001bfeffffe430fffffc890000153b00001d66fffff2f0ffff88c8
0 0000000000000000 0 0000000000000000 1 fffff5e9000011baffff9fcc00001aed00000e5ffffffc7bffffce17ffff9d20
0 0000000000000000 1 8f3b8788fb431799 1 00000027ffffda57ffffed0d00000954000043bfffffe225ffffc3fcfffff46f
0 0000000000000000 1 15ec6fdeb3bbc879 1 00001266ffffe82f00001e83fffff60fffffcea3000001b8000021bb0000b031
0 0000000000000000 1 309e1d6e91dc228f 0 0000000000000000000000000000000000000000000000000000000000000000
0 0000000000000000 0 0000000000000000 0 0000000000000000000000000000000000000000000000000000000000000000
0 0000000000000000 1 9cd273d4a1bc4df7 0 0000000000000000000000000000000000000000000000000000000000000000
0 0000000000000000 1 9b8fba5c199e1a24 0 0000000000000000000000000000000000000000000000000000000000000000
0 0000000000000000 1 4028578c9df9014d 0 0000000000000000000000000000000000000000000000000000000000000000
0 0000000000000000 0 0000000000000000 0 0000000000000000000000000000000000000000000000000000000000000000
0 0000000000000000 0 0000000000000000 0 0000000000000000000000000000000000000000000000000000000000000000
0 0000000000000000 0 0000000000000000 0 0000000000000000000000000000000000000000000000000000000000000000
0 0000000000000000 1 0eaf3f240b5118d9 0 0000000000000000000000000000000000000000000000000000000000000000
0 0000000000000000 1 533cda4e75bae030 1 000062e4ffffe2a3ffffd92c00000f2600001ab10000150600002499000030be
0 0000000000000000 1 626a89c09772e5d1 1 ffffd89cfffff763ffffde83ffffdd30ffffb0850000478fffffbdac0000301b
0 0000000000000000 1 f469a9824bae3422 0 0000000000000000000000000000000000000000000000000000000000000000
0 0000000000000000 1 2e1ea9b47b12e2dd 1 00001f66000035e90000472e000072c900007ad2ffffbf110000056dffff6dd8
0 0000000000000000 1 ea151d41095b866b 1 ffffde21ffff7a42ffffe19dffff791fffff99fcffffd5aa00001c1a00007d5d
0 0000000000000000 1 e16bb522260dcc7c 1 ffffd25b000020aeffff992000000244ffffc70200006f74ffff961900003fe2
0 0000000000000000 1 1653e19eb6872723 0 0000000000000000000000000000000000000000000000000000000000000000
0 0000000000000000 0 0000000000000000 1 0000132affffe6c9fffff80cffffc38bffffba210000133d00002c0d00005408
0 0000000000000000 0 0000000000000000 1 00001db50000403200002425000002cbffffc656000040fa00001f2000000dc3
0 0000000000000000 0 0000000000000000 1 ffffed10ffff75edffffc93affffa79effffec95ffffb37fffffffec00006980
0 0000000000000000 1 753f7777fa37ec24 0 0000000000000000000000000000000000000000000000000000000000000000
0 0000000000000000 1 1abe23e7fbfca88d 0 0000000000000000000000000000000000000000000000000000000000000000
0 0000000000000000 1 507a651f0666e3f3 0 0000000000000000000000000000000000000000000000000000000000000000
0 0000000000000000 1 f2cfce191dc7729f 1 ffffe6df00001ec0ffffd0cd00001aac00000e5900000960ffffe9affffffac9
0 0000000000000000 1 dca4562fa3df89d1 1 000028ab000019f200002190fffff756ffffea7f000040e60000113d0000000c
0 0000000000000000 1 252cfa08cf433ed9 1 ffffb5bcffffd155ffffc5b200002b71000063c9ffffa8d9ffff90e1ffffd986
0 0000000000000000 1 389022cf60ca6358 1 000077aefffffe39000050510000238500004145fffff1b1000040fdffffe03c
0 0000000000000000 1 ab4bf5a80ee3ddbd 1 0000477b00001c6c00002d1c0000641200006b00fffff01c00000315ffff8fac
0 0000000000000000 0 0000000000000000 1 ffff9575ffffd28e0000160bffffb6ecffffd1bdffffa659000019acfffff627
0 0000000000000000 0 0000000000000000 1 ffffe0dffffff015000045bdffffce92ffffefe0ffffc10500003393fffff3f8
0 0000000000000000 1 3d45095be00a78ca 1 00003355ffffb7b900000350ffffd231fffff0d3fffffebd000007c0000049c8
0 0000000000000000 1 1e2d9182391d95c0 0 0000000000000000000000000000000000000000000000000000000000000000
0 0000000000000000 1 5b1eae6ecf82ad73 0 0000000000000000000000000000000000000000000000000000000000000000
0 0000000000000000 1 7e6de803ac051209 0 0000000000000000000000000000000000000000000000000000000000000000
0 0000000000000000 1 3918c248618d5e45 1 ffffb187ffffe95fffffc28fffffabbeffffbd1a00001be2ffffe68600004fe8
0 0000000000000000 1 3cd5f27890eb76cd 1 fffff9adfffff9b0ffffec7200002d8c00000aa400001825ffffcce2ffffc1d8
0 0000000000000000 1 fc9a0e14efe93c91 1 ffffc273ffffede1ffffeab7ffffd97dfffffdb2ffffeb24fffff53500000289
0 0000000000000000 1 5f2dc72a865a8292 1 00004fa0000063d7fffffa8c0000526800002022000068f8ffffee19fffff08b
0 0000000000000000 0 0000000000000000 1 ffffb149ffffd26cffffe3f9ffffc884ffff9edc00000f89ffffdba600001090
0 0000000000000000 0 0000000000000000 1 ffffe4700000101bffffd3920000106700002257fffffd17ffffd58500000d5b
0 0000000000000000 0 0000000000000000 1 00006999fffff767ffffe2d000000c1f000015ab000018d000002dc5000046ee
1 2dea5a5aafaaab6a 0 0000000000000000 1 00006999fffff767ffffe2d000000c1f000015ab000018d000002dc5000046ee
1 c8312e36e549f698 0 0000000000000000 1 00006999fffff767ffffe2d000000c1f000015ab000018d000002dc5000046ee
1 6f24f133a6daf40d 0 0000000000000000 1 00006999fffff767ffffe2d000000c1f000015ab000018d000002dc5000046ee
1 caa696971bd02233 0 0000000000000000 1 00006999fffff767ffffe2d000000c1f000015ab000018d000002dc5000046ee
1 c1f49cff9fb75d25 0 0000000000000000 1 00006999fffff767ffffe2d000000c1f000015ab000018d000002dc5000046ee
1 3ec496543fc72320 0 0000000000000000 1 00006999fffff767ffffe2d000000c1f000015ab000018d000002dc5000046ee
1 3d71c2c7321d126b 0 0000000000000000 1 00006999fffff767ffffe2d000000c1f000015ab000018d000002dc5000046ee
1 a189db008f3c52dd 0 0000000000000000 1 00006999fffff767ffffe2d000000c1f000015ab000018d000002dc5000046ee
0 0000000000000000 1 df48193fde7b7c14 1 000019e40000090d0000532300001e1b000019b1ffffee9f00002924ffffa967
0 0000000000000000 1 ae23aacacf17db10 0 0000000000000000000000000000000000000000000000000000000000000000
0 0000000000000000 1 c197a23d356d0299 0 0000000000000000000000000000000000000000000000000000000000000000
0 0000000000000000 1 f81ce24eda17396e 1 000007000000588dfffff9eb0000153dfffff94e0000566effffd603000038f2
0 0000000000000000 1 436649a2ca5d70f1 1 ffffb195000031de0000439600007d4a000063ceffffbee6ffffe542ffff6eb0
0 0000000000000000 1 7e7dd8859f32b9a9 1 ffff9362ffff7f1200000a4fffff97c1ffff6cfdfffff966ffffd5fc000064b3
0 0000000000000000 1 4d1a66498e05fd4f 1 00000c5900000a7200005d4600001f64ffffc191ffffe475ffffc672000045a2
0 0000000000000000 1 189a9597f5c8dfb7 1 ffffa3c5000002e1fffff904ffffc410fffff6aa00005dfb00002038000043f2
0 0000000000000000 0 0000000000000000 1 00003a1700001c6cfffff3f8fffff9140000441bfffff484ffffb6100000812b
1 11e6ac1fea50564f 0 0000000000000000 1 00003a1700001c6cfffff3f8fffff9140000441bfffff484ffffb6100000812b
1 1f4cefec73048d61 0 0000000000000000 1 00003a1700001c6cfffff3f8fffff9140000441bfffff484ffffb6100000812b
1 e0903a51a85312fd 0 0000000000000000 1 00003a1700001c6cfffff3f8fffff9140000441bfffff484ffffb6100000812b
1 9c8192b219af295b 0 0000000000000000 1 00003a1700001c6cfffff3f8fffff9140000441bfffff484ffffb6100000812b
1 3d5548064f9f5705 0 0000000000000000 1 00003a1700001c6cfffff3f8fffff9140000441bfffff484ffffb6100000812b
1 01bd2b100e138afb 0 0000000000000000 1 00003a1700001c6cfffff3f8fffff9140000441bfffff484ffffb6100000812b
1 5028f8465ef71ea4 0 0000000000000000 1 00003a1700001c6cfffff3f8fffff9140000441bfffff484ffffb6100000812b
1 b1a40145f55dd427 0 0000000000000000 1 00003a1700001c6cfffff3f8fffff9140000441bfffff484ffffb6100000812b
0 0000000000000000 1 bb4f592716a1d829 1 00004e0000003c07fffff4d7000003b900002b7c000029d8ffffe8e900001a48
0 0000000000000000 1 717090ade7040f3f 1 000028cdffffd4530000543d0000485f000038a200000981ffff8739ffffda8f
0 0000000000000000 1 f0a7e16ec21b035d 0 0000000000000000000000000000000000000000000000000000000000000000
0 0000000000000000 1 6c85882366982d75 0 0000000000000000000000000000000000000000000000000000000000000000
0 0000000000000000 1 8a8744d34e4d34cf 0 0000000000000000000000000000000000000000000000000000000000000000
0 0000000000000000 1 5e49f1309025a89a 1 fffff94cfffff3dbffffaa12fffff15500005b94fffffbbd000022ee00001e76
0 0000000000000000 1 10c6b63cc782f8d0 1 0000018d0000251300000ba5fffff88e0000389300000639ffffd3d0ffffaad8
0 0000000000000000 1 1e202b3533bf1b44 1 0000107d0000175a00001bc1fffff4cf0000311dffff8176000027d1000042cc
0 0000000000000000 0 0000000000000000 1 ffffcf0bffffbe4bffffbff3ffffcf71fffff3b50000017c0000159100001c53
0 0000000000000000 1 02f31b84067dea23 1 00004785000012cb0000190c0000570e000016b5000054deffffdaef00005c6d
0 0000000000000000 1 cdac68e0c0279a3e 1 00003a4b00004db6ffffe924fffff44d0000203200004f4fffffa0ad00001171
0 0000000000000000 1 766316dcbaedbec9 1 ffffaa89ffff6b0affffbdee00002370ffffc1ba000060a10000111900002cb6
0 0000000000000000 1 29ced7a18648c852 1 000035020000624400000805ffffe88effffdb35ffffeb170000185effffb9c1
0 0000000000000000 0 0000000000000000 0 0000000000000000000000000000000000000000000000000000000000000000
0 0000000000000000 1 f395ab6c53c71d42 1 ffffd658ffffef5c00000c71fffffc71ffffffc7fffffd1afffff95e00002c5e
0 0000000000000000 1 574caaadf4cfbe64 1 00002ecb0000524effffd73100000f880000424d00003b24ffffcb12000034c2
0 0000000000000000 1 3d6ec4a862af10ca 1 ffffa2a3ffff8197ffffc83dfffff3d0ffffda3e000007ee000000e500000c28
0 0000000000000000 0 0000000000000000 1 fffffb7600000db9ffffc4c600000dc90000116bffffe86700009c780000063f
0 0000000000000000 1 9474d754ea4b714f 1 000024d90000001e0000728d0000260bffffe97fffffd20d000011d2ffff82d0
0 0000000000000000 0 0000000000000000 1 ffffe7a4ffffe2e9ffffad5affffbe71ffffe617000015b0ffffd58500005715
0 0000000000000000 0 0000000000000000 1 ffffea1700000dd1ffffaeecffffc470ffffea83ffffd435000051db00000211
0 0000000000000000 1 4de7b893e7bf451d 1 ffffeb24ffffe713ffffe9d90000156f0000155e000006a700002dfc00002aa4
0 0000000000000000 1 569551479e80b2a8 0 0000000000000000000000000000000000000000000000000000000000000000
0 0000000000000000 1 bc1e0040673a0490 1 00001bddfffffee70000531d00003af4ffffe3b4000044e7ffffb461ffffda36
0 0000000000000000 1 52620d3f8d813545 1 ffffafd6ffff88f10000339b000020cdffff7e0a00004fd9ffffd874ffffefee
0 0000000000000000 1 f4838ff0a48b9242 1 00000abb000010d3ffffd221fffff4c9ffffeabe00004066ffffe9a300004b37
0 0000000000000000 1 44e4f44d99a5ca20 1 ffffdf4fffffcc7d0000014000002146ffffb10900007020ffffb2d5fffff53f
0 0000000000000000 1 f3134d8664e56770 0 0000000000000000000000000000000000000000000000000000000000000000
0 0000000000000000 1 a9c1a1bc4a491131 1 ffffdadeffffe874ffffd6d4ffffe31600001720ffffafd00000658efffffd33
0 0000000000000000 0 0000000000000000 1 0000039e0000371effffe56f0000083d00000d3500004250ffffe155000042d3
0 0000000000000000 0 0000000000000000 1 000067f20000ac0300000a25fffff9ad00005a36ffffddd90000229000001372
0 0000000000000000 0 0000000000000000 0 0000000000000000000000000000000000000000000000000000000000000000
0 0000000000000000 1 0fa9da3a9f79c10a 1 fffff12cfffff001fffff18afffffba800007719ffffded2ffff87cc00000a7f
0 0000000000000000 1 6b33ad65df857952 0 0000000000000000000000000000000000000000000000000000000000000000
0 0000000000000000 1 dc1bb14744f1286d 0 0000000000000000000000000000000000000000000000000000000000000000
0 0000000000000000 1 57a1fd1200ebfd7e 1 00003c1100004f67fffff2ed00002bbe0000091400002f9300002725ffffd4ca
0 0000000000000000 1 37241fa09dd1c0f2 1 ffffbdd3ffffa53dffffafc3ffffdf6dffff758800001b6800007db40000197f
0 0000000000000000 1 30f6f1f9cf5390ff 1 000022b300002bf500001ef8ffffcade000042cfffff8b6b000001ebfffffb83
0 0000000000000000 1 4f26d4b8e2ed451b 1 ffffd673ffffda5dffff8f66000009a600000cb9000044ca0000085600004c61
0 0000000000000000 1 17800c889ef78470 1 ffffb752ffffeca7ffffcfaeffffd3adffffa025000010be0000280bfffffaa5
0 0000000000000000 0 0000000000000000 1 ffffb0e6ffffb183ffff9d4dffffe0ecffffbf420000265b00002a0600003def
0 0000000000000000 0 0000000000000000 1 00003cd1000031e900005dae0000757c000021a9000038f900000c39ffffc572
0 0000000000000000 0 0000000000000000 1 00002124000037f1000049290000093300002428ffffd520ffffde93ffffb799
1 1eca14ac9d787f69 0 0000000000000000 1 00002124000037f1000049290000093300002428ffffd520ffffde93ffffb799
1 2589bb97803e9128 0 0000000000000000 1 00002124000037f1000049290000093300002428ffffd520ffffde93ffffb799
1 e09f53f6f024ce78 0 0000000000000000 1 00002124000037f1000049290000093300002428ffffd520ffffde93ffffb799
1 edd0a93d60abaaeb 0 0000000000000000 1 00002124000037f1000049290000093300002428ffffd520ffffde93ffffb799
1 4caed7ae4d5bac67 0 0000000000000000 1 00002124000037f1000049290000093300002428ffffd520ffffde93ffffb799
1 c417ed30fc276e34 0 0000000000000000 1 00002124000037f1000049290000093300002428ffffd520ffffde93ffffb799
1 6c1fade6565630b4 0 0000000000000000 1 00002124000037f1000049290000093300002428ffffd520ffffde93ffffb799
1 e0b3063992234b60 0 0000000000000000 1 00002124000037f1000049290000093300002428ffffd520ffffde93ffffb799
0 0000000000000000 1 6910245d5f3078f8 0 0000000000000000000000000000000000000000000000000000000000000000
0 0000000000000000 1 b9e9b042de588dcf 0 0000000000000000000000000000000000000000000000000000000000000000
0 0000000000000000 1 e476f7dcdd2ab181 0 0000000000000000000000000000000000000000000000000000000000000000
0 0000000000000000 1 e062c1c51b6565bd 1 ffffc837ffffc997fffff224ffffdaf0ffffbb7a0000183dffffd0e600000ca2
0 0000000000000000 1 ff415357cd6c0de1 1 00001905ffffe8e8ffff92e7ffffbdaa00002bec00000447000044f100003bfc
0 0000000000000000 1 2dfaec4d11b131b3 1 000006dbffffd8e3ffffd3f30000172a000040aeffffcac8fffffd9200001d23
0 0000000000000000 1 73970d0c17887aea 1 ffffd847ffffe7ef0000165f00002ea7000008230000376d00004c2e000011f8
0 0000000000000000 1 657543e6ae02147e 1 ffffe346000002b000003a8fffffce9affff7ac60000646cffffed6800001590
0 0000000000000000 0 0000000000000000 1 ffffb57300000b69000029f5fffff3a2ffffbd7800003098ffffda1800003555
0 0000000000000000 0 0000000000000000 1 00002ee0000003fbfffff69cffffcd5fffffc5a600003b4300003981ffffe339
0 0000000000000000 0 0000000000000000 1 ffff9a4e0000367b00008c2900005320ffffbd8d00001e2700006b67000040ca
0 0000000000000000 0 0000000000000000 0 0000000000000000000000000000000000000000000000000000000000000000
0 0000000000000000 0 0000000000000000 0 0000000000000000000000000000000000000000000000000000000000000000
1 89306ab13c199c64 0 0000000000000000 0 0000000000000000000000000000000000000000000000000000000000000000
1 bafedbf77e831851 0 0000000000000000 0 0000000000000000000000000000000000000000000000000000000000000000
1 a4e7af7e46797c2b 0 0000000000000000 0 0000000000000000000000000000000000000000000000000000000000000000
1 bf6e0822391b7e66 0 0000000000000000 0 0000000000000000000000000000000000000000000000000000000000000000
1 8e321336cb997699 0 0000000000000000 0 0000000000000000000000000000000000000000000000000000000000000000
1 9ec224ee1b00c1e6 0 0000000000000000 0 0000000000000000000000000000000000000000000000000000000000000000
1 6c0b37a68b3b834d 0 0000000000000000 0 0000000000000000000000000000000000000000000000000000000000000000
1 6ce47ea4ffdb0057 0 0000000000000000 0 0000000000000000000000000000000000000000000000000000000000000000
0 0000000000000000 1 1cfc2b2dca3b28f2 0 0000000000000000000000000000000000000000000000000000000000000000
0 0000000000000000 1 f9aa07f2ae089774 1 000003feffffe3feffffb616ffffc8570000379800006b940000107d00004029
0 0000000000000000 1 fca4663f55d192f0 1 fffff6090000186affffdb7c00004fbe00002787ffff8bf9ffffed41ffffc855
0 0000000000000000 1 5e42860cc80270ca 1 ffffd37000002d13000005cbffffced9ffffd3bdffffe832ffffb64fffffe7f7
0 0000000000000000 1 540e29c03a185057 1 000028fd000006d8ffffde6fffffebf2fffffa93000045380000079bffffd1c4
0 0000000000000000 1 705344058c39ae6f 1 ffffb18000002739ffffd9dc000057f800003bdbfffffce2ffffee6100001b73
0 0000000000000000 1 109a9caf197e3056 1 0000155400005f12000011abffffc854000056e5ffffeae3ffffa62bffffcd33
0 0000000000000000 1 52b60901683a27c5 1 00002d6b000047af000003d1ffffc542000028bb00005c88ffff97fcffffe609
0 0000000000000000 1 4f8c4e45434ac55c 1 000000edffffe2e300000458000002d400003f50ffffe8c300005122000076bd
0 0000000000000000 0 0000000000000000 0 0000000000000000000000000000000000000000000000000000000000000000
0 0000000000000000 0 0000000000000000 0 0000000000000000000000000000000000000000000000000000000000000000
0 0000000000000000 0 0000000000000000 0 0000000000000000000000000000000000000000000000000000000000000000
0 0000000000000000 0 0000000000000000 0 0000000000000000000000000000000000000000000000000000000000000000
0 0000000000000000 1 decd892fd380bb33 0 0000000000000000000000000000000000000000000000000000000000000000
0 0000000000000000 0 0000000000000000 1 ffffe5a1fffffed5000005f7fffffa120000198c00003ebaffffe4b9000039d5
0 0000000000000000 0 0000000000000000 1 000041e7ffffd58200002474fffff0230000142f0000232b000002ad000005ac
0 0000000000000000 1 7ebe5a5f94603a77 1 ffff9d5900002a16ffffcd87000080b20000177b00002a260000b1cfffffc79d
0 0000000000000000 1 705b687aed8b9031 1 00001bb20000217a00003df8ffff864cfffff0a8ffffe8b4ffff5b4a00004f8e
0 0000000000000000 1 be5b04d1940e1f79 1 fffffa14ffffef9300005579ffffc06cffffe929fffffc86ffffc2a000002e7c
0 0000000000000000 0 0000000000000000 1 ffffc59bffffdbbc00003171ffffd51d000099e100000ecfffffe3f90000895e
0 0000000000000000 1 4d26c69888d40115 1 00004a1fffffc9c800007ab1ffff8f4effff9602fffff022ffff6cf6ffffc9b7
0 0000000000000000 1 b0d25a1d32ae7dd8 1 ffff9dad00001de60000250c00000736ffffd0790000182cffffec81ffffd279
0 0000000000000000 1 b1b57fdc1afc958e 1 ffffa1340000145100004af0000017dd000012a7000036a60000477d00000dcc
0 0000000000000000 0 0000000000000000 0 0000000000000000000000000000000000000000000000000000000000000000
0 0000000000000000 0 0000000000000000 0 0000000000000000000000000000000000000000000000000000000000000000
0 0000000000000000 1 4ce7879b32d8794d 0 0000000000000000000000000000000000000000000000000000000000000000
0 0000000000000000 1 ffaee67342d0934e 0 0000000000000000000000000000000000000000000000000000000000000000
0 0000000000000000 1 c49dfa0bdf584b02 1 00007a07000027820000155affffdd65ffffe402ffffdd2000001271fffffd01
0 0000000000000000 1 08d5e504fb4d062e 0 0000000000000000000000000000000000000000000000000000000000000000
0 0000000000000000 1 f6a7345f0b99140d 0 0000000000000000000000000000000000000000000000000000000000000000
0 0000000000000000 1 2a822de44ee94427 1 fffff5070000014e000070b8ffffb7aa00003052000088b6ffffbd380000ace5
0 0000000000000000 1 3548fc88926fede2 1 ffff896000004d02fffff2520000379d0000a93b00000347000095ed00008d1d
0 0000000000000000 1 876caa10ba7d8365 1 00007b27ffffb9f1000010f4ffffbebf00001d25ffffeb2affffc8c100004d6f
0 0000000000000000 0 0000000000000000 0 0000000000000000000000000000000000000000000000000000000000000000
0 0000000000000000 0 0000000000000000 1 000050a1ffffd815000024f3ffff9e6d00001166fffffc0fffff693b0000331c
0 0000000000000000 0 0000000000000000 1 0000370b00001c67ffffc94d00003d32ffffa9b400004ab8000042fffffff915
0 0000000000000000 0 0000000000000000 1 ffffad73ffffe3d2ffff73170000a91800000ed30000427e000084d7ffff7f6b
0 0000000000000000 0 0000000000000000 0 0000000000000000000000000000000000000000000000000000000000000000
0 0000000000000000 0 0000000000000000 0 0000000000000000000000000000000000000000000000000000000000000000
0 0000000000000000 0 0000000000000000 1 00007537ffffff1800008431ffff679bffff87c3ffffcc6dffff5975000007b8
0 0000000000000000 0 0000000000000000 1 ffffeaf000003fb50000246100002141000008b0ffffe8d50000842bfffff329
1 24eecbab3bf8d3ce 0 0000000000000000 1 ffffeaf000003fb50000246100002141000008b0ffffe8d50000842bfffff329
1 ca0e05b8352c2cf5 0 0000000000000000 1 ffffeaf000003fb50000246100002141000008b0ffffe8d50000842bfffff329
1 35846344f2fe6ec5 0 0000000000000000 1 ffffeaf000003fb50000246100002141000008b0ffffe8d50000842bfffff329
1 245d192ca544ff90 0 0000000000000000 1 ffffeaf000003fb50000246100002141000008b0ffffe8d50000842bfffff329
1 bf9380dd71cbca9e 0 0000000000000000 1 ffffeaf000003fb50000246100002141000008b0ffffe8d50000842bfffff329
1 44821656c2d5f8bd 0 0000000000000000 1 ffffeaf000003fb50000246100002141000008b0ffffe8d50000842bfffff329
1 46b1df444f569f4c 0 0000000000000000 1 ffffeaf000003fb50000246100002141000008b0ffffe8d50000842bfffff329
1 1f38925caafa3e40 0 0000000000000000 1 ffffeaf000003fb50000246100002141000008b0ffffe8d50000842bfffff329
0 0000000000000000 1 a4edf2f86dae85c7 1 00001f7dffffe215000012bbffffec45ffffafd900004714ffffc72dffffe831
0 0000000000000000 1 dc0f963acbb0a4d7 1 00000d92ffffebbb00003495ffffd92dffffec740000062fffffd58dfffffe35
0 0000000000000000 1 30f21c17fe24d2f3 1 0000347700003a1cfffffe7a00002a49ffffdee400004b620000582900001efd
0 0000000000000000 1 2ceb208d360f3262 1 00003913ffffe7ca00000a17fffff510ffffa01800003e98fffff435ffffe99a
0 0000000000000000 1 ab88995e1d2c9651 1 ffffc354ffffa8a7ffffe5bcffffbab300003f1fffffffb0ffff704e00000c13
0 0000000000000000 1 82bc9eaa424b71ba 1 fffff18000002cff00001eb4ffffe52d00003aeeffff98d80000159efffff708
0 0000000000000000 1 af509a1a7dc2d059 0 0000000000000000000000000000000000000000000000000000000000000000
0 0000000000000000 1 fd321dae169efc25 0 0000000000000000000000000000000000000000000000000000000000000000
0 0000000000000000 1 ca91d421c10e44f2 0 0000000000000000000000000000000000000000000000000000000000000000
0 0000000000000000 1 7ce2ede005185cf8 0 0000000000000000000000000000000000000000000000000000000000000000
0 0000000000000000 1 8a61c4927f8c0087 0 0000000000000000000000000000000000000000000000000000000000000000
0 0000000000000000 1 8a2e72c8ecf268f3 0 0000000000000000000000000000000000000000000000000000000000000000
0 0000000000000000 1 e93c550f92173a11 0 0000000000000000000000000000000000000000000000000000000000000000
0 0000000000000000 1 0c22659adbe8fea2 0 0000000000000000000000000000000000000000000000000000000000000000
0 0000000000000000 1 017143d1e65225db 1 ffff990e00001cbefffff748ffffbf3100001ba3ffffccd10000134bffffd27b
0 0000000000000000 1 2752ab092ff546be 1 ffffc41200009d2100001585ffffbabfffffd95a00000e67000001be0000091b
0 0000000000000000 0 0000000000000000 1 00000ea7fffff12300001279fffffadeffffeb07ffffed3400000eadffffcd26
0 0000000000000000 0 0000000000000000 1 000010e2ffffaa1dffffad5c00001a3000002fa2ffffdd05fffffbc9000031fe
0 0000000000000000 0 0000000000000000 1 fffff667000063e1ffffd0be00003e8affff7e02ffffd4e7000001fbffffe289
0 0000000000000000 0 0000000000000000 1 fffff5d4ffffa22bffffdf6b0000292e00003e2bffffef83ffff94a700003ae5
0 0000000000000000 0 0000000000000000 1 ffff9fb80000507fffff898bffffdb16000013b6fffff64fffffff5f000000e4
0 0000000000000000 1 a66435e5293d4aec 1 ffffd3460000074effffe200ffffd4d900003901fffffc6000001ecd000034eb
0 0000000000000000 1 70b683b8b56f693e 1 00002ff700001aea0000192c0000457bffffcdbd00001995ffffd31300003029
0 0000000000000000 1 a5ddb38ac8e60291 1 00002ca0ffffc723ffffd269fffff1a900003e41000008a5ffffb66800000c91
0 0000000000000000 1 e422723f23e46118 1 ffff7158ffffeb41ffffe2e7ffff853d0000a012fffff3a3ffffd79800002053
0 0000000000000000 1 63baf08537a1fec6 1 000011a7ffffabb8000040ec000043e200001b0600002590000027f400003a3e
0 0000000000000000 1 764828460dbbc7df 1 000037c6fffff6830000527700003c33ffffd334000034590000377200002152
0 0000000000000000 1 0a2054e194d66b77 1 fffff82cffffb2a90000545dffffd66f00003cfbfffff6cf0000221400000de5
0 0000000000000000 1 d9535d8a8eefdf12 1 00001196ffffa3c80000367f0000053d00001d2e00000b4a00001c29fffff64c
0 0000000000000000 0 0000000000000000 1 ffffe026fffffb8cffffd46dffffb7b600005e990000211cffffae9afffff9ae
0 0000000000000000 0 0000000000000000 0 0000000000000000000000000000000000000000000000000000000000000000
0 0000000000000000 0 0000000000000000 0 0000000000000000000000000000000000000000000000000000000000000000
0 0000000000000000 0 0000000000000000 0 0000000000000000000000000000000000000000000000000000000000000000
0 0000000000000000 0 0000000000000000 0 0000000000000000000000000000000000000000000000000000000000000000
1 a057e6cbfe1f9e4a 0 0000000000000000 0 0000000000000000000000000000000000000000000000000000000000000000
1 17d87acaf65e617b 0 0000000000000000 0 0000000000000000000000000000000000000000000000000000000000000000
1 295f817f3733eee3 0 0000000000000000 0 0000000000000000000000000000000000000000000000000000000000000000
1 face959ef355f489 0 0000000000000000 0 0000000000000000000000000000000000000000000000000000000000000000
1 cbf777bc4d8bf1df 0 0000000000000000 0 0000000000000000000000000000000000000000000000000000000000000000
1 8c60a63f0c91f08c 0 0000000000000000 0 0000000000000000000000000000000000000000000000000000000000000000
1 ba23a53d25825ccf 0 0000000000000000 0 0000000000000000000000000000000000000000000000000000000000000000
1 c42ea5085d1c99a1 0 0000000000000000 0 0000000000000000000000000000000000000000000000000000000000000000
0 0000000000000000 1 e211295f48a6e936 0 0000000000000000000000000000000000000000000000000000000000000000
0 0000000000000000 1 f794df58f5889e98 1 00004984ffff78b60000163e0000268d0000278a0000130200000c73fffffe30
0 0000000000000000 1 058146b0cb349c47 1 000005f400002a7affffc2ac000023c3fffffa82fffffc56ffff9dbf000057f2
0 0000000000000000 1 f161c0ba26c3fc2f 1 00000fd5ffffaad800001877ffffcb830000256cfffff152ffffda57000059bc
0 0000000000000000 1 46dab8db9025f445 1 00002d15fffff55effffb5ec00003bef000016bb0000340b0000160effffeae6
0 0000000000000000 1 9596c8c2ee0e7e72 1 ffffecff00005f6c00000573ffffa062000070b6ffffe4abffffc64000001de3
0 0000000000000000 1 9630ccb0c28ec45b 1 0000072600000e10fffffadeffff9d79fffffbec00003188fffffd23ffffb1ed
0 0000000000000000 1 334075cc9b9c563a 1 fffffd8c00004055ffff8d280000827cffffe5d600005408000038e200006d92
0 0000000000000000 0 0000000000000000 1 00004bda00001bb1000003ae000069adffffe8a20000140d000051be00006597
0 0000000000000000 0 0000000000000000 0 0000000000000000000000000000000000000000000000000000000000000000
0 0000000000000000 0 0000000000000000 0 0000000000000000000000000000000000000000000000000000000000000000
0 0000000000000000 0 0000000000000000 0 0000000000000000000000000000000000000000000000000000000000000000
0 0000000000000000 0 0000000000000000 0 0000000000000000000000000000000000000000000000000000000000000000
0 0000000000000000 0 0000000000000000 0 0000000000000000000000000000000000000000000000000000000000000000
0 0000000000000000 0 0000000000000000 1 000024a0ffffd21600000531ffffc58800002549000041aaffffee01ffffde8e
0 0000000000000000 0 0000000000000000 1 00005e26ffffa3af000025eaffffb160ffffbbda00004bd1ffffe77d0000157c
1 8fe883568a3b4043 0 0000000000000000 1 00005e26ffffa3af000025eaffffb160ffffbbda00004bd1ffffe77d0000157c
1 c58b8de1634068b3 0 0000000000000000 1 00005e26ffffa3af000025eaffffb160ffffbbda00004bd1ffffe77d0000157c
1 c7f15fad63954288 0 0000000000000000 1 00005e26ffffa3af000025eaffffb160ffffbbda00004bd1ffffe77d0000157c
1 871f131f61378106 0 0000000000000000 1 00005e26ffffa3af000025eaffffb160ffffbbda00004bd1ffffe77d0000157c
1 0f05373b44e5c15e 0 0000000000000000 1 00005e26ffffa3af000025eaffffb160ffffbbda00004bd1ffffe77d0000157c
1 fe88d279debcd7c2 0 0000000000000000 1 00005e26ffffa3af000025eaffffb160ffffbbda00004bd1ffffe77d0000157c
1 702e565051dddb26 0 0000000000000000 1 00005e26ffffa3af000025eaffffb160ffffbbda00004bd1ffffe77d0000157c
1 fe7f5406f8af1924 0 0000000000000000 1 00005e26ffffa3af000025eaffffb160ffffbbda00004bd1ffffe77d0000157c
0 0000000000000000 1 05eba34c0705386b 1 fffffd9500005398ffffa1120000605f000015dc00000004ffff8c25ffffc9bf
0 0000000000000000 1 4e6268ce49b0abdd 1 fffff182ffffd7dc00008495ffffd11a00000b3300000e0000001f8400005820
0 0000000000000000 1 d43706a5efb413c7 1 fffff44a000013e2ffffa99000000a1fffffeaba0000107effffc1c7000001b2
0 0000000000000000 1 e2df25827f4a44f6 1 000031a500007576000036f50000182e000032f6ffff7cfd0000073cffff8adc
0 0000000000000000 1 67cd3e95c032d276 1 00008038ffffccf000002c93ffffc45e000028450000551e000012c1000048dd
0 0000000000000000 1 dd6256df3cfb28f4 1 ffffaf05ffffbf86ffffb2ed00000fe100001b7400005ed5000012ad00004cc2
0 0000000000000000 1 392980f61c2b392c 0 0000000000000000000000000000000000000000000000000000000000000000
0 0000000000000000 1 a12974dedeae2400 0 0000000000000000000000000000000000000000000000000000000000000000
0 0000000000000000 0 0000000000000000 0 0000000000000000000000000000000000000000000000000000000000000000
0 0000000000000000 0 0000000000000000 0 0000000000000000000000000000000000000000000000000000000000000000
0 0000000000000000 0 0000000000000000 0 0000000000000000000000000000000000000000000000000000000000000000
0 0000000000000000 0 0000000000000000 0 0000000000000000000000000000000000000000000000000000000000000000
0 0000000000000000 0 0000000000000000 0 0000000000000000000000000000000000000000000000000000000000000000
0 0000000000000000 0 0000000000000000 0 0000000000000000000000000000000000000000000000000000000000000000
0 0000000000000000 0 0000000000000000 1 00000b74000054b8000020a600004390fffffdfa00000786ffffbadf00004db8
0 0000000000000000 0 0000000000000000 1 ffffa773ffffc60affffc6cbffffb63100001b6f00001883000072a5ffffe1a8
0 0000000000000000 0 0000000000000000 1 000038c7ffffea0cfffff5efffffba5b000016c3000012f800004214ffffe5f7
0 0000000000000000 0 0000000000000000 1 00006cdbffffe78500004367000033ed00000d5effff9f1efffffd3b0000132d
0 0000000000000000 0 0000000000000000 1 ffffe9df000016a6fffff437000004feffff825affffb48200006403fffff0e2
0 0000000000000000 0 0000000000000000 1 00000a76ffffd235000019d2ffffe02e0000686bffffdeba000030b0ffffcbc5
0 0000000000000000 0 0000000000000000 1 00001884fffffaabffffc16200006418ffffd2ae000026a6fffff12600004cde
0 0000000000000000 0 0000000000000000 1 000025200000177f00005804ffff8e0d000068dfffffd103000037faffffb05a
0 0000000000000000 0 0000000000000000 0 0000000000000000000000000000000000000000000000000000000000000000
0 0000000000000000 0 0000000000000000 0 0000000000000000000000000000000000000000000000000000000000000000
0 0000000000000000 0 0000000000000000 0 0000000000000000000000000000000000000000000000000000000000000000
0 0000000000000000 0 0000000000000000 0 0000000000000000000000000000000000000000000000000000000000000000
1 312905d19826b3e3 0 0000000000000000 0 0000000000000000000000000000000000000000000000000000000000000000
1 0eb8818db6012454 0 0000000000000000 0 0000000000000000000000000000000000000000000000000000000000000000
1 742b971d44317775 0 0000000000000000 0 0000000000000000000000000000000000000000000000000000000000000000
1 a6f86b66a322632a 0 0000000000000000 0 0000000000000000000000000000000000000000000000000000000000000000
1 1e2e747ea9f7ed20 0 0000000000000000 0 0000000000000000000000000000000000000000000000000000000000000000
1 ea3bff6c5373f1d9 0 0000000000000000 0 0000000000000000000000000000000000000000000000000000000000000000
1 28314858830a3b49 0 0000000000000000 0 0000000000000000000000000000000000000000000000000000000000000000
1 4c9a26c5c9de2e79 0 0000000000000000 0 0000000000000000000000000000000000000000000000000000000000000000
0 0000000000000000 1 4bd9ce359704af6b 0 0000000000000000000000000000000000000000000000000000000000000000
0 0000000000000000 0 0000000000000000 0 0000000000000000000000000000000000000000000000000000000000000000
0 0000000000000000 1 1a20cd3cbe59fc0b 0 0000000000000000000000000000000000000000000000000000000000000000
0 0000000000000000 0 0000000000000000 0 0000000000000000000000000000000000000000000000000000000000000000
0 0000000000000000 0 0000000000000000 0 0000000000000000000000000000000000000000000000000000000000000000
0 0000000000000000 0 0000000000000000 0 0000000000000000000000000000000000000000000000000000000000000000
0 0000000000000000 0 0000000000000000 0 0000000000000000000000000000000000000000000000000000000000000000
0 0000000000000000 0 0000000000000000 0 0000000000000000000000000000000000000000000000000000000000000000
0 0000000000000000 1 ed32257e1e093937 0 0000000000000000000000000000000000000000000000000000000000000000
0 0000000000000000 1 cf3cf8ded89e0b50 0 0000000000000000000000000000000000000000000000000000000000000000
0 0000000000000000 1 49c87e0532d9c4d4 0 0000000000000000000000000000000000000000000000000000000000000000
0 0000000000000000 0 0000000000000000 0 0000000000000000000000000000000000000000000000000000000000000000
0 0000000000000000 1 6e0b15f6435d1b63 0 0000000000000000000000000000000000000000000000000000000000000000
0 0000000000000000 1 42846d7b69ec1798 0 0000000000000000000000000000000000000000000000000000000000000000
0 0000000000000000 1 07be1dbd7968ed0f 1 ffffe965ffffc0d8000008fbffffacb5000001d0fffffc90ffffe954ffffea4b
0 0000000000000000 0 0000000000000000 0 0000000000000000000000000000000000000000000000000000000000000000
0 0000000000000000 0 0000000000000000 1 ffffcdc8fffff43a000000e200000022fffffbb800002ae0fffffceaffffe857
0 0000000000000000 0 0000000000000000 0 0000000000000000000000000000000000000000000000000000000000000000
0 0000000000000000 0 0000000000000000 0 0000000000000000000000000000000000000000000000000000000000000000
0 0000000000000000 0 0000000000000000 0 0000000000000000000000000000000000000000000000000000000000000000
0 0000000000000000 1 298455a63a3a5443 0 0000000000000000000000000000000000000000000000000000000000000000
0 0000000000000000 1 b0adc125eaa54853 0 0000000000000000000000000000000000000000000000000000000000000000
0 0000000000000000 1 f15455ff92f18d9c 1 ffffff8bffffeda20000321100003ce7ffffa6650000131a000062f0000064c5
0 0000000000000000 1 1c9148ec7c3f04f7 1 00001f6fffffab74ffffd393ffff93e7ffffe40dffffbe1a00001fee000042e2
0 0000000000000000 1 550ce7b67641cec8 1 000035050000367effffeb05000019b100001b4c0000139f000007830000060c
0 0000000000000000 1 0bbd80a24c645836 0 0000000000000000000000000000000000000000000000000000000000000000
0 0000000000000000 1 2cb97fad3977abab 1 000044280000118f0000242f00001fefffffbe4600002e64fffff3f200002fce
0 0000000000000000 1 058863828b9880fe 1 fffffebe0000780200006c320000b40fffffda3f0000308c000028f0fffffb68
0 0000000000000000 0 0000000000000000 1 0000292700003ebf00002c490000626500002eee0000252affffd76dffffecc4
0 0000000000000000 0 0000000000000000 0 0000000000000000000000000000000000000000000000000000000000000000
0 0000000000000000 0 0000000000000000 0 0000000000000000000000000000000000000000000000000000000000000000
0 0000000000000000 0 0000000000000000 0 0000000000000000000000000000000000000000000000000000000000000000
0 0000000000000000 0 0000000000000000 0 0000000000000000000000000000000000000000000000000000000000000000
0 0000000000000000 1 aa6f65c6f577872f 0 0000000000000000000000000000000000000000000000000000000000000000
0 0000000000000000 0 0000000000000000 1 00006a0d000047b400003176000058650000122500001c51fffffea2000020c9
0 0000000000000000 1 5556fa9f0fe046a3 1 ffffebbaffffd294000067e000000ffbffffcf4dffffbc57000023e300001dfb
0 0000000000000000 1 d95acefbb7cffe97 1 ffffed55ffffeee4ffff51c8ffff994c000072e90000142800001405ffffe86c
0 0000000000000000 1 d66c8f179079d19c 1 00002e040000599300004974000087f80000195e00002824fffff41dfffff8d2
0 0000000000000000 1 0c6f1bc62e30210b 1 00000f6b00003947000005df00001be8ffffffa900001c96ffff9dbbffffbedd
0 0000000000000000 1 1fb55d1c81413ac4 1 00000395000022130000717a00004986ffffdf12000002e7ffffa5e7ffffcbbb
0 0000000000000000 1 2dcc2ccb4af3e703 1 0000313400006a35ffffc224000049c30000918300004ef6ffffd5a7ffffc4ba
0 0000000000000000 1 b0fad8fd49aec20a 1 00003a2ffffff26cffff8574ffff7d000000adb3ffffd326ffffdbd5ffffcc68
0 0000000000000000 0 0000000000000000 0 0000000000000000000000000000000000000000000000000000000000000000
0 0000000000000000 0 0000000000000000 0 0000000000000000000000000000000000000000000000000000000000000000
0 0000000000000000 0 0000000000000000 0 0000000000000000000000000000000000000000000000000000000000000000
0 0000000000000000 0 0000000000000000 0 0000000000000000000000000000000000000000000000000000000000000000
0 0000000000000000 0 0000000000000000 0 0000000000000000000000000000000000000000000000000000000000000000
0 0000000000000000 0 0000000000000000 1 0000274cffffd559ffff6515ffffca9f00008e0e00002a2c0000286600003304
0 0000000000000000 0 0000000000000000 0 0000000000000000000000000000000000000000000000000000000000000000
0 0000000000000000 0 0000000000000000 1 0000283100002539ffffbdb8ffffc9d0ffffc895ffffff1bffffca69ffffeeb0
0 0000000000000000 0 0000000000000000 1 ffffc4bbffffe93effffb3f9ffffb5fc00000ad2ffffeac0fffff42cffffd66b
0 0000000000000000 0 0000000000000000 1 ffff8606ffffedcfffffb247ffffd65f0000453300002d5affffd49cffff9b39
0 0000000000000000 0 0000000000000000 1 000032aefffffe50ffffc56cffffeb95ffffe4bc000013740000057a000032ef
0 0000000000000000 0 0000000000000000 1 000004e9000043f9ffffd8fa0000305f0000486c000045ba00002a64ffffed61
0 0000000000000000 0 0000000000000000 1 0000331d0000233300000d790000149e000009e4fffffe0bffffe128fffffac6
0 0000000000000000 0 0000000000000000 1 ffffe82cffffd89e00002203fffff5600000016effffc0e5fffff65cfffffcfc
0 0000000000000000 0 0000000000000000 0 0000000000000000000000000000000000000000000000000000000000000000
0 0000000000000000 0 0000000000000000 0 0000000000000000000000000000000000000000000000000000000000000000
1 6855f500ef5a26dc 0 0000000000000000 0 0000000000000000000000000000000000000000000000000000000000000000
1 2ac3bab856aa9c91 0 0000000000000000 0 0000000000000000000000000000000000000000000000000000000000000000
1 511f10b35c556b7f 0 0000000000000000 0 0000000000000000000000000000000000000000000000000000000000000000
1 c105fe1c1d633f61 0 0000000000000000 0 0000000000000000000000000000000000000000000000000000000000000000
1 64d291478da8e4db 0 0000000000000000 0 0000000000000000000000000000000000000000000000000000000000000000
1 08362dbff2bcaa69 0 0000000000000000 0 0000000000000000000000000000000000000000000000000000000000000000
1 dd03dc2f2e1d769e 0 0000000000000000 0 0000000000000000000000000000000000000000000000000000000000000000
1 c0f72ff265dc9c61 0 0000000000000000 0 0000000000000000000000000000000000000000000000000000000000000000
0 0000000000000000 1 248f8025d7702359 0 0000000000000000000000000000000000000000000000000000000000000000
0 0000000000000000 1 dde4df3bda1f5bed 0 0000000000000000000000000000000000000000000000000000000000000000
0 0000000000000000 0 0000000000000000 0 0000000000000000000000000000000000000000000000000000000000000000
0 0000000000000000 1 75cdb527809da6cd 0 0000000000000000000000000000000000000000000000000000000000000000
0 0000000000000000 1 bb139735d05cfa19 0 0000000000000000000000000000000000000000000000000000000000000000
0 0000000000000000 0 0000000000000000 0 0000000000000000000000000000000000000000000000000000000000000000
0 0000000000000000 0 0000000000000000 0 0000000000000000000000000000000000000000000000000000000000000000
0 0000000000000000 1 2355f034f51f905c 0 0000000000000000000000000000000000000000000000000000000000000000
0 0000000000000000 0 0000000000000000 0 0000000000000000000000000000000000000000000000000000000000000000
0 0000000000000000 1 dc476bf4d34f3b2f 0 0000000000000000000000000000000000000000000000000000000000000000
0 0000000000000000 1 bd9710c4fb92a08d 0 0000000000000000000000000000000000000000000000000000000000000000
0 0000000000000000 1 9f2b62f272b945e5 0 0000000000000000000000000000000000000000000000000000000000000000
0 0000000000000000 0 0000000000000000 0 0000000000000000000000000000000000000000000000000000000000000000
0 0000000000000000 0 0000000000000000 0 0000000000000000000000000000000000000000000000000000000000000000
0 0000000000000000 0 0000000000000000 1 ffffa2ee00003460000045f200002414ffffe389fffffe38ffffd151000042a4
0 0000000000000000 0 0000000000000000 1 ffffbea90000074f00000c470000179700000bf900001ac500003194ffffff38
0 0000000000000000 1 c16b5f0e3569087d 0 0000000000000000000000000000000000000000000000000000000000000000
0 0000000000000000 1 1c3c434632ddd494 1 ffffe9cc00002d8900002d5100001112ffffeb2f000073b80000293cffffe841
0 0000000000000000 1 0ce82da99841d286 1 ffffa384fffff3f700002136fffff8e50000048dffffc6dcffffa94e000019e6
0 0000000000000000 1 ca48f20c6de71449 0 0000000000000000000000000000000000000000000000000000000000000000
0 0000000000000000 1 a04f8a9bd7a5e17e 0 0000000000000000000000000000000000000000000000000000000000000000
0 0000000000000000 1 ddba96896f7c36e8 1 ffffff4afffffa6a000010b5ffffce1400002dcaffffe078ffff895400003e07
0 0000000000000000 0 0000000000000000 0 0000000000000000000000000000000000000000000000000000000000000000
0 0000000000000000 1 5c5d8a055dcb4684 1 fffffee8000007a4000016a5ffffb24200006c60fffff4f0fffffbe9000038f1
0 0000000000000000 1 ec211d6b4efc71b7 1 00000bdefffff027000008470000215dffffa9c500001e1000003d2afffff4ef
0 0000000000000000 0 0000000000000000 1 000029bbffffbf70ffffb213000014b0000008f0ffffe1dd00003c0effffd411
0 0000000000000000 0 0000000000000000 0 0000000000000000000000000000000000000000000000000000000000000000
0 0000000000000000 0 0000000000000000 0 0000000000000000000000000000000000000000000000000000000000000000
0 0000000000000000 0 0000000000000000 0 0000000000000000000000000000000000000000000000000000000000000000
0 0000000000000000 1 67c721bdd31af456 0 0000000000000000000000000000000000000000000000000000000000000000
0 0000000000000000 1 e2f281d8caa3c2ef 1 00000a37ffffe5b0fffffc94ffffb5890000610fffffac15ffffa1cb00005e9b
0 0000000000000000 1 dc0b25cdb55531d1 1 00004ca5fffff765ffffc88ffffff736ffffeb3e0000295100003625fffff026
0 0000000000000000 1 bd0c44b8e04b8a73 1 000022c80000319a00003221ffffc094fffff039000018020000188c00000b27
0 0000000000000000 1 c03b9a001f1d8dfd 1 0000034effffc043ffffc49900001588000008e6ffffadfeffffc224ffffdff9
0 0000000000000000 1 b8a9c1bc2550ad9c 1 ffffab5cffffac6b000005360000016100002e9affff8682ffff6c43ffffa6a6
0 0000000000000000 1 f9a25ec7fddc8d61 1 00000fe5fffffd96ffffe89e00003115ffff7ed3ffff7c65ffffb907ffffc6a6
0 0000000000000000 1 f6698c4438b72046 0 0000000000000000000000000000000000000000000000000000000000000000
0 0000000000000000 0 0000000000000000 1 0000462bffffe37cffff88f4000044c4ffffa412ffffe35500001193ffff2522
0 0000000000000000 0 0000000000000000 1 00000d47ffffec21ffffb8ff00002916fffff7a400001e3500006002ffffd79a
0 0000000000000000 0 0000000000000000 0 0000000000000000000000000000000000000000000000000000000000000000
0 0000000000000000 0 0000000000000000 0 0000000000000000000000000000000000000000000000000000000000000000
0 0000000000000000 0 0000000000000000 0 0000000000000000000000000000000000000000000000000000000000000000
0 0000000000000000 1 4204f3dbdc85c309 0 0000000000000000000000000000000000000000000000000000000000000000
0 0000000000000000 0 0000000000000000 1 000016cc00003ce00000374effffe4ca00001cd900002384fffff7ec00003790
0 0000000000000000 1 461829d9ca8bed3a 1 ffffc7e7ffffdf2c00000a28000023f2ffffd69dffffe727ffffd14dffffaf15
0 0000000000000000 1 b5108c7dce7621ec 1 fffff5d90000168b00002131ffffcd62000020e9fffff79300000dde00000876
0 0000000000000000 1 78d4d38cad026083 1 fffff736fffffdde0000452dffffa86d00003b34ffffb8b0ffff8310000086ce
0 0000000000000000 0 0000000000000000 1 ffffece5ffffcfa5fffff385fffffa5fffffce0effff94d9ffff73daffffef1e
0 0000000000000000 1 7739ea4a78f5c0bb 1 00000694000000a300000ecf00001029ffff7dd9ffffb764ffffce1d00000c2d
0 0000000000000000 1 4bb5a29e69a9a821 1 00000eae0000128800003d47ffffe5d20000112200001636ffffee7700008539
0 0000000000000000 1 08619ad2645dbc2c 1 ffffd572ffffbb65ffffbf2d000030e900000e28ffffc6eaffffbb8effff9c56
0 0000000000000000 1 007128c5f8d45246 0 0000000000000000000000000000000000000000000000000000000000000000
0 0000000000000000 0 0000000000000000 0 0000000000000000000000000000000000000000000000000000000000000000
0 0000000000000000 0 0000000000000000 0 0000000000000000000000000000000000000000000000000000000000000000
0 0000000000000000 0 0000000000000000 0 0000000000000000000000000000000000000000000000000000000000000000
0 0000000000000000 0 0000000000000000 0 0000000000000000000000000000000000000000000000000000000000000000
1 16a221b801562a1c 0 0000000000000000 0 0000000000000000000000000000000000000000000000000000000000000000
1 1e51e3535d866a00 0 0000000000000000 0 0000000000000000000000000000000000000000000000000000000000000000
1 b5073c53cd1e654b 0 0000000000000000 0 0000000000000000000000000000000000000000000000000000000000000000
1 ae39ced99209eb8d 0 0000000000000000 0 0000000000000000000000000000000000000000000000000000000000000000
1 4bb0fd3582382579 0 0000000000000000 0 0000000000000000000000000000000000000000000000000000000000000000
1 195ed6990e83e0d7 0 0000000000000000 0 0000000000000000000000000000000000000000000000000000000000000000
1 47b12c3e52735b6d 0 0000000000000000 0 0000000000000000000000000000000000000000000000000000000000000000
1 43b2443ea31da627 0 0000000000000000 0 0000000000000000000000000000000000000000000000000000000000000000
0 0000000000000000 1 fa02eaca82af7d0e 1 ffffff81fffffe28ffffffc40000084b000003960000281b00000752ffffce08
0 0000000000000000 1 9006f63a23bfeccf 0 0000000000000000000000000000000000000000000000000000000000000000
0 0000000000000000 1 ece479917dc1cdfa 1 ffffe1c3ffffe0db0000157ffffff0b900003fdb000036690000165affffe661
0 0000000000000000 1 e455c9ea7f586dbe 1 ffffe605000042d600000e6700001c7bfffffce0ffffe27affffd1bf00001cd7
0 0000000000000000 1 880d7b77ebb49b46 1 0000315effffbfd000000ab4ffffd1c4ffffd97c0000359f00005921ffff78a1
0 0000000000000000 1 708dd9e4cdd51bf5 0 0000000000000000000000000000000000000000000000000000000000000000
0 0000000000000000 1 4552f97278323ebf 1 0000213bffffce5affffee44fffffab4ffffc5e9fffffe40fffffa4cffffd02d
0 0000000000000000 1 ce2a9a66cf7e1537 1 00003f15ffff8d9400002ec0ffffdce9fffff4aefffff06effff8a22ffffd04a
0 0000000000000000 0 0000000000000000 1 000057b500001933ffffd315ffffe38800001a31ffff7decffff9b34ffffff3d
0 0000000000000000 0 0000000000000000 1 000036d8ffffdb6c0000301900005aac00006651ffffd62500005d85ffffdf9b
0 0000000000000000 0 0000000000000000 0 0000000000000000000000000000000000000000000000000000000000000000
0 0000000000000000 0 0000000000000000 0 0000000000000000000000000000000000000000000000000000000000000000
0 0000000000000000 0 0000000000000000 0 0000000000000000000000000000000000000000000000000000000000000000
0 0000000000000000 0 0000000000000000 0 0000000000000000000000000000000000000000000000000000000000000000
1 7827949cdbe34217 0 0000000000000000 0 0000000000000000000000000000000000000000000000000000000000000000
1 79855ab76db6f061 0 0000000000000000 0 0000000000000000000000000000000000000000000000000000000000000000
1 cd2d81e68fb517c4 0 0000000000000000 0 0000000000000000000000000000000000000000000000000000000000000000
1 650d0cc6d5d9388c 0 0000000000000000 0 0000000000000000000000000000000000000000000000000000000000000000
1 e3ac919aee5e7b92 0 0000000000000000 0 0000000000000000000000000000000000000000000000000000000000000000
1 f2f1e2461157ad12 0 0000000000000000 0 0000000000000000000000000000000000000000000000000000000000000000
1 1d4a81869114736c 0 0000000000000000 0 0000000000000000000000000000000000000000000000000000000000000000
1 9f8b0040f66e5bdd 0 0000000000000000 0 0000000000000000000000000000000000000000000000000000000000000000
0 0000000000000000 1 00cfb13d301f5f42 1 00000eacffffd50100002c5c00002b99000078d400003e4800001b05000019ee
0 0000000000000000 1 1d24c755ee833387 1 ffffb039ffffefc6ffffdd030000260effffe16dfffff13efffffeb5ffffe1bd
0 0000000000000000 1 8cd895cd245f9db9 1 00000398ffffc85f00003c2900005a1cffffbe370000336b000033e4000081ab
0 0000000000000000 1 fa51a569bc62146b 1 00005816ffffaf6d000012610000195100003460ffffe12b00005003000048ff
0 0000000000000000 1 f64b72cf55174a79 1 ffffd59bfffff7a2fffff0e2000053a4ffff96d4ffffdf2affffe26affffc35c
0 0000000000000000 1 67f843780e328425 1 0000079b00003c01ffffc3ba000007e3fffff60b00003949ffffe12300000601
0 0000000000000000 1 af51f8120096b5b0 1 00005b28ffffbe0affffc5b1ffffb88cffffde31fffff9fe00005f9d0000137e
0 0000000000000000 1 174e08f4ddef3d4d 1 0000252dffffd576000073f1ffffee0a000046c1ffffe26affff9d2cffff95c9
0 0000000000000000 1 2bf518e35357b6ef 0 0000000000000000000000000000000000000000000000000000000000000000
0 0000000000000000 0 0000000000000000 0 0000000000000000000000000000000000000000000000000000000000000000
0 0000000000000000 1 973860bec48ce9d1 0 0000000000000000000000000000000000000000000000000000000000000000
0 0000000000000000 1 32aa3d15e390cd22 0 0000000000000000000000000000000000000000000000000000000000000000
0 0000000000000000 0 0000000000000000 0 0000000000000000000000000000000000000000000000000000000000000000
0 0000000000000000 0 0000000000000000 0 0000000000000000000000000000000000000000000000000000000000000000
0 0000000000000000 1 ba002ffce1bb57ea 1 fffffb44fffff87cffffd140ffffe0c1ffffd6ad00005bf500005875fffff0eb
0 0000000000000000 1 d0e464939b03a398 1 00008800000040b100001dd6ffff8b60fffffd99ffff94f600001e7a00001c18
0 0000000000000000 1 9125602ab533be35 1 ffffbe54ffffde9a00006bf0000078340000690200004715ffff7c9cffffedc3
0 0000000000000000 1 5e2695b67bddd9a4 1 00003b18ffffb2f400005927000023cf0000385300002bcefffff6c2000021d2
0 0000000000000000 0 0000000000000000 1 ffffc45effffacd8ffff9779ffffcd73ffffce0700003252000065e5000002c6
0 0000000000000000 1 9d0f555fff9f4487 1 00002e1cffffe921ffffe7b50000047efffff2a2ffffed140000074affff8446
0 0000000000000000 1 ef356ce5fa8df8a2 1 000024a0ffffe15800007517fffff80900004b4fffffa51bffffcd83fffff4fa
0 0000000000000000 1 cfc2d63b84be5147 1 000017f3ffffd9bf00000018ffffe2280000003ffffff98e00002a9e0000403c
0 0000000000000000 1 230ef7cf5e2e3af2 1 ffffeea2ffffe0a1ffffd34100000c350000101200002aa7ffffebf9ffffccc5
0 0000000000000000 1 3e5ce099223eefc7 0 0000000000000000000000000000000000000000000000000000000000000000
0 0000000000000000 1 f882d8043438be85 1 ffffd86e00000bf000004049000015a60000100effff9631ffffc95c0000218a
0 0000000000000000 1 f908ddbd2ffb6de6 1 ffffe1ac00002e86ffffe265000007c6ffffc517ffffd80a000027e5ffffb684
0 0000000000000000 1 c7d483cd057433a6 0 0000000000000000000000000000000000000000000000000000000000000000
0 0000000000000000 1 da729ba73828185f 0 0000000000000000000000000000000000000000000000000000000000000000
0 0000000000000000 0 0000000000000000 1 ffffedb900002ed0fffff065ffffe200ffffcec7ffffd5480000180a000020b0
0 0000000000000000 0 0000000000000000 1 ffffc57d000047cc00002d44000064a8000014dfffffa8d2ffff664500001da0
0 0000000000000000 0 0000000000000000 1 ffffc50dffffdaa4000049770000661300001193ffffe6c4ffffb381ffffdb3d
0 0000000000000000 0 0000000000000000 1 00004891ffffddf6fffff96fffffad16000047c900000bae0000104800001644
0 0000000000000000 0 0000000000000000 0 0000000000000000000000000000000000000000000000000000000000000000
0 0000000000000000 0 0000000000000000 1 0000283300004e72fffff364ffffab75ffffc017ffff8f7e00001476ffffe4a9
0 0000000000000000 0 0000000000000000 1 00001a98000026eafffff702ffffc1efffffedd0ffff84c7fffff97f00000972
0 0000000000000000 0 0000000000000000 1 ffffeb4d0000357500002bcb0000263affffd3c1fffffbaa000017d200001c52
0 0000000000000000 0 0000000000000000 1 00000432fffff029ffffad67ffffc256fffff0f3000032c100002ff3000015fd
0 0000000000000000 0 0000000000000000 1 000032b7ffffd8bc000003a9ffffe564000048f6ffffff2fffffd12a000054f9
0 0000000000000000 0 0000000000000000 1 ffffe86b00004549ffffeebe00002582fffffdfa00001c8effffc08dffffb9ab
0 0000000000000000 0 0000000000000000 1 fffffe3000000dccffffca1fffffc4a6ffffed3d00001fd800002bd2000045f5
0 0000000000000000 0 0000000000000000 1 fffff63c0000235500001b23000029fc00002a0000004623ffffb16100004671
0 0000000000000000 0 0000000000000000 1 ffffeb45ffff73f700003d2b00000db20000622a00005b5a00000d0600004fab
0 0000000000000000 0 0000000000000000 0 0000000000000000000000000000000000000000000000000000000000000000
0 0000000000000000 0 0000000000000000 0 0000000000000000000000000000000000000000000000000000000000000000
0 0000000000000000 0 0000000000000000 0 0000000000000000000000000000000000000000000000000000000000000000
0 0000000000000000 0 0000000000000000 0 0000000000000000000000000000000000000000000000000000000000000000
0 0000000000000000 0 0000000000000000 0 0000000000000000000000000000000000000000000000000000000000000000
0 0000000000000000 0 0000000000000000 0 0000000000000000000000000000000000000000000000000000000000000000
1 7252b4e85c708471 0 0000000000000000 0 0000000000000000000000000000000000000000000000000000000000000000
1 af58ee1a89db2e5f 0 0000000000000000 0 0000000000000000000000000000000000000000000000000000000000000000
1 01892a0e90a8f2c7 0 0000000000000000 0 0000000000000000000000000000000000000000000000000000000000000000
1 7212ef711b1a8da1 0 0000000000000000 0 0000000000000000000000000000000000000000000000000000000000000000
1 65e7d85a28110511 0 0000000000000000 0 0000000000000000000000000000000000000000000000000000000000000000
1 d56e6d69827e536b 0 0000000000000000 0 0000000000000000000000000000000000000000000000000000000000000000
1 6ff519db173ed691 0 0000000000000000 0 0000000000000000000000000000000000000000000000000000000000000000
1 6e231393de7c36bd 0 0000000000000000 0 0000000000000000000000000000000000000000000000000000000000000000
0 0000000000000000 1 82a696ec7460f71b 0 0000000000000000000000000000000000000000000000000000000000000000
0 0000000000000000 1 df791b846204a185 0 0000000000000000000000000000000000000000000000000000000000000000
0 0000000000000000 1 4c271fc2d4766cab 0 0000000000000000000000000000000000000000000000000000000000000000
0 0000000000000000 0 0000000000000000 0 0000000000000000000000000000000000000000000000000000000000000000
0 0000000000000000 1 726f908a3027cbf4 0 0000000000000000000000000000000000000000000000000000000000000000
0 0000000000000000 0 0000000000000000 0 0000000000000000000000000000000000000000000000000000000000000000
0 0000000000000000 0 0000000000000000 0 0000000000000000000000000000000000000000000000000000000000000000
0 0000000000000000 1 74134408149e8dcc 0 0000000000000000000000000000000000000000000000000000000000000000
0 0000000000000000 1 8cb4ed7cc0f0baae 0 0000000000000000000000000000000000000000000000000000000000000000
0 0000000000000000 1 a4d0683e8e6aabd8 0 0000000000000000000000000000000000000000000000000000000000000000
0 0000000000000000 1 55f60dee761c067c 0 0000000000000000000000000000000000000000000000000000000000000000
0 0000000000000000 0 0000000000000000 0 0000000000000000000000000000000000000000000000000000000000000000
0 0000000000000000 0 0000000000000000 0 0000000000000000000000000000000000000000000000000000000000000000
0 0000000000000000 0 0000000000000000 0 0000000000000000000000000000000000000000000000000000000000000000
0 0000000000000000 0 0000000000000000 1 0000006300000a920000338c00003a020000074d00003a2400006434fffff2ac
0 0000000000000000 0 0000000000000000 1 ffff5bdbfffff52bffffedf000004052ffffb826ffff8017000054ce000097e7
0 0000000000000000 1 b508524696485736 1 ffffdf24000039b800002d41000018adffffc91f000032cdfffffe1a000055f1
0 0000000000000000 1 a15690c6a3452b13 0 0000000000000000000000000000000000000000000000000000000000000000
0 0000000000000000 1 e304c5dd22233722 1 ffffcae900008325ffffcedafffff40400000b100000401500002b9b0000cdd9
0 0000000000000000 1 c5544a320d8eda24 0 0000000000000000000000000000000000000000000000000000000000000000
0 0000000000000000 1 4a24d6518b271e86 0 0000000000000000000000000000000000000000000000000000000000000000
0 0000000000000000 0 0000000000000000 1 0000019effffde69ffffaae9000003e7000033e2ffffb57fffffac6e00003ffc
0 0000000000000000 1 a7043061a43b624b 1 ffffc363ffffc971000012b2000048d200001182ffffa690ffffe79effffafaf
0 0000000000000000 1 06703cee5e0434fa 1 ffff8d69ffffdce900005f4f00004585ffff85fbffffc5e00000280cffffeb79
0 0000000000000000 1 0c98c7bd198de1b0 1 000082c9000021afffffee12ffffef160000105600007378000000f600001614
0 0000000000000000 0 0000000000000000 0 0000000000000000000000000000000000000000000000000000000000000000
0 0000000000000000 0 0000000000000000 0 0000000000000000000000000000000000000000000000000000000000000000
0 0000000000000000 0 0000000000000000 0 0000000000000000000000000000000000000000000000000000000000000000
0 0000000000000000 0 0000000000000000 0 0000000000000000000000000000000000000000000000000000000000000000
0 0000000000000000 0 0000000000000000 0 0000000000000000000000000000000000000000000000000000000000000000
0 0000000000000000 0 0000000000000000 1 00000293fffff67700005a3bffffffedffff917b000014940000143affff98d4
0 0000000000000000 1 c8582118f491a5cd 1 ffff8abf0000569900003927ffffdf37ffffb19d00001a0500006f280000237d
0 0000000000000000 1 a0f6e611ab07697c 1 00000fff00001f0e00001275fffff455fffffe5a000034bc00002be0fffffef3
0 0000000000000000 1 463366fed02c1724 1 fffff8f9ffffbf65ffffe0d2fffff428ffffda98ffff96adfffffa49ffffba5e
0 0000000000000000 0 0000000000000000 1 ffffdd5800004783fffff7fe000034a6000012330000096fffffac3d000034c5
0 0000000000000000 1 eb071b4097b13bf7 0 0000000000000000000000000000000000000000000000000000000000000000
0 0000000000000000 0 0000000000000000 1 00001efffffffdc100005235fffffff3ffffa6d1000024d400000eb4ffff7ff2
0 0000000000000000 1 ec1fb70232af4240 1 00000fd6000000c0fffff908000023e0ffffc422ffffede200000f5c00001878
0 0000000000000000 1 24b332fe431d1268 1 fffff58effffb86bffffc103ffffd3c900008ae0ffffbbdfffffd821fffff83b
0 0000000000000000 1 f61aca75a1e2d039 0 0000000000000000000000000000000000000000000000000000000000000000
0 0000000000000000 1 cb2d1dee4791ec15 0 0000000000000000000000000000000000000000000000000000000000000000
0 0000000000000000 0 0000000000000000 0 0000000000000000000000000000000000000000000000000000000000000000
0 0000000000000000 0 0000000000000000 0 0000000000000000000000000000000000000000000000000000000000000000
0 0000000000000000 0 0000000000000000 0 0000000000000000000000000000000000000000000000000000000000000000
0 0000000000000000 1 2ba9ecdd4b74cfef 0 0000000000000000000000000000000000000000000000000000000000000000
0 0000000000000000 0 0000000000000000 1 ffffa693ffffcd13ffffd43300000bb5ffffea6bffff6bb4fffffe4dfffffd4c
0 0000000000000000 1 92ee4cca7a6b793f 1 00001ffb000002d800003b87ffffaf15ffffd78e0000356700003007ffff80b2
0 0000000000000000 1 e78d9c2c362191ad 1 00000da8000013ed000017a7fffff1d5ffffb4be00001d77fffff3ba000017aa
0 0000000000000000 1 debc7d18a1bbf06f 0 0000000000000000000000000000000000000000000000000000000000000000
0 0000000000000000 0 0000000000000000 1 00000a99ffffd82cfffff9c9ffffd66500000d1cffffcf18ffffc5f6ffff9c59
0 0000000000000000 0 0000000000000000 0 0000000000000000000000000000000000000000000000000000000000000000
0 0000000000000000 0 0000000000000000 1 000047570000048dffffd88bffffcd7b000037a900001681fffffbbdffffc649
0 0000000000000000 1 08f9ef2065472b04 1 000071c1ffffed0b00000e6bffffeb3900000aa5000052f2fffffc96ffffd679
0 0000000000000000 1 7b2ba00cd104b445 1 00000a7300002d4efffff220fffff53c0000085300001139ffffe03affffd8e3
0 0000000000000000 1 10629d1f54d70751 1 00000144ffffbcd9ffffd7c6ffffe89000000697ffffa9ec00000d5effffd306
0 0000000000000000 1 b12f247e2ce0a0c0 0 0000000000000000000000000000000000000000000000000000000000000000
0 0000000000000000 0 0000000000000000 0 0000000000000000000000000000000000000000000000000000000000000000
0 0000000000000000 0 0000000000000000 0 0000000000000000000000000000000000000000000000000000000000000000
0 0000000000000000 0 0000000000000000 1 00000c91000021010000180500003adb00000d6f00004cae000017e20000534c
0 0000000000000000 0 0000000000000000 0 0000000000000000000000000000000000000000000000000000000000000000
0 0000000000000000 0 0000000000000000 1 00002aa8ffffd4ee00005cf700001f45ffff9acb00002b74000064a9ffffbbc1
0 0000000000000000 0 0000000000000000 1 ffffe86d0000045efffff0cb000058850000561cfffffd45fffff59b00002775
0 0000000000000000 0 0000000000000000 1 0000206bffffa0cf000019eeffffa310ffffe22cffffdc0bfffff472ffff79c2
0 0000000000000000 0 0000000000000000 0 0000000000000000000000000000000000000000000000000000000000000000
0 0000000000000000 0 0000000000000000 0 0000000000000000000000000000000000000000000000000000000000000000
0 0000000000000000 0 0000000000000000 0 0000000000000000000000000000000000000000000000000000000000000000
0 0000000000000000 0 0000000000000000 1 0000443f00001da700000c26000044720000011c0000439c0000003400000989
0 0000000000000000 0 0000000000000000 1 0000179e000076a8ffffcea9ffffd79b00002a2d00005faeffffe7690000649e
0 0000000000000000 0 0000000000000000 1 00004367000047f7ffffca2cfffff9f000001df400003858000005a20000122d
0 0000000000000000 0 0000000000000000 1 ffffd7cfffffd84effffef100000713cffffe1cdffff93fdffffece0ffffe7b8
0 0000000000000000 0 0000000000000000 0 0000000000000000000000000000000000000000000000000000000000000000
0 0000000000000000 0 0000000000000000 0 0000000000000000000000000000000000000000000000000000000000000000
0 0000000000000000 0 0000000000000000 0 0000000000000000000000000000000000000000000000000000000000000000
0 0000000000000000 0 0000000000000000 0 0000000000000000000000000000000000000000000000000000000000000000
0 0000000000000000 0 0000000000000000 0 0000000000000000000000000000000000000000000000000000000000000000
0 0000000000000000 0 0000000000000000 0 0000000000000000000000000000000000000000000000000000000000000000
0 0000000000000000 0 0000000000000000 0 0000000000000000000000000000000000000000000000000000000000000000
0 0000000000000000 0 0000000000000000 0 0000000000000000000000000000000000000000000000000000000000000000
0 0000000000000000 0 0000000000000000 0 0000000000000000000000000000000000000000000000000000000000000000
1 dd13679db27ed5db 0 0000000000000000 0 0000000000000000000000000000000000000000000000000000000000000000
1 78dae120edbc51e5 0 0000000000000000 0 0000000000000000000000000000000000000000000000000000000000000000
1 431b9659fe4d7f63 0 0000000000000000 0 0000000000000000000000000000000000000000000000000000000000000000
1 2dbd46cdf0e592d1 0 0000000000000000 0 0000000000000000000000000000000000000000000000000000000000000000
1 3c387a961d6a6b2e 0 0000000000000000 0 0000000000000000000000000000000000000000000000000000000000000000
1 8adca51ec041f310 0 0000000000000000 0 0000000000000000000000000000000000000000000000000000000000000000
1 024f2fb41bbfc5fc 0 0000000000000000 0 0000000000000000000000000000000000000000000000000000000000000000
1 6b71a12ce895d2fc 0 0000000000000000 0 0000000000000000000000000000000000000000000000000000000000000000
0 0000000000000000 1 7e1294b0a82bd36b 0 0000000000000000000000000000000000000000000000000000000000000000
0 0000000000000000 1 4151da04141f383a 0 0000000000000000000000000000000000000000000000000000000000000000
0 0000000000000000 1 635c313a40a78405 0 0000000000000000000000000000000000000000000000000000000000000000
0 0000000000000000 1 417ea7c04c4d989b 0 0000000000000000000000000000000000000000000000000000000000000000
0 0000000000000000 1 f540ac0723d89555 0 0000000000000000000000000000000000000000000000000000000000000000
0 0000000000000000 1 a2d682f8fa8515f0 0 0000000000000000000000000000000000000000000000000000000000000000
0 0000000000000000 1 33e12f81fc88630a 0 0000000000000000000000000000000000000000000000000000000000000000
0 0000000000000000 1 92d9f46d04b15446 0 0000000000000000000000000000000000000000000000000000000000000000
0 0000000000000000 0 0000000000000000 0 0000000000000000000000000000000000000000000000000000000000000000
0 0000000000000000 0 0000000000000000 0 0000000000000000000000000000000000000000000000000000000000000000
0 0000000000000000 1 8c2563a2745be106 0 0000000000000000000000000000000000000000000000000000000000000000
0 0000000000000000 0 0000000000000000 0 0000000000000000000000000000000000000000000000000000000000000000
0 0000000000000000 1 02946d855693fb72 0 0000000000000000000000000000000000000000000000000000000000000000
0 0000000000000000 1 98af06fb8a34049b 0 0000000000000000000000000000000000000000000000000000000000000000
0 0000000000000000 1 8e33d4eab229c1dd 1 ffffd0cf00001846ffffde2b00000524ffffba9fffffe65fffffad82ffffc2b8
0 0000000000000000 1 bab78f2dab70a868 1 000022eb00001ea500001471ffffd7adffffe137ffffe851ffffe999ffffe262
0 0000000000000000 0 0000000000000000 1 00006dc1ffffe62300003dc7ffffeb70ffffe6f400004235000046d1fffff816
0 0000000000000000 0 0000000000000000 1 ffffd2edffffb29b0000397bffffdb7effffdb660000622500005245ffffe852
0 0000000000000000 1 83494f747628538a 1 00004815fffffcc60000043b000008dafffff988ffffcb8f00000377ffffdd34
0 0000000000000000 1 2469bf8e8c6217b6 1 0000078c00000377000043e8ffffdffa00004307ffff977affffc934ffffd9ea
0 0000000000000000 1 5de955c6e6cfb0dd 1 00001bcd0000618c0000194dffffe9f700002162ffffff6d0000275200001b78
0 0000000000000000 0 0000000000000000 1 0000500b000024a300000eacfffff3f500003431ffff8020ffffb718fffff4bc
0 0000000000000000 0 0000000000000000 0 0000000000000000000000000000000000000000000000000000000000000000
0 0000000000000000 0 0000000000000000 0 0000000000000000000000000000000000000000000000000000000000000000
0 0000000000000000 1 f8e2c2437ff922fc 1 00001e1900001a9affff992b00004b7f00001842000031450000aaa000005f54
0 0000000000000000 1 aef10bc1add74add 0 0000000000000000000000000000000000000000000000000000000000000000
0 0000000000000000 1 e5f64623dd3ba3d0 1 00004a0400008ec9ffffe3a0000014d200002805000024fc00005e91000052c6
0 0000000000000000 1 f2f46a3591e715f0 1 ffff8b22ffffb9c6ffffb79c000045950000157dffffea34ffffda3b00000a60
0 0000000000000000 1 ec85ebdd54576bfa 1 ffffe3cfffffb75effffa5d60000595600000a38ffffb82b00000909fffff433
0 0000000000000000 1 0376bd1a65a64f34 1 ffffb4ecffffde5affffa0b300003e04ffffe028ffffae52ffff81a5ffffd555
0 0000000000000000 1 ff9f07ab333f354b 0 0000000000000000000000000000000000000000000000000000000000000000
0 0000000000000000 1 20ef17eb30f93cac 0 0000000000000000000000000000000000000000000000000000000000000000
0 0000000000000000 1 552156d6a6a6a87f 1 000034ecffffcf93000028ebffffe4ba00002ffc000011e0000052ce00002bdf
0 0000000000000000 1 4ddc34092a9af697 1 ffffa023ffffc958ffffc31400002749ffffd898fffff03efffffe73ffffdd98
0 0000000000000000 1 176b0f180fc6206b 1 fffff5cbfffffb87fffff87a00001906ffffec7b00005f4d00003c8a00001a91
0 0000000000000000 1 49820eef98edec19 0 0000000000000000000000000000000000000000000000000000000000000000
0 0000000000000000 1 51508876ab15bf6c 0 0000000000000000000000000000000000000000000000000000000000000000
0 0000000000000000 1 57f319b8fb12368d 0 0000000000000000000000000000000000000000000000000000000000000000
0 0000000000000000 1 8ada7bc932d6f1c3 1 00000e2b0000114700007325ffff9c410000150f0000162affffeaa0fffff5f5
0 0000000000000000 1 255c444f96ef9a5a 1 ffffed61000008c9ffffcca300002fca000029e2ffffb4a4fffffe2e00000b2b
0 0000000000000000 0 0000000000000000 1 ffffdf4affffbbddffffbe0500004352ffffee36000032e50000217e00001934
0 0000000000000000 0 0000000000000000 1 00000c55ffffe8b4ffffbc3400004041fffffe68ffffe3a3ffffed4700000cf7
0 0000000000000000 0 0000000000000000 1 ffffa75800003c3b000024f3ffffbea6000011300000346affffe82c0000211f
0 0000000000000000 0 0000000000000000 1 00008172000032eb0000611affffae3c00001aa0ffffb46a00000ba8ffffdeea
0 0000000000000000 0 0000000000000000 1 ffffd43c00005911ffffe103fffff70d0000015900001ca7000001e6000027ca
0 0000000000000000 0 0000000000000000 1 ffffe1d2000005be00004338ffffc8bc00000e090000435f00001f5d0000127b
1 345c680ebb62db19 0 0000000000000000 1 ffffe1d2000005be00004338ffffc8bc00000e090000435f00001f5d0000127b
1 85127f7bede6bc0c 0 0000000000000000 1 ffffe1d2000005be00004338ffffc8bc00000e090000435f00001f5d0000127b
1 f3860fded50850ca 0 0000000000000000 1 ffffe1d2000005be00004338ffffc8bc00000e090000435f00001f5d0000127b
1 d608b75be2206d20 0 0000000000000000 1 ffffe1d2000005be00004338ffffc8bc00000e090000435f00001f5d0000127b
1 672e47e2e3eb88fe 0 0000000000000000 1 ffffe1d2000005be00004338ffffc8bc00000e090000435f00001f5d0000127b
1 d3068f7caa4ef790 0 0000000000000000 1 ffffe1d2000005be00004338ffffc8bc00000e090000435f00001f5d0000127b
1 8f3c54ced83c31d6 0 0000000000000000 1 ffffe1d2000005be00004338ffffc8bc00000e090000435f00001f5d0000127b
1 5b5ab6e4ba786646 0 0000000000000000 1 ffffe1d2000005be00004338ffffc8bc00000e090000435f00001f5d0000127b
0 0000000000000000 1 a38a31b1606efc7d 1 000078a500002b58ffffa4ed00005431ffffdcb9ffffe4830000154a000002cc
0 0000000000000000 1 ed83137a97576446 1 00003d0600000a3e00006dacffffc1960000114a000064120000298300000e18
0 0000000000000000 1 47eea79809a0db59 1 00001ff100004fa2fffff6ac000000ccfffff8faffffb384000009bcffffefaf
0 0000000000000000 1 4d215d91c17d841a 1 0000481ffffffff0ffff9cf200002f91ffffe89400001625ffffafbcfffff752
0 0000000000000000 1 6a4886dffe076cbe 1 ffffdd81000065adfffffdd800003528ffffbdefffffa794ffff7474ffff9927
0 0000000000000000 1 6f4c32daa84c312f 1 ffffeda4ffffeaa900005eb3ffffe9ebfffff93b000058ba00001dd400000cdd
0 0000000000000000 1 fc5a07a653f64dc5 1 000005b1ffff7f08000004c8ffffa3bf000025b4000028d400007f2200005646
0 0000000000000000 1 3ab3f95b085eedd4 1 fffff041fffff234ffffe01c00007975ffffbf91ffffc2b0ffffbde6fffff1c8
0 0000000000000000 0 0000000000000000 0 0000000000000000000000000000000000000000000000000000000000000000
0 0000000000000000 0 0000000000000000 0 0000000000000000000000000000000000000000000000000000000000000000
0 0000000000000000 0 0000000000000000 0 0000000000000000000000000000000000000000000000000000000000000000
0 0000000000000000 0 0000000000000000 0 0000000000000000000000000000000000000000000000000000000000000000
0 0000000000000000 0 0000000000000000 0 0000000000000000000000000000000000000000000000000000000000000000
0 0000000000000000 1 1d012394cc77d523 0 0000000000000000000000000000000000000000000000000000000000000000
0 0000000000000000 1 b60f3be30dee360d 1 000071c4fffffb4cffff7db4ffffbcc5ffffd1780000335600001aa2ffffcf23
0 0000000000000000 0 0000000000000000 1 ffffd66c00000a5cffff61a600000701ffffc8d0000070a30000bb06ffffe105
0 0000000000000000 1 1c4c2316a73c41f7 1 0000711e000055660000335cffffb0060000160300001049ffffcdf600005433
0 0000000000000000 1 b7f7dfcdf440b411 1 00001deeffffd1e4ffffdbe700003990ffffcf9800002989ffffe5abffffccd5
0 0000000000000000 1 9638638811242da7 1 ffffb5610000662e000083ea0000229dfffff57e00001600ffffa472fffffc86
0 0000000000000000 1 d0aeaff5b9ea7401 1 ffffc00a000022320000291a000036daffffb46d00005f7a00001de6ffffe35b
0 0000000000000000 1 3327ef6fdca60c30 1 ffffce8c00000aba00008adafffff2f2000001d4ffffd6d5ffff9537ffffde10
0 0000000000000000 1 f02474f2dec6c138 1 00000da500000554ffffb63700003492ffffdb1c00002c1600001468ffffdcce
0 0000000000000000 0 0000000000000000 0 0000000000000000000000000000000000000000000000000000000000000000
0 0000000000000000 0 0000000000000000 0 0000000000000000000000000000000000000000000000000000000000000000
0 0000000000000000 0 0000000000000000 0 0000000000000000000000000000000000000000000000000000000000000000
0 0000000000000000 0 0000000000000000 0 0000000000000000000000000000000000000000000000000000000000000000
0 0000000000000000 0 0000000000000000 0 0000000000000000000000000000000000000000000000000000000000000000
0 0000000000000000 0 0000000000000000 1 00000aeffffff21cffffd1f300001b55ffffd9f300002d72fffff267ffffcaf7
0 0000000000000000 0 0000000000000000 1 ffffe0b4ffffdc9400000e9effffdace000004e7ffffec91000016dbffffebe0
1 f9e87693e096c6a4 0 0000000000000000 1 ffffe0b4ffffdc9400000e9effffdace000004e7ffffec91000016dbffffebe0
1 d5472adc851d5149 0 0000000000000000 1 ffffe0b4ffffdc9400000e9effffdace000004e7ffffec91000016dbffffebe0
1 bb1cbd2a53671807 0 0000000000000000 1 ffffe0b4ffffdc9400000e9effffdace000004e7ffffec91000016dbffffebe0
1 d2626b3276e5495f 0 0000000000000000 1 ffffe0b4ffffdc9400000e9effffdace000004e7ffffec91000016dbffffebe0
1 41c2e2054f20720b 0 0000000000000000 1 ffffe0b4ffffdc9400000e9effffdace000004e7ffffec91000016dbffffebe0
1 e312095bd7d2bdfc 0 0000000000000000 1 ffffe0b4ffffdc9400000e9effffdace000004e7ffffec91000016dbffffebe0
1 a0cfe7e5ca9dc105 0 0000000000000000 1 ffffe0b4ffffdc9400000e9effffdace000004e7ffffec91000016dbffffebe0
1 2d9843a431ddcb1b 0 0000000000000000 1 ffffe0b4ffffdc9400000e9effffdace000004e7ffffec91000016dbffffebe0
0 0000000000000000 1 f7e458e7a5c4d540 0 0000000000000000000000000000000000000000000000000000000000000000
0 0000000000000000 1 9c1811326b8c00d7 1 ffff9ed6fffff0360000119e00004500ffffd89600002b7100002c89ffffdafc
0 0000000000000000 1 7976e685488a158e 1 00002c48000005fdffffa91100001754000012f3ffffe834ffffe884ffffee3f
0 0000000000000000 1 aad5dc10eba7ca2d 1 ffffc16200000fb400001daa000020a000001922ffffb03bffffc835ffffa4ca
0 0000000000000000 1 6701021fa6fe12e2 1 ffffe5e3ffffeef40000108d00000db70000180400000cd300003761fffffe9a
0 0000000000000000 1 940e91693a1d7e49 1 fffff583000048f70000648effffda80fffff00cfffff51c000041ae00004b15
0 0000000000000000 1 af041e7033139c4c 1 0000071c00001be4ffffd30c0000001e000029d20000092e0000349500001932
0 0000000000000000 1 f0eec01838524c39 0 0000000000000000000000000000000000000000000000000000000000000000
0 0000000000000000 0 0000000000000000 0 0000000000000000000000000000000000000000000000000000000000000000
0 0000000000000000 0 0000000000000000 0 0000000000000000000000000000000000000000000000000000000000000000
0 0000000000000000 0 0000000000000000 0 0000000000000000000000000000000000000000000000000000000000000000
0 0000000000000000 1 968bf0c5c1b7f210 0 0000000000000000000000000000000000000000000000000000000000000000
0 0000000000000000 1 0067080238b59306 0 0000000000000000000000000000000000000000000000000000000000000000
0 0000000000000000 1 2a9576fd963f56b9 0 0000000000000000000000000000000000000000000000000000000000000000
0 0000000000000000 1 a46afe44a7fa1092 1 fffffccafffff92ffffff348ffffe7c10000226f00002de2ffffded0fffff751
0 0000000000000000 1 5e861135ece500ac 1 0000123d0000139effffcaf200001b5900004947000055840000849900003fe3
0 0000000000000000 1 190f4d75a01d2feb 1 000009b7fffff403fffff20effff9dd0ffff85ec00000372000035caffffc122
0 0000000000000000 1 3fdbb83263d18574 1 00003150fffff535fffff1ccfffffd5c000036e400002aaa000018fb00001bc7
0 0000000000000000 1 cd867b1b07b5e4b1 1 ffffd4420000211b00003cf1ffffe0cdffffdc97ffffc540ffffcc3cffffe02e
0 0000000000000000 0 0000000000000000 1 fffff4adffffe84800001a7a0000123b000013d5ffffbde70000148d00005aef
0 0000000000000000 1 3bf7e0cc0d36f89b 1 000022fd0000201c00001aa1000033b5000075e40000417e000050fb00005097
0 0000000000000000 1 30216d8b0238970c 1 000002d9ffffd1320000144500000546fffffffdffffbb63ffffe3bf00001065
0 0000000000000000 1 1d10221be0075664 0 0000000000000000000000000000000000000000000000000000000000000000
0 0000000000000000 1 f3d1698b30d6d9c9 0 0000000000000000000000000000000000000000000000000000000000000000
0 0000000000000000 1 61b2efbd6748f847 0 0000000000000000000000000000000000000000000000000000000000000000
0 0000000000000000 1 f70c1b1d7f192c98 1 000025cdffffd775ffffb1d800000ffc00002359000026e4ffffd7dbffffee3f
0 0000000000000000 0 0000000000000000 1 00002cd400001dcc000012a8ffffe2fe0000077600004c7c0000680f0000206a
0 0000000000000000 0 0000000000000000 1 ffffa2c7000014a1ffffd553000034b500000881ffffe229ffff98aeffffc929
0 0000000000000000 1 2222f4de84304f52 1 ffffb5c700007e98ffffefcc00004731ffffc455000028ee0000365c00004973
0 0000000000000000 1 89af387552aa2be3 1 fffff308000010920000146d00000a7900003ae2ffffda58ffffe45cffffc644
0 0000000000000000 0 0000000000000000 1 ffffa20b00004fda00002ceb000021c10000145cffffe979ffffee1b000022f1
0 0000000000000000 0 0000000000000000 1 00006fe4ffffc83c00005bd4ffffbcd800005fd5fffff40200002c2bfffffe37
0 0000000000000000 0 0000000000000000 1 fffff6c500001938ffffaa2c0000452500007a46000059eb0000262dfffff584
0 0000000000000000 0 0000000000000000 0 0000000000000000000000000000000000000000000000000000000000000000
0 0000000000000000 1 8b4f988b97d89ca6 1 0000004c00000bc7fffff31500001154ffffc453ffffe7fcffffec7effffc8f7
0 0000000000000000 0 0000000000000000 1 00001470fffff676ffffdd3dfffffca9ffffe7a600004536fffff203ffffce26
0 0000000000000000 1 99ec2ce1c77adbfb 1 ffffd6eaffffdeee00002826ffffd11c00000229ffffcc73ffffcf6e00000fd5
0 0000000000000000 0 0000000000000000 1 000016e0ffffe21cffff943a000010680000178f00005acb000011e8ffffcae1
0 0000000000000000 1 ca453a7fa332d71a 1 00003c8cffff96920000122fffffd4ba0000187dffffc88dffffcaf0ffffb834
0 0000000000000000 0 0000000000000000 1 ffffec600000170effffd55b000038570000177b0000157a00004d5a00000d1d
0 0000000000000000 1 79282ef5921758e5 0 0000000000000000000000000000000000000000000000000000000000000000
0 0000000000000000 1 c75c7f253c773463 0 0000000000000000000000000000000000000000000000000000000000000000
0 0000000000000000 1 3468dd289445d966 1 ffffce92ffffe8e300002825ffffccf9ffffa8eeffffb2a5ffff9009fffff4a5
0 0000000000000000 1 055bfab53042d93c 1 fffff61500001140ffffc5af000047040000965600003f5400005e6400004344
0 0000000000000000 1 8f073df5bb69b766 0 0000000000000000000000000000000000000000000000000000000000000000
0 0000000000000000 0 0000000000000000 0 0000000000000000000000000000000000000000000000000000000000000000
0 0000000000000000 0 0000000000000000 0 0000000000000000000000000000000000000000000000000000000000000000
0 0000000000000000 0 0000000000000000 0 0000000000000000000000000000000000000000000000000000000000000000
0 0000000000000000 0 0000000000000000 1 0000268900003709ffffbe750000196affff7ae4000048ee00000f58000002fb
0 0000000000000000 0 0000000000000000 0 0000000000000000000000000000000000000000000000000000000000000000
0 0000000000000000 0 0000000000000000 1 fffff09700001c8dffffc20b00005fc9fffff82e00002f4dffffdd1f00000f68
1 5ea996eea7079347 0 0000000000000000 1 fffff09700001c8dffffc20b00005fc9fffff82e00002f4dffffdd1f00000f68
1 74942782d301d14d 0 0000000000000000 1 fffff09700001c8dffffc20b00005fc9fffff82e00002f4dffffdd1f00000f68
1 0fb5bc18b99927e8 0 0000000000000000 1 fffff09700001c8dffffc20b00005fc9fffff82e00002f4dffffdd1f00000f68
1 f8e5af63be77cc05 0 0000000000000000 1 fffff09700001c8dffffc20b00005fc9fffff82e00002f4dffffdd1f00000f68
1 9e472c8e0f8e8150 0 0000000000000000 1 fffff09700001c8dffffc20b00005fc9fffff82e00002f4dffffdd1f00000f68
1 806c9bdf26d87cf6 0 0000000000000000 1 fffff09700001c8dffffc20b00005fc9fffff82e00002f4dffffdd1f00000f68
1 4cd05a9584747c80 0 0000000000000000 1 fffff09700001c8dffffc20b00005fc9fffff82e00002f4dffffdd1f00000f68
1 da5166fbfd1dc46e 0 0000000000000000 1 fffff09700001c8dffffc20b00005fc9fffff82e00002f4dffffdd1f00000f68
0 0000000000000000 1 b8008a154177dbbc 0 0000000000000000000000000000000000000000000000000000000000000000
0 0000000000000000 1 fe1a01f1de12817d 1 ffffdba7000073c600002fcc00003a8c00001bdc00001fcf000019ed000054f6
0 0000000000000000 1 90c19602e9d64d0a 0 0000000000000000000000000000000000000000000000000000000000000000
0 0000000000000000 1 70f0bdf387f13c48 1 fffffd50ffffcab3ffffc165fffffdb7ffffaa24ffffb5e0ffffab59ffffd6e2
0 0000000000000000 1 3aa6a15154be6f69 1 fffff47fffff8b1d00002555fffff53300002948000021b100001ac300004c19
0 0000000000000000 1 41c8f976aa8bc4b7 1 00006651ffff8d6a0000248affffc390ffffd21affffe224ffffcf9400001d22
0 0000000000000000 1 8de3147112af61df 1 fffff8a8fffff9d300004333ffffbc3effffe55000000702000005fe000002c1
0 0000000000000000 1 11c40238903ab84a 1 ffff9eb30000102600000fac00002d0f000014c9ffffd859fffff40dffffe4f8
0 0000000000000000 0 0000000000000000 0 0000000000000000000000000000000000000000000000000000000000000000
0 0000000000000000 0 0000000000000000 0 0000000000000000000000000000000000000000000000000000000000000000
0 0000000000000000 0 0000000000000000 0 0000000000000000000000000000000000000000000000000000000000000000
0 0000000000000000 0 0000000000000000 0 0000000000000000000000000000000000000000000000000000000000000000
0 0000000000000000 0 0000000000000000 0 0000000000000000000000000000000000000000000000000000000000000000
0 0000000000000000 0 0000000000000000 0 0000000000000000000000000000000000000000000000000000000000000000
0 0000000000000000 0 0000000000000000 1 ffff88b800006e7affffeaa2ffffe6a100005c89ffffef4300001fd3fffffc73
0 0000000000000000 0 0000000000000000 1 ffffd755000034870000017b00002d1900003c72ffffd99dffffbe0d000070c3
0 0000000000000000 0 0000000000000000 1 ffffe73c00003c1d00006bf900000cff000021e600005d19000044b8ffffb037
0 0000000000000000 0 0000000000000000 1 00005b4dffffd9550000080000001206ffffca960000737c00000ca2fffffbfd
0 0000000000000000 0 0000000000000000 1 fffff6a100002d6900005337fffff14bffffc54000007035ffffac6b000011f3
0 0000000000000000 0 0000000000000000 1 00004ed7ffffa215ffffa647000093daffffde4700005059ffffbb9cffffec79
0 0000000000000000 0 0000000000000000 1 00000994ffffe7bb00003a2300001e76ffffd0d500005614000028f0ffffa1d3
0 0000000000000000 0 0000000000000000 1 ffffd6f000002b5dffffb79c0000793a000019b300002a07000018250000121b
0 0000000000000000 0 0000000000000000 0 0000000000000000000000000000000000000000000000000000000000000000
0 0000000000000000 0 0000000000000000 0 0000000000000000000000000000000000000000000000000000000000000000
0 0000000000000000 0 0000000000000000 0 0000000000000000000000000000000000000000000000000000000000000000
0 0000000000000000 0 0000000000000000 0 0000000000000000000000000000000000000000000000000000000000000000
1 2281fb4c2b425937 0 0000000000000000 0 0000000000000000000000000000000000000000000000000000000000000000
1 822b3897533bcb1c 0 0000000000000000 0 0000000000000000000000000000000000000000000000000000000000000000
1 95335cf521fccae6 0 0000000000000000 0 0000000000000000000000000000000000000000000000000000000000000000
1 cb47b2816283b700 0 0000000000000000 0 0000000000000000000000000000000000000000000000000000000000000000
1 97d15e27a039c7aa 0 0000000000000000 0 0000000000000000000000000000000000000000000000000000000000000000
1 9624a423909c274d 0 0000000000000000 0 0000000000000000000000000000000000000000000000000000000000000000
1 caaf2d35d2516a61 0 0000000000000000 0 0000000000000000000000000000000000000000000000000000000000000000
1 430afaae410b2fa5 0 0000000000000000 0 0000000000000000000000000000000000000000000000000000000000000000
0 0000000000000000 1 d37ec5c9574500e5 0 0000000000000000000000000000000000000000000000000000000000000000
0 0000000000000000 0 0000000000000000 0 0000000000000000000000000000000000000000000000000000000000000000
0 0000000000000000 1 cb60e9b5ea517c9d 0 0000000000000000000000000000000000000000000000000000000000000000
0 0000000000000000 1 b92a5f805cdca47f 0 0000000000000000000000000000000000000000000000000000000000000000
0 0000000000000000 1 5979474f0f792964 0 0000000000000000000000000000000000000000000000000000000000000000
0 0000000000000000 1 e6d87830a63f34a3 0 0000000000000000000000000000000000000000000000000000000000000000
0 0000000000000000 1 1a0cd0d5e2b48a64 0 0000000000000000000000000000000000000000000000000000000000000000
0 0000000000000000 1 ba31eb38780bcb5a 0 0000000000000000000000000000000000000000000000000000000000000000
0 0000000000000000 1 abbd4712ab7f058c 0 0000000000000000000000000000000000000000000000000000000000000000
0 0000000000000000 0 0000000000000000 0 0000000000000000000000000000000000000000000000000000000000000000
0 0000000000000000 0 0000000000000000 0 0000000000000000000000000000000000000000000000000000000000000000
0 0000000000000000 0 0000000000000000 0 0000000000000000000000000000000000000000000000000000000000000000
0 0000000000000000 0 0000000000000000 0 0000000000000000000000000000000000000000000000000000000000000000
0 0000000000000000 0 0000000000000000 0 0000000000000000000000000000000000000000000000000000000000000000
0 0000000000000000 1 6b48b3009bba261f 1 ffff98bc0000092800001fc7fffffc1effffbef700002479ffffe49500000b3b
0 0000000000000000 1 a28030cba86a4e6d 0 0000000000000000000000000000000000000000000000000000000000000000
0 0000000000000000 1 3ec5fd0307ac5736 1 ffff9645fffff55d0000178d00003031ffffabf100002be20000265800007361
0 0000000000000000 1 7fd49d9b8b457151 1 fffff282000025d200006f49ffffe27bfffffaf700003f49ffffc656ffff71f4
0 0000000000000000 1 5c6bb039b1d057ae 1 ffff7b810000116cfffff910ffffb9d600003509fffff07e000012d10000247d
0 0000000000000000 1 fff051a3cbbb2d70 1 ffffbba9000030b2ffffe7e400000f2dfffff5bdffffb693fffffa5600004fcc
0 0000000000000000 1 a2bd4c2d9b1168ff 1 00007959000003b1fffff72effffd2c500004cb40000152ffffff98bffffaebc
0 0000000000000000 1 880449d01e6bcabd 1 ffffc8bb0000361b00001029ffffa83a0000056cffffe7c0ffffb384ffff9f60
0 0000000000000000 0 0000000000000000 1 ffffc32600004d67ffffbdc8000020dfffffb601ffff88cfffffef4200004d15
0 0000000000000000 1 d78a8edacf29526b 0 0000000000000000000000000000000000000000000000000000000000000000
0 0000000000000000 1 3d2190a5bfe8e3ca 0 0000000000000000000000000000000000000000000000000000000000000000
0 0000000000000000 1 9bab50633d00c238 0 0000000000000000000000000000000000000000000000000000000000000000
0 0000000000000000 1 31b4377e401f10f6 0 0000000000000000000000000000000000000000000000000000000000000000
0 0000000000000000 1 fca935aebd57a06e 0 0000000000000000000000000000000000000000000000000000000000000000
0 0000000000000000 1 1c6bf12a5a3b3009 1 00005177ffffc58fffffec03ffffea86000064ef00003f98000047c9000036f0
0 0000000000000000 1 1d7c95f73309a294 1 00002db400001ea3ffffcbfc00001f25ffffb8e5ffffc3c2000056dc00000d2f
0 0000000000000000 1 b71b8fde684a4875 1 00004199ffffb10d00001ead00001f8b000018400000413000004121fffff953
0 0000000000000000 0 0000000000000000 1 00007598ffff8877ffffbd4c0000632bffffe19700003bb20000c92b00006a9c
0 0000000000000000 0 0000000000000000 1 fffff9a8ffffcd3affffecf3fffff04400004bd300002ef6000029b3000071cf
0 0000000000000000 0 0000000000000000 1 00003f45ffffea5100004096000004db000027e600004a67000034e2ffffdc19
0 0000000000000000 0 0000000000000000 1 fffff799000032fdffffe7e4ffffeec600000102ffffc4e60000144900002b90
0 0000000000000000 0 0000000000000000 1 ffff9ac400005571000008b800000ce4ffffa2ceffffc133ffffbab4fffff8b4
0 0000000000000000 0 0000000000000000 0 0000000000000000000000000000000000000000000000000000000000000000
0 0000000000000000 0 0000000000000000 1 000079faffffd844ffffb4c7000028d2ffffc27cfffff230000073d000000bb1
0 0000000000000000 0 0000000000000000 1 00005618ffffc75bffffe66e000034a4fffffe0c000034ec000034d8000032ea
0 0000000000000000 0 0000000000000000 1 ffffe934000059d4fffff827ffffbad90000062cffff9d27ffffa468ffff98fd
0 0000000000000000 0 0000000000000000 1 ffffcdc3fffffbfcffffeb330000015afffffbf0ffffc382ffffec80fffffa12
0 0000000000000000 0 0000000000000000 1 00004d9c00002265ffffcdc20000137affffeaceffffc79400002571ffffd571
0 0000000000000000 0 0000000000000000 1 ffff8784fffff5ae000018beffffe511fffff3a30000182cfffff53f000015be
0 0000000000000000 0 0000000000000000 1 ffffd4530000000efffff859fffff6f2fffffa3e00000f94ffffc4d000001302
0 0000000000000000 0 0000000000000000 1 ffffe56cffffede9fffffe97fffff85effffaa4e00001bd4000029f9ffffe3c2
0 0000000000000000 0 0000000000000000 0 0000000000000000000000000000000000000000000000000000000000000000
0 0000000000000000 0 0000000000000000 0 0000000000000000000000000000000000000000000000000000000000000000
0 0000000000000000 0 0000000000000000 0 0000000000000000000000000000000000000000000000000000000000000000
0 0000000000000000 0 0000000000000000 0 0000000000000000000000000000000000000000000000000000000000000000
1 ff16174ccccfc1bc 0 0000000000000000 0 0000000000000000000000000000000000000000000000000000000000000000
1 c07becc4131a1e51 0 0000000000000000 0 0000000000000000000000000000000000000000000000000000000000000000
1 74abd5d6000564a6 0 0000000000000000 0 0000000000000000000000000000000000000000000000000000000000000000
1 dbc5c6be0e42deed 0 0000000000000000 0 0000000000000000000000000000000000000000000000000000000000000000
1 496eddd26e67e00e 0 0000000000000000 0 0000000000000000000000000000000000000000000000000000000000000000
1 77707b69d4e111aa 0 0000000000000000 0 0000000000000000000000000000000000000000000000000000000000000000
1 7c56b41d91dcdf98 0 0000000000000000 0 0000000000000000000000000000000000000000000000000000000000000000
1 b4eee75c6991e973 0 0000000000000000 0 0000000000000000000000000000000000000000000000000000000000000000
0 0000000000000000 0 0000000000000000 0 0000000000000000000000000000000000000000000000000000000000000000
0 0000000000000000 0 0000000000000000 0 0000000000000000000000000000000000000000000000000000000000000000
0 0000000000000000 0 0000000000000000 0 0000000000000000000000000000000000000000000000000000000000000000
0 0000000000000000 1 3b87c213c389d286 0 0000000000000000000000000000000000000000000000000000000000000000
0 0000000000000000 1 0083723b60dd5a4f 0 0000000000000000000000000000000000000000000000000000000000000000
0 0000000000000000 0 0000000000000000 0 0000000000000000000000000000000000000000000000000000000000000000
0 0000000000000000 0 0000000000000000 0 0000000000000000000000000000000000000000000000000000000000000000
0 0000000000000000 1 fa59ac4165a66821 0 0000000000000000000000000000000000000000000000000000000000000000
0 0000000000000000 1 52c6b9aaea72de77 0 0000000000000000000000000000000000000000000000000000000000000000
0 0000000000000000 1 4a108dda5b265dde 0 0000000000000000000000000000000000000000000000000000000000000000
0 0000000000000000 1 dd19504c13f9c91b 0 0000000000000000000000000000000000000000000000000000000000000000
0 0000000000000000 0 0000000000000000 0 0000000000000000000000000000000000000000000000000000000000000000
0 0000000000000000 0 0000000000000000 0 0000000000000000000000000000000000000000000000000000000000000000
0 0000000000000000 1 a4f10585f511656f 0 0000000000000000000000000000000000000000000000000000000000000000
0 0000000000000000 0 0000000000000000 0 0000000000000000000000000000000000000000000000000000000000000000
0 0000000000000000 0 0000000000000000 0 0000000000000000000000000000000000000000000000000000000000000000
0 0000000000000000 1 0d53630faed3d13e 0 0000000000000000000000000000000000000000000000000000000000000000
0 0000000000000000 0 0000000000000000 1 ffffc468ffff85fefffffd99ffffdc3fffffc83900001d57ffffd92cffffdef4
0 0000000000000000 0 0000000000000000 1 000069a0ffffc31cffffa8e00000025d00002298000000b2fffff506ffffbbed
0 0000000000000000 0 0000000000000000 0 0000000000000000000000000000000000000000000000000000000000000000
0 0000000000000000 1 6b800be116cad411 0 0000000000000000000000000000000000000000000000000000000000000000
0 0000000000000000 1 c31ca18da3da406c 1 ffffd5dc00005bccffff9cbeffffc6f6000026b000002fe8ffffbf7d00003ecb
0 0000000000000000 0 0000000000000000 1 fffff55c00002b35000063900000a162000008d7ffff8d62ffffd8b9000012fb
0 0000000000000000 1 b8e8bbd8aea05bb2 1 00002fd90000965900000eda00002c6fffffda6100000918ffffb601ffffdfd0
0 0000000000000000 1 145dbf093cd2e8fd 1 fffff2a9ffffcda7ffffe3faffffcc3800003969000022ea000022860000154e
0 0000000000000000 1 1037aeaa40e2cbe8 0 0000000000000000000000000000000000000000000000000000000000000000
0 0000000000000000 1 d14ea8171c7f5aa4 0 0000000000000000000000000000000000000000000000000000000000000000
0 0000000000000000 1 6cc7abd77b1aec46 1 00002ce300002869fffff4c800004360000004efffffaba8000012af00001d95
0 0000000000000000 1 f3291a9991e25c38 0 0000000000000000000000000000000000000000000000000000000000000000
0 0000000000000000 0 0000000000000000 0 0000000000000000000000000000000000000000000000000000000000000000
0 0000000000000000 0 0000000000000000 1 ffffc06bffffb999ffffe425ffffe988000016a6ffffdbed000032f500002c78
0 0000000000000000 0 0000000000000000 0 0000000000000000000000000000000000000000000000000000000000000000
0 0000000000000000 1 d4c66714cb28bccb 0 0000000000000000000000000000000000000000000000000000000000000000
0 0000000000000000 1 c1e3a171c2c52c44 0 0000000000000000000000000000000000000000000000000000000000000000
0 0000000000000000 1 9bba3e3372483c65 1 fffffbdcffffb10a0000073d00002afa00000bdbffffe4f3ffffdce4ffffe65e
0 0000000000000000 1 82eaf4911fbd334f 1 ffffb19100001794ffffff41000043c0fffff74cffff965ffffff39b00006131
0 0000000000000000 1 478ca894ed42ecdf 0 0000000000000000000000000000000000000000000000000000000000000000
0 0000000000000000 1 8e2b30dc97042ce7 1 ffffec06ffffe53bffffd9bfffffdb85ffffb079ffffff57fffff86bfffffa84
0 0000000000000000 1 9851e998d28875c5 1 ffffbae900003fb7ffffec86ffffd70a00002e320000290effffe4330000496f
0 0000000000000000 1 df9f1644b9b665bd 1 ffffcb380000491b00001950fffff50d000029ec000019feffffece5000048b1
0 0000000000000000 0 0000000000000000 1 00004b690000a1a7000026b600000077ffffba0a00002c40fffff0e0ffffcb5f
0 0000000000000000 0 0000000000000000 1 fffffdee0000482700002080000051640000395bffffec1cffffb1a0000017c4
0 0000000000000000 0 0000000000000000 1 fffffecfffffffd6ffffee9400002f02ffffc497ffff9e5c00001ad5000006b8
0 0000000000000000 0 0000000000000000 0 0000000000000000000000000000000000000000000000000000000000000000
0 0000000000000000 0 0000000000000000 0 0000000000000000000000000000000000000000000000000000000000000000
1 f5efedaeca1329cc 0 0000000000000000 0 0000000000000000000000000000000000000000000000000000000000000000
1 cd8a531fc25d03d4 0 0000000000000000 0 0000000000000000000000000000000000000000000000000000000000000000
1 52ec4af6b7072cc4 0 0000000000000000 0 0000000000000000000000000000000000000000000000000000000000000000
1 80376cfcb7251299 0 0000000000000000 0 0000000000000000000000000000000000000000000000000000000000000000
1 2f68142e98581cdb 0 0000000000000000 0 0000000000000000000000000000000000000000000000000000000000000000
1 1977101876357a9f 0 0000000000000000 0 0000000000000000000000000000000000000000000000000000000000000000
1 d667ce6c7135953c 0 0000000000000000 0 0000000000000000000000000000000000000000000000000000000000000000
1 1449fe687a79f14d 0 0000000000000000 0 0000000000000000000000000000000000000000000000000000000000000000
0 0000000000000000 1 44f2466bfd57d869 0 0000000000000000000000000000000000000000000000000000000000000000
0 0000000000000000 1 b0553677b8632866 1 00002b81ffffa7db00001e93ffffe9a8ffffefd3000010130000406bffffc71f
0 0000000000000000 1 e22188c98a24d82c 1 ffffadbeffffec99ffffd5b9fffff6e900000923ffffeeebffffd00a00003dac
0 0000000000000000 1 863193cea35e9ef1 1 00004db3000073eaffffd22a00004d940000462100000b80000007d2ffffee24
0 0000000000000000 1 0437fcb9c6694181 1 00002540fffff72fffffdc9d0000456600003600ffffe4310000107d00004df0
0 0000000000000000 1 eccf34a01471a9d6 1 000030f00000312fffffb99700000adaffffeed7ffffdd69ffffd934ffffd17b
0 0000000000000000 1 be7ed1a1b6988a8e 1 00000b06ffffd00200000430000038ebffffb2d7ffffd8bd00001447fffff97e
0 0000000000000000 1 eec0ae997395f82d 1 fffff4ffffffb5c7ffffc764ffffec36ffffdc77ffffff6bffffe91f00001a52
0 0000000000000000 0 0000000000000000 1 ffffcfb900001215ffffeeb1ffffdc92ffffe714ffffdffcfffff14affffd871
0 0000000000000000 1 bd2933548d31bca6 0 0000000000000000000000000000000000000000000000000000000000000000
0 0000000000000000 1 bb10c0f35de432aa 0 0000000000000000000000000000000000000000000000000000000000000000
0 0000000000000000 1 4a90735ab5b3dea1 0 0000000000000000000000000000000000000000000000000000000000000000
0 0000000000000000 1 5aa0a63eda72a530 0 0000000000000000000000000000000000000000000000000000000000000000
0 0000000000000000 1 4bf03a1cba61ca09 0 0000000000000000000000000000000000000000000000000000000000000000
0 0000000000000000 1 299b37679a6b94c7 1 fffff78000004887000043fc0000058400000c4700004bab000051fbffffaed0
0 0000000000000000 1 fff59b8043cc27a5 1 ffffc6280000316e00005b430000569b0000581b00005fdb00001671ffffd20e
0 0000000000000000 1 ad9542df3d5b84a5 1 ffffe7a1ffffcd97ffffd3890000025300007415ffffe9f0fffff57b000039f3
0 0000000000000000 0 0000000000000000 1 fffff894ffffc97ffffff635fffffab7000059e9ffffd6a70000234000000c5e
0 0000000000000000 0 0000000000000000 1 0000021cffffe6a0ffffe8c1ffffede500002f5affffdd2300001393ffffdcdf
0 0000000000000000 0 0000000000000000 1 000064fa00000ce6fffff213ffffd85d00000e2dffffd8ab00005d46ffffd831
0 0000000000000000 0 0000000000000000 1 fffffce4ffff1b2d000003beffffb094ffff9b9cffff9c94ffffe67e00001d25
0 0000000000000000 0 0000000000000000 1 0000364000001591ffffacf000001c5efffff9edfffffb47ffffc15300006ee6
0 0000000000000000 0 0000000000000000 0 0000000000000000000000000000000000000000000000000000000000000000
0 0000000000000000 0 0000000000000000 1 ffffd4d8ffffb2a600004c82ffffc5cdffffda1bffffc174000030e4ffffabdc
0 0000000000000000 0 0000000000000000 1 fffff132000013c6ffffeebf00001afcffffdb09fffff8f0ffffd63100000e84
1 62e66bc88e7e4adf 0 0000000000000000 1 fffff132000013c6ffffeebf00001afcffffdb09fffff8f0ffffd63100000e84
1 3f31271710c1ec07 0 0000000000000000 1 fffff132000013c6ffffeebf00001afcffffdb09fffff8f0ffffd63100000e84
1 9cd0134e22afe1c4 0 0000000000000000 1 fffff132000013c6ffffeebf00001afcffffdb09fffff8f0ffffd63100000e84
1 f2ee92810e786929 0 0000000000000000 1 fffff132000013c6ffffeebf00001afcffffdb09fffff8f0ffffd63100000e84
1 6c063c8b46e912fe 0 0000000000000000 1 fffff132000013c6ffffeebf00001afcffffdb09fffff8f0ffffd63100000e84
1 93a40e2f90cba4f8 0 0000000000000000 1 fffff132000013c6ffffeebf00001afcffffdb09fffff8f0ffffd63100000e84
1 66debf226287b8de 0 0000000000000000 1 fffff132000013c6ffffeebf00001afcffffdb09fffff8f0ffffd63100000e84
1 1924cf81c90a70c0 0 0000000000000000 1 fffff132000013c6ffffeebf00001afcffffdb09fffff8f0ffffd63100000e84
0 0000000000000000 1 44174bb0f87cd915 1 00001358ffffce0800001a1effff8b34ffff8fc1ffff8f4b00000b83ffffc887
0 0000000000000000 1 0da475a38842bb05 1 ffffe5d600004617ffffefe4ffffcb1000003ef1fffff8b100005793ffffcdc6
0 0000000000000000 1 21edd7a99f59ab60 1 fffffa4dfffff44c000041cfffffccba00001122fffffa7b00005460ffffb612
0 0000000000000000 1 01e52b5a8fb103d9 1 ffffe0b6ffffc0ea0000515cffff9a07fffff2aeffffb08800006e65ffff8e71
0 0000000000000000 1 c075cb05a8818ea1 1 0000350b000012b9ffffbb7dfffff7d3fffff712ffffcfffffffc8ee0000450e
0 0000000000000000 1 cb722082257c937e 1 ffffae24ffffc9c900000378ffffd761ffffc3edffff9070000065adffffbd54
0 0000000000000000 0 0000000000000000 0 0000000000000000000000000000000000000000000000000000000000000000
0 0000000000000000 1 66b221208d797cab 0 0000000000000000000000000000000000000000000000000000000000000000
0 0000000000000000 0 0000000000000000 0 0000000000000000000000000000000000000000000000000000000000000000
0 0000000000000000 0 0000000000000000 0 0000000000000000000000000000000000000000000000000000000000000000
0 0000000000000000 1 f392889055f31267 0 0000000000000000000000000000000000000000000000000000000000000000
0 0000000000000000 0 0000000000000000 0 0000000000000000000000000000000000000000000000000000000000000000
0 0000000000000000 0 0000000000000000 0 0000000000000000000000000000000000000000000000000000000000000000
0 0000000000000000 1 f7e41ec4b733bf08 0 0000000000000000000000000000000000000000000000000000000000000000
0 0000000000000000 1 c140c38878ff07e7 1 ffffc11cffffd071000052a800003c8effff9cddffffd8e1ffffceffffffd597
0 0000000000000000 1 9421bb11aa242b16 1 ffff5bfdffffcd020000201c00007dfeffffa5bdffffea5affffcc12ffffd848
0 0000000000000000 1 23a0da1028191f14 1 ffffb56cfffffd5900001e9400001780ffff6f4a00001b5300000768ffffe82b
0 0000000000000000 1 bb26883b7b154ca9 1 ffffd35f00000033ffffc0b9000016b2000015b100003b49000024a50000102c
0 0000000000000000 1 182f7b630c91da51 1 fffff2f9000053d70000048d000036c60000255100002b3100000ac800004438
0 0000000000000000 0 0000000000000000 1 ffffbdd800001290000046be000016f7ffffab28ffffa01effffdc0affffd915
0 0000000000000000 1 88455ac9527439ca 0 0000000000000000000000000000000000000000000000000000000000000000
0 0000000000000000 1 998287afc2c86142 1 ffffca48ffff93acffffefe600006245ffffc12ffffffd4fffffb113fffff002
0 0000000000000000 1 94ce50469b67f839 0 0000000000000000000000000000000000000000000000000000000000000000
0 0000000000000000 1 c18c67e262e93893 0 0000000000000000000000000000000000000000000000000000000000000000
0 0000000000000000 1 a68e6ff0a7721cd0 1 00004f9400001d6600000bf4ffffb205fffff68bfffffcb600001814ffffec75
0 0000000000000000 1 4e9a30502ed01620 0 0000000000000000000000000000000000000000000000000000000000000000
0 0000000000000000 1 b2728c0146f4652d 0 0000000000000000000000000000000000000000000000000000000000000000
0 0000000000000000 1 93d6d28a48bba94d 1 ffff9f99ffffefde000014a20000447cffffbe16fffff7e1ffffe1aafffff55d
0 0000000000000000 1 6943d76bac300d8f 1 0000496c0000254000003d88000012c800003ab1ffff9d6fffffbad90000095d
0 0000000000000000 1 723511e13ee026a4 1 ffffd87900000b75ffffaa25000025d800000e64ffffcd55ffffd8140000160e
0 0000000000000000 0 0000000000000000 1 00001847ffffe6b8fffff55affffc8b5ffffedd0000025bc000016a4fffffa1f
0 0000000000000000 0 0000000000000000 1 00005b52000005a4ffffe206ffffd19200005c9fffffdf98ffffd57b0000398c
0 0000000000000000 0 0000000000000000 1 00000c6300002125ffffe6abffffac3e000021e5000032c3000073d6ffffe564
0 0000000000000000 1 50d7cd810e924de5 0 0000000000000000000000000000000000000000000000000000000000000000
0 0000000000000000 0 0000000000000000 1 ffffc589ffffd57500000c1800006956000047caffff4144ffff6ae3fffff51e
0 0000000000000000 1 3abbd1698b808400 1 0000180a00001dccffffa4b900000cb900002ffeffffd286ffffeadcfffffe12
0 0000000000000000 1 75122f11b08f7443 1 ffff5330ffffcf2cffff982f00002c83ffffe36fffffd868ffffe6c8fffff566
0 0000000000000000 1 68e98b9abedcfb48 1 ffffe38cffffd2ca000004e300003e200000728fffffac1effffadcbfffffbc5
0 0000000000000000 1 a0ab1d44ee37e579 1 ffff4764ffffaa1cffffcb9500008c57fffff9a4ffffa66cffff8ec9fffff152
0 0000000000000000 1 36a3c36677749c49 1 0000215effffe9d6ffffeeb2ffffa1ec000004c400005276000055d0ffffeaf0
0 0000000000000000 1 fefd4a6faca52db3 1 00007abb0000324affffd538ffffcc5c00004fe5ffffb0f1ffffef8500000faf
0 0000000000000000 1 cbc32ec163f156a2 1 000004f8000044d200000fc9ffffe14400002161ffffdfe0000010f6fffffeaf
0 0000000000000000 0 0000000000000000 1 0000051effffdd7d0000065700001677ffffc71f0000555ffffffdb8000028b9
0 0000000000000000 0 0000000000000000 1 000061adfffff88700005b0c000010dc00001260000002a8ffffeaf6fffffc46
0 0000000000000000 0 0000000000000000 0 0000000000000000000000000000000000000000000000000000000000000000
1 df39be2ad57e1849 0 0000000000000000 0 0000000000000000000000000000000000000000000000000000000000000000
1 535126bb1f7dba5f 0 0000000000000000 0 0000000000000000000000000000000000000000000000000000000000000000
1 eb6b623eb49e34a7 0 0000000000000000 0 0000000000000000000000000000000000000000000000000000000000000000
1 e774457023b503ae 0 0000000000000000 0 0000000000000000000000000000000000000000000000000000000000000000
1 a5e7b8cf362ebe8b 0 0000000000000000 0 0000000000000000000000000000000000000000000000000000000000000000
1 7a56d90ae504c3f7 0 0000000000000000 0 0000000000000000000000000000000000000000000000000000000000000000
1 17f3b28bbf75dc72 0 0000000000000000 0 0000000000000000000000000000000000000000000000000000000000000000
1 10548c47c03cf996 0 0000000000000000 0 0000000000000000000000000000000000000000000000000000000000000000
0 0000000000000000 1 72e6b1d62011de88 0 0000000000000000000000000000000000000000000000000000000000000000
0 0000000000000000 1 3cb01592b6db23c8 0 0000000000000000000000000000000000000000000000000000000000000000
0 0000000000000000 1 c52ed34adf9a2eb8 1 0000444f0000312b000006cc0000174f00002353fffff623fffff376ffffec08
0 0000000000000000 1 20f1261edcab07c3 0 0000000000000000000000000000000000000000000000000000000000000000
0 0000000000000000 1 aaaf529f4a9d2266 1 00000a7000004ebeffffa4c2ffffe735ffffd9fc0000cd3d00008f90000027da
0 0000000000000000 1 358cf4b8cf0caa2d 1 00000c9600006588ffffb7e000000f4700002f46000018a00000415effffcd1e
0 0000000000000000 1 fa0b08bbdfc62824 1 00000b95ffffb5e6ffff9d93ffffc179fffff53900002fb900001915ffffed5b
0 0000000000000000 1 0461c824acb23316 1 00000d8b00002149000015f1fffff9ddffffc534ffffc3bd00004e1fffffca27
0 0000000000000000 0 0000000000000000 1 ffffde7d00003bb3ffffc5c5fffffc09ffffbc1cfffff60c000056ae000001ff
0 0000000000000000 0 0000000000000000 1 ffffe01900001dea000074fc0000611f000012d4ffffac2cfffffd6b00000724
0 0000000000000000 0 0000000000000000 1 ffffccf2ffffa5a9fffffc12ffffa26a00000012ffffae36ffffbedfffffea36
0 0000000000000000 0 0000000000000000 0 0000000000000000000000000000000000000000000000000000000000000000
0 0000000000000000 0 0000000000000000 0 0000000000000000000000000000000000000000000000000000000000000000
0 0000000000000000 0 0000000000000000 0 0000000000000000000000000000000000000000000000000000000000000000
0 0000000000000000 0 0000000000000000 1 ffffe5a1ffffba0bffffea55ffffdd000000270100003050fffffd050000531a
0 0000000000000000 0 0000000000000000 1 ffffefaaffffb1a0fffff835ffffe18fffffd05e000003a7000036fb00005940
0 0000000000000000 0 0000000000000000 1 ffffedbdffffd72300004430ffffd8bd00003113fffff198000001ee00003d27
0 0000000000000000 0 0000000000000000 1 ffffd212fffff27200003cbd00000f1300000079ffffde3200002d6400001c8e
0 0000000000000000 0 0000000000000000 1 ffffb384ffffc0cdffffd116ffffebddffffd6f3ffffde5800001a8cffff928c
0 0000000000000000 0 0000000000000000 1 ffffedccffffdd68ffffdae200004330ffffe1c1ffffd5c20000360bffffdc58
0 0000000000000000 0 0000000000000000 1 0000005bffffdfbeffffe943ffffdb8effffe2880000277400000cf7000029b8
0 0000000000000000 0 0000000000000000 1 00001ea800000b1e00000ba2ffffe486000004ae00004860fffffb5e000063cf
1 7e2d2374a4f76080 0 0000000000000000 1 00001ea800000b1e00000ba2ffffe486000004ae00004860fffffb5e000063cf
1 583f1d27865cd288 0 0000000000000000 1 00001ea800000b1e00000ba2ffffe486000004ae00004860fffffb5e000063cf
1 c206be135514f103 0 0000000000000000 1 00001ea800000b1e00000ba2ffffe486000004ae00004860fffffb5e000063cf
1 7c19f1817bdfb93e 0 0000000000000000 1 00001ea800000b1e00000ba2ffffe486000004ae00004860fffffb5e000063cf
1 fcb5da97f66bc63a 0 0000000000000000 1 00001ea800000b1e00000ba2ffffe486000004ae00004860fffffb5e000063cf
1 ef718e1b1d34c993 0 0000000000000000 1 00001ea800000b1e00000ba2ffffe486000004ae00004860fffffb5e000063cf
1 491702beeb0b250b 0 0000000000000000 1 00001ea800000b1e00000ba2ffffe486000004ae00004860fffffb5e000063cf
1 b61245b9dbdea793 0 0000000000000000 1 00001ea800000b1e00000ba2ffffe486000004ae00004860fffffb5e000063cf
0 0000000000000000 1 819916f0a7e84540 0 0000000000000000000000000000000000000000000000000000000000000000
0 0000000000000000 1 649b71d618dc0ee4 0 0000000000000000000000000000000000000000000000000000000000000000
0 0000000000000000 1 7a87b5c44df82745 0 0000000000000000000000000000000000000000000000000000000000000000
0 0000000000000000 1 4954100fc8845876 0 0000000000000000000000000000000000000000000000000000000000000000
0 0000000000000000 1 9dcb80c484a1fe95 0 0000000000000000000000000000000000000000000000000000000000000000
0 0000000000000000 1 121dba5f153fe36d 0 0000000000000000000000000000000000000000000000000000000000000000
0 0000000000000000 1 855a552f6e34ee1f 0 0000000000000000000000000000000000000000000000000000000000000000
0 0000000000000000 1 7556c5885db864f7 0 0000000000000000000000000000000000000000000000000000000000000000
0 0000000000000000 0 0000000000000000 0 0000000000000000000000000000000000000000000000000000000000000000
0 0000000000000000 0 0000000000000000 0 0000000000000000000000000000000000000000000000000000000000000000
0 0000000000000000 1 6ebb561f114e64a0 0 0000000000000000000000000000000000000000000000000000000000000000
0 0000000000000000 1 9c89450f265693d0 0 0000000000000000000000000000000000000000000000000000000000000000
0 0000000000000000 1 f0f80cd1a18e4794 0 0000000000000000000000000000000000000000000000000000000000000000
0 0000000000000000 1 2c5f0cff426f218b 0 0000000000000000000000000000000000000000000000000000000000000000
0 0000000000000000 1 b92cd14c1607a5ea 1 ffff952bffffe976000007ecffffbec400005031ffffb39ffffff313000049ef
0 0000000000000000 1 17f32532a48829b6 1 ffffece4ffffdfa3ffffec97000031aa00001b6bffffed7800004abb000015c9
0 0000000000000000 1 9acabee8d73be0f9 1 fffffe0fffffde51000024dcffffff6effffc701ffffe92c00003673ffffe575
0 0000000000000000 1 a4c693ded87ebe03 1 0000444a00000d3800006e84fffffa19ffffa61fffffde7400001235ffffb198
0 0000000000000000 0 0000000000000000 1 ffffe599ffffcb63000030d50000265dffffff38ffffb52b000051f400007424
0 0000000000000000 0 0000000000000000 1 0000258200002ca700001035ffffbf87fffffb0efffffdedffffaeeaffffb9df
0 0000000000000000 0 0000000000000000 1 ffffd150fffffe66ffffc171ffff9961000032b5000058e6ffff7e3700001480
0 0000000000000000 0 0000000000000000 1 00004dc2ffffe9f4000040980000343fffff4d080000436400004d24ffffbb4a
0 0000000000000000 0 0000000000000000 0 0000000000000000000000000000000000000000000000000000000000000000
0 0000000000000000 0 0000000000000000 0 0000000000000000000000000000000000000000000000000000000000000000
0 0000000000000000 0 0000000000000000 1 00004b6e00002715ffffb0e20000206f000032a500000e0e0000433b000001ac
0 0000000000000000 0 0000000000000000 1 ffff84ebffffe1e1ffff9874ffffe123000092e7ffffff40ffffcd87000061f8
0 0000000000000000 0 0000000000000000 1 00001839ffffdf35000020e100003654fffff78cffffd7370000659800004c8f
0 0000000000000000 0 0000000000000000 1 000055c0000037b2ffffb33d00002c60ffffde9e000064c0000005a6ffffd04b
1 4f70dbd371086690 0 0000000000000000 1 000055c0000037b2ffffb33d00002c60ffffde9e000064c0000005a6ffffd04b
1 7f5e842344aab1f5 0 0000000000000000 1 000055c0000037b2ffffb33d00002c60ffffde9e000064c0000005a6ffffd04b
1 996324cc4cfcb3a1 0 0000000000000000 1 000055c0000037b2ffffb33d00002c60ffffde9e000064c0000005a6ffffd04b
1 9248acc0c6be8109 0 0000000000000000 1 000055c0000037b2ffffb33d00002c60ffffde9e000064c0000005a6ffffd04b
1 9b0ca1be3e4e88c5 0 0000000000000000 1 000055c0000037b2ffffb33d00002c60ffffde9e000064c0000005a6ffffd04b
1 2155b03d81d46b2c 0 0000000000000000 1 000055c0000037b2ffffb33d00002c60ffffde9e000064c0000005a6ffffd04b
1 ff60e92a3159177f 0 0000000000000000 1 000055c0000037b2ffffb33d00002c60ffffde9e000064c0000005a6ffffd04b
1 3f5c46b2bf0bf983 0 0000000000000000 1 000055c0000037b2ffffb33d00002c60ffffde9e000064c0000005a6ffffd04b
0 0000000000000000 0 0000000000000000 1 00001503fffff797fffff5ebffffd29e0000240900000e78ffffbf2700002831
0 0000000000000000 0 0000000000000000 1 00003a65fffff114000024ac0000156a00001f92ffffc3ba00004934000046a8
0 0000000000000000 1 c599f4755d5c31f6 1 ffffca49ffffde58000004b9fffff1cb000028deffffe885ffffe866000024ec
0 0000000000000000 1 7b93e7db79e7cfad 1 ffffe5dfffffd2990000159b00003dfe00001cfeffffefe6ffffdb26fffffcda
0 0000000000000000 1 773e57a7a1cfe085 0 0000000000000000000000000000000000000000000000000000000000000000
0 0000000000000000 1 f1592f8186f82c0f 0 0000000000000000000000000000000000000000000000000000000000000000
0 0000000000000000 1 be5c6ef589f18f19 0 0000000000000000000000000000000000000000000000000000000000000000
0 0000000000000000 1 e7f1dc1701cf7d92 0 0000000000000000000000000000000000000000000000000000000000000000
0 0000000000000000 0 0000000000000000 0 0000000000000000000000000000000000000000000000000000000000000000
0 0000000000000000 1 4be288187741585d 0 0000000000000000000000000000000000000000000000000000000000000000
0 0000000000000000 1 42b10694df50d524 0 0000000000000000000000000000000000000000000000000000000000000000
0 0000000000000000 0 0000000000000000 0 0000000000000000000000000000000000000000000000000000000000000000
0 0000000000000000 0 0000000000000000 0 0000000000000000000000000000000000000000000000000000000000000000
0 0000000000000000 0 0000000000000000 0 0000000000000000000000000000000000000000000000000000000000000000
0 0000000000000000 0 0000000000000000 0 0000000000000000000000000000000000000000000000000000000000000000
0 0000000000000000 1 a44b4dc1b29c4659 0 0000000000000000000000000000000000000000000000000000000000000000
0 0000000000000000 1 519f95dd684846cc 1 ffff71c400000e52ffffcbf1ffffea82ffffa15400001fe9ffffd16100003e60
0 0000000000000000 1 e066b27010531eed 1 ffffc2a5ffffc6e2fffff443ffffd5e700004fb4000046f400002738ffffc6e2
0 0000000000000000 1 1a5ff98ca575128c 1 000047bd0000068400000e040000252e00008d65ffffdf8b000046ceffffdf84
0 0000000000000000 1 9e75c33dd24b95ab 1 00007dce000016170000374300004534000026c8ffffedc9000048d000001614
0 0000000000000000 1 c568803ea57f748c 1 0000255a00000067000031e400000589ffffed19ffff9842ffffd45cffffc44c
0 0000000000000000 1 96cd1d731812775f 1 ffffd32dffffdf39ffffe3e700002dff00002d7d00002e59fffff360000084d2
0 0000000000000000 1 6a42e11d9310bcbc 0 0000000000000000000000000000000000000000000000000000000000000000
0 0000000000000000 0 0000000000000000 1 00001e3400004bb9ffffbbfeffffe400ffffe5e1000043c900002814fffffbd8
0 0000000000000000 0 0000000000000000 1 00003987fffff9a4000041f600000cedffffe1590000132500009282ffffcef1
0 0000000000000000 0 0000000000000000 0 0000000000000000000000000000000000000000000000000000000000000000
0 0000000000000000 0 0000000000000000 0 0000000000000000000000000000000000000000000000000000000000000000
0 0000000000000000 0 0000000000000000 0 0000000000000000000000000000000000000000000000000000000000000000
0 0000000000000000 0 0000000000000000 0 0000000000000000000000000000000000000000000000000000000000000000
0 0000000000000000 0 0000000000000000 1 00002c6b000014b9000056b60000072f000025f70000088dffffcaeafffffe4c
1 1acbfd2b6e8fecfd 0 0000000000000000 1 00002c6b000014b9000056b60000072f000025f70000088dffffcaeafffffe4c
1 c65c214e1cb62557 0 0000000000000000 1 00002c6b000014b9000056b60000072f000025f70000088dffffcaeafffffe4c
1 7af47102157029a6 0 0000000000000000 1 00002c6b000014b9000056b60000072f000025f70000088dffffcaeafffffe4c
1 e77884d3d5655270 0 0000000000000000 1 00002c6b000014b9000056b60000072f000025f70000088dffffcaeafffffe4c
1 30fe31f64e9bda37 0 0000000000000000 1 00002c6b000014b9000056b60000072f000025f70000088dffffcaeafffffe4c
1 e2b450f8f2f1a12a 0 0000000000000000 1 00002c6b000014b9000056b60000072f000025f70000088dffffcaeafffffe4c
1 80ae55e092bbda85 0 0000000000000000 1 00002c6b000014b9000056b60000072f000025f70000088dffffcaeafffffe4c
1 35d890ca166806a4 0 0000000000000000 1 00002c6b000014b9000056b60000072f000025f70000088dffffcaeafffffe4c
0 0000000000000000 1 e2ea2b890ff62508 1 ffffe560fffff0f1ffffce1d000014a8000002390000573a000064cf000037bb
0 0000000000000000 0 0000000000000000 1 ffffd47e00004e25ffff7bbc000021c7ffffc1b4ffffc14dffffd21400004d3d
0 0000000000000000 0 0000000000000000 1 000031fefffff912ffffd2a10000807a00000dbbffffd05a0000890b000059b7
0 0000000000000000 1 512aaf1cd85d1ba3 1 ffffbfd40000226dffffdfa4000022c0ffffa4a5ffff831affffd68e00004a8b
0 0000000000000000 1 e6ae6c81780e8f19 1 ffff81b300007c5effff913200008c60ffffacd7ffffbf0600003d790000e403
0 0000000000000000 0 0000000000000000 1 00001caf00008cb8ffffd085ffffb6d0ffffb6f80000537effffa8190000340f
0 0000000000000000 1 9b629be365c3bb4b 1 ffffe529ffffdafcffffc53000004a0d00000d91ffff789e000013d2fffff6a7
0 0000000000000000 1 d9f6ef72fb6ecefa 0 0000000000000000000000000000000000000000000000000000000000000000
0 0000000000000000 1 e15026c34480677f 0 0000000000000000000000000000000000000000000000000000000000000000
0 0000000000000000 1 ac55b50e9877e9ae 0 0000000000000000000000000000000000000000000000000000000000000000
0 0000000000000000 0 0000000000000000 0 0000000000000000000000000000000000000000000000000000000000000000
0 0000000000000000 0 0000000000000000 0 0000000000000000000000000000000000000000000000000000000000000000
0 0000000000000000 0 0000000000000000 0 0000000000000000000000000000000000000000000000000000000000000000
0 0000000000000000 1 630087c23a0a8c22 0 0000000000000000000000000000000000000000000000000000000000000000
0 0000000000000000 0 0000000000000000 1 00001531ffffba42000052ab000002edfffffe20ffffeb69ffffdc1dffffa2a0
0 0000000000000000 0 0000000000000000 0 0000000000000000000000000000000000000000000000000000000000000000
0 0000000000000000 0 0000000000000000 0 0000000000000000000000000000000000000000000000000000000000000000
0 0000000000000000 1 cd289e9982bb7cfa 1 ffffa239fffff9d500001a35000023bffffff72fffff94fdffffd8fa0000512a
0 0000000000000000 1 b88d142bf9756920 1 0000a258ffffc28400004dcffffffd8b0000608d000018c6ffffd926ffffd04b
0 0000000000000000 1 6e6ea02ca68ee7b2 0 0000000000000000000000000000000000000000000000000000000000000000
0 0000000000000000 1 92301b6bf69e2fb7 1 fffffe5a00004af9ffffb7d4000007f80000221cffffe56b0000103c00004b33
0 0000000000000000 1 ed7bac0cefd4d675 1 fffff50000002b0dffffd3e3ffffe681ffffe709000040360000029900006010
0 0000000000000000 1 5bce3b20391d77e9 1 00000556fffff56d000008a6fffff7de0000032bfffff39f000019a0ffff8dfc
0 0000000000000000 1 a3fc738ebc6be32f 1 ffff982e00002bae0000119300001d42ffffb957fffff82afffff01700006410
0 0000000000000000 1 dac33473c86c62b2 0 0000000000000000000000000000000000000000000000000000000000000000
0 0000000000000000 0 0000000000000000 0 0000000000000000000000000000000000000000000000000000000000000000
0 0000000000000000 1 81cf021b913dc612 0 0000000000000000000000000000000000000000000000000000000000000000
0 0000000000000000 1 ccb6f4c67a62e3a1 1 00002130fffff089ffffc04c00001f55000070ebffff9c83ffffd6b9000047df
0 0000000000000000 1 b7733eb3fe91ba79 0 0000000000000000000000000000000000000000000000000000000000000000
0 0000000000000000 1 01eda7c92521bed2 0 0000000000000000000000000000000000000000000000000000000000000000
0 0000000000000000 1 7cb35fdc5cc76bab 0 0000000000000000000000000000000000000000000000000000000000000000
0 0000000000000000 1 cda3eb574087ca62 1 ffff7e55ffffdbef00000a8100000dceffff9f4fffffc955fffff2d7ffffa3c5
0 0000000000000000 1 a3e31badeaa9b0e7 1 ffffdb2dffffaf7c00001e1bffffb235ffff9c0100004758ffffccc4ffffb949
0 0000000000000000 1 849108eed8fa652d 1 ffffb90a000060a0ffffb22d0000462a00001ae2ffffa83f00003f9200005b19
0 0000000000000000 0 0000000000000000 1 ffffcf5e00007270ffffee92fffff687ffffae12000038120000534b00002859
0 0000000000000000 0 0000000000000000 1 ffffe83100004211ffff930d00000e21000015b6000008f40000257b00002c11
0 0000000000000000 0 0000000000000000 1 fffff497ffffbbd900004894ffffedbbfffffbc5ffffcb1effffdff0ffffc74b
0 0000000000000000 0 0000000000000000 1 00003857ffffb9b3000060c9fffffd1fffffea1d00005f03ffffdc62ffffa56a
0 0000000000000000 0 0000000000000000 1 ffffbf35fffff29600003187ffffd63dffff922b00003c31fffff72dfffffe61
0 0000000000000000 0 0000000000000000 0 0000000000000000000000000000000000000000000000000000000000000000
0 0000000000000000 0 0000000000000000 1 00000149000013c5ffffd1a9ffffdce4ffffb503000090ea00000eae00000381
0 0000000000000000 0 0000000000000000 1 000011a7ffffcfa2000063c7fffffaa800000e6effffbb8fffffb07800002cab
0 0000000000000000 0 0000000000000000 1 00004c48000035edffffe1180000179200002d2b0000470b00003e4effffd3f6
0 0000000000000000 0 0000000000000000 1 fffff9e9fffff59900000080000012d40000222affffb6fcffffd44900003e5d
0 0000000000000000 0 0000000000000000 1 00001fa9ffffb08a000078810000072e00002491ffff9a8effffe47dffffa8c8
0 0000000000000000 0 0000000000000000 1 000046db0000384fffff6ad5ffffbf000000095200006ebd00003cc3ffffff10
1 0bb2ed7f65849ece 0 0000000000000000 1 000046db0000384fffff6ad5ffffbf000000095200006ebd00003cc3ffffff10
1 74aa82988fe0923f 0 0000000000000000 1 000046db0000384fffff6ad5ffffbf000000095200006ebd00003cc3ffffff10
1 4ba18d1485ecab2d 0 0000000000000000 1 000046db0000384fffff6ad5ffffbf000000095200006ebd00003cc3ffffff10
1 f1421d37b3c76c60 0 0000000000000000 1 000046db0000384fffff6ad5ffffbf000000095200006ebd00003cc3ffffff10
1 a0c4e01a4d6c7a57 0 0000000000000000 1 000046db0000384fffff6ad5ffffbf000000095200006ebd00003cc3ffffff10
1 90692e6eea10195f 0 0000000000000000 1 000046db0000384fffff6ad5ffffbf000000095200006ebd00003cc3ffffff10
1 2c3b69554c750c17 0 0000000000000000 1 000046db0000384fffff6ad5ffffbf000000095200006ebd00003cc3ffffff10
1 e86065906c8f95c2 0 0000000000000000 1 000046db0000384fffff6ad5ffffbf000000095200006ebd00003cc3ffffff10
0 0000000000000000 0 0000000000000000 1 000040710000183100000273000009320000034e000035af00001ba7ffffe5da
0 0000000000000000 1 167b310718b59369 1 ffff9df7ffffcfca000003b6ffffb836ffff8ede00005a69ffffef63ffff86c4
0 0000000000000000 1 66d65b6292886544 0 0000000000000000000000000000000000000000000000000000000000000000
0 0000000000000000 1 a32b1072ab421559 0 0000000000000000000000000000000000000000000000000000000000000000
0 0000000000000000 1 d90f0daf16c5f432 0 0000000000000000000000000000000000000000000000000000000000000000
0 0000000000000000 1 dd284a235ab9a2e8 0 0000000000000000000000000000000000000000000000000000000000000000
0 0000000000000000 1 36898b7ddffb1573 0 0000000000000000000000000000000000000000000000000000000000000000
0 0000000000000000 1 89c4cbdaef49b8e0 0 0000000000000000000000000000000000000000000000000000000000000000
0 0000000000000000 1 21e62520ec872173 0 0000000000000000000000000000000000000000000000000000000000000000
0 0000000000000000 0 0000000000000000 0 0000000000000000000000000000000000000000000000000000000000000000
0 0000000000000000 0 0000000000000000 0 0000000000000000000000000000000000000000000000000000000000000000
0 0000000000000000 0 0000000000000000 0 0000000000000000000000000000000000000000000000000000000000000000
0 0000000000000000 0 0000000000000000 0 0000000000000000000000000000000000000000000000000000000000000000
0 0000000000000000 0 0000000000000000 0 0000000000000000000000000000000000000000000000000000000000000000
0 0000000000000000 0 0000000000000000 0 0000000000000000000000000000000000000000000000000000000000000000
0 0000000000000000 0 0000000000000000 1 000041dcffffa977ffff98daffff6e5cffffd257ffff85dbffff8887ffffee50
0 0000000000000000 0 0000000000000000 1 00006f01ffffffde00002bc4000024e10000157bffff9127ffff9e4dffffbd2e
1 2d596d010d011050 0 0000000000000000 1 00006f01ffffffde00002bc4000024e10000157bffff9127ffff9e4dffffbd2e
1 e9e5de7b02f2b1b5 0 0000000000000000 1 00006f01ffffffde00002bc4000024e10000157bffff9127ffff9e4dffffbd2e
1 5ddd9cca465d3427 0 0000000000000000 1 00006f01ffffffde00002bc4000024e10000157bffff9127ffff9e4dffffbd2e
1 21188196cd222a72 0 0000000000000000 1 00006f01ffffffde00002bc4000024e10000157bffff9127ffff9e4dffffbd2e
1 3495fc939c5428b2 0 0000000000000000 1 00006f01ffffffde00002bc4000024e10000157bffff9127ffff9e4dffffbd2e
1 8da879b79d586f23 0 0000000000000000 1 00006f01ffffffde00002bc4000024e10000157bffff9127ffff9e4dffffbd2e
1 6e3c1c2b6244f622 0 0000000000000000 1 00006f01ffffffde00002bc4000024e10000157bffff9127ffff9e4dffffbd2e
1 cf68bd613593fc32 0 0000000000000000 1 00006f01ffffffde00002bc4000024e10000157bffff9127ffff9e4dffffbd2e
0 0000000000000000 1 ce7a10dc22d9beda 1 ffffff6900007a8d000039adffffcde6ffffaae5ffffcf9efffff5a10000323f
0 0000000000000000 1 923bb3658ab26879 1 00000b2affffc653ffffedf3ffffa5320000195400000c13ffffd142ffffd39d
0 0000000000000000 1 578f74beb9c952bc 1 fffffe7effff8c4cffff781affffc19cffffad98ffffff8b00001bfd00002c6b
0 0000000000000000 1 5e9ce78353453409 1 0000012f000085320000a2ba0000116e000089b4ffffaaa100003abfffffcb71
0 0000000000000000 1 23476ff3ed605792 1 ffffab8effffe5f9ffffcac9ffffea2300000b130000385a000051ee00000781
0 0000000000000000 1 c5b2f19d316deba8 1 000046e30000159e00001ad7ffff9554000024c4ffffc5afffffbbe3ffffb913
0 0000000000000000 1 24f7785f268ddd46 0 0000000000000000000000000000000000000000000000000000000000000000
0 0000000000000000 1 4af6753ba400b088 0 0000000000000000000000000000000000000000000000000000000000000000
0 0000000000000000 0 0000000000000000 0 0000000000000000000000000000000000000000000000000000000000000000
0 0000000000000000 0 0000000000000000 0 0000000000000000000000000000000000000000000000000000000000000000
0 0000000000000000 0 0000000000000000 0 0000000000000000000000000000000000000000000000000000000000000000
0 0000000000000000 1 6dcecac4a8f30792 0 0000000000000000000000000000000000000000000000000000000000000000
0 0000000000000000 1 8d95083fcb86bacf 0 0000000000000000000000000000000000000000000000000000000000000000
0 0000000000000000 1 59532613a805821b 0 0000000000000000000000000000000000000000000000000000000000000000
0 0000000000000000 0 0000000000000000 1 fffff0c3ffffbc7affffd5e10000291dffffeaa1fffff690ffffcc25ffff9f29
0 0000000000000000 1 39a79a7fd7d83565 1 fffff90200007d32ffff7dfc00008a2400005ed2ffff945cffffada300002c52
0 0000000000000000 1 27784b6dd9b9acea 1 0000759d00003c4b0000295cffffeed4000072b80000306d00000ff600003c4c
0 0000000000000000 0 0000000000000000 1 000006ccfffff85c00009fbbffffde7bfffff0b900002916000033ddfffff802
0 0000000000000000 0 0000000000000000 1 000031e0ffffc2ee0000348affffe1de0000101a00008390000025ab00000a3e
0 0000000000000000 0 0000000000000000 1 ffffcb3cffff89dd00006fb3ffffada2ffffb477000046e000003a35ffffc20a
0 0000000000000000 1 179476257d174d98 1 00005deb000031d9ffff656cffffe06d00002e5efffff6ae0000015600003832
0 0000000000000000 1 9215139dbf9e3480 1 000021ecfffff345ffffedf5ffffb6a400000463000032d500001fc80000401f
0 0000000000000000 1 028f64ef0c03a711 0 0000000000000000000000000000000000000000000000000000000000000000
0 0000000000000000 1 2cf2ef182ec7603e 0 0000000000000000000000000000000000000000000000000000000000000000
0 0000000000000000 1 97616ec295a39c95 0 0000000000000000000000000000000000000000000000000000000000000000
0 0000000000000000 0 0000000000000000 1 0000085400002b21000080b200000d4f000015a4fffff6edffffef7d0000123f
0 0000000000000000 1 9cad1d48af41cad5 1 000017c4000003e5ffff8733ffffcb6600000de7ffffd79effffec1d00000549
0 0000000000000000 0 0000000000000000 1 ffffc90300002346fffff17e0000317400000192ffffc404ffffefb4000021c8
0 0000000000000000 1 556251a7f7a0409b 0 0000000000000000000000000000000000000000000000000000000000000000
0 0000000000000000 1 ef90008b53e78bec 1 00000a6a00008b65ffffe6070000026d000015b1ffffb8c6000003bf000076b1
0 0000000000000000 1 f4d3444557f6afcd 1 00001d7600000cf3ffff88eb00000b43000007b1fffff12affffdd45000017b8
0 0000000000000000 1 ff0293c7edacf4c8 0 0000000000000000000000000000000000000000000000000000000000000000
0 0000000000000000 1 46550a80fed2ca22 0 0000000000000000000000000000000000000000000000000000000000000000
0 0000000000000000 0 0000000000000000 0 0000000000000000000000000000000000000000000000000000000000000000
0 0000000000000000 0 0000000000000000 1 0000816fffffb25e0000043fffff4dbcffffe7710000a76f00005ced00001c41
0 0000000000000000 0 0000000000000000 1 00003295ffffe0b5fffff1f300003e8000004c3100000579ffffb195ffffa298
0 0000000000000000 0 0000000000000000 1 0000043cffffe959ffffe447ffffad30fffff98d00000e5900003ae800001da6
0 0000000000000000 0 0000000000000000 1 0000463e00004567ffffedf10000176100002e5bfffff88dfffff14f00001d00
0 0000000000000000 1 7c996ad616caa5f2 1 0000025affffc633ffffa0fb00003f670000372fffffe9eeffffb436ffffa9a0
0 0000000000000000 1 fd62ab1510e22aba 0 0000000000000000000000000000000000000000000000000000000000000000
0 0000000000000000 1 76bb3f8265dcf199 1 ffffcd12ffffd629ffffd6bcffffaa64ffffdcca000017fa0000376000002f8b
0 0000000000000000 1 6db7707543f6448f 0 0000000000000000000000000000000000000000000000000000000000000000
0 0000000000000000 1 cd7eea69028656d6 1 0000703800000a87000017e3000046df00005931000024a1ffffbcf8ffffccf3
0 0000000000000000 1 369d5617555a5cd2 1 ffffe5a3ffffbd4a00002d01ffffc320ffffcde3fffff29900001551ffffb73f
0 0000000000000000 1 94a8f133c8c59287 1 000020a7ffffb51effffc27affff7c4cffffbc3400003d970000337d000001ed
0 0000000000000000 0 0000000000000000 1 fffff8230000144100002c1a0000385c0000053cffffc244ffffb9c8ffffc2e3
0 0000000000000000 1 8a3e0a8dfa8b8ebc 1 ffffee59000013cf0000299800006dc900002564ffffc0f8ffffc47fffffbf49
0 0000000000000000 0 0000000000000000 0 0000000000000000000000000000000000000000000000000000000000000000
0 0000000000000000 0 0000000000000000 0 0000000000000000000000000000000000000000000000000000000000000000
0 0000000000000000 0 0000000000000000 0 0000000000000000000000000000000000000000000000000000000000000000
0 0000000000000000 0 0000000000000000 0 0000000000000000000000000000000000000000000000000000000000000000
0 0000000000000000 0 0000000000000000 0 0000000000000000000000000000000000000000000000000000000000000000
0 0000000000000000 0 0000000000000000 1 00003873000011e500000dc0ffffbb78000011660000097e000025f900002577
0 0000000000000000 0 0000000000000000 1 00000aabfffff33e000010fa00002695ffffec2000000270ffffc8b2ffffcdaf
0 0000000000000000 0 0000000000000000 1 0000538bffffd0ad00006807ffffbbe8fffffb2f0000470600001729ffffd0c6
0 0000000000000000 0 0000000000000000 1 00009670fffff2b7fffff18dffff5c36fffff89d0000915e00004c87000059cb
0 0000000000000000 0 0000000000000000 1 0000557600001a07ffff88c2000035f900002a16fffffe4fffffab66ffffe87c
0 0000000000000000 0 0000000000000000 1 00004dc4ffffd40600003673ffff7526ffffea9700008ec60000689900003add
0 0000000000000000 0 0000000000000000 1 ffffed12ffffcb51ffffc2e3ffffabb0ffffd519fffff55cfffffd95ffffef36
0 0000000000000000 0 0000000000000000 0 0000000000000000000000000000000000000000000000000000000000000000
0 0000000000000000 0 0000000000000000 1 ffffe9deffffb8acffffc8ca000041d700000a02ffffc4feffffa681ffff6caf
0 0000000000000000 0 0000000000000000 0 0000000000000000000000000000000000000000000000000000000000000000
0 0000000000000000 0 0000000000000000 0 0000000000000000000000000000000000000000000000000000000000000000
0 0000000000000000 0 0000000000000000 0 0000000000000000000000000000000000000000000000000000000000000000
1 78a57d45ea0ee638 0 0000000000000000 0 0000000000000000000000000000000000000000000000000000000000000000
1 987d0314d6fcc249 0 0000000000000000 0 0000000000000000000000000000000000000000000000000000000000000000
1 1c20dff04a2b2e9b 0 0000000000000000 0 0000000000000000000000000000000000000000000000000000000000000000
1 a76791b40118257e 0 0000000000000000 0 0000000000000000000000000000000000000000000000000000000000000000
1 4c17df23de89f2e7 0 0000000000000000 0 0000000000000000000000000000000000000000000000000000000000000000
1 a10e73ea16567105 0 0000000000000000 0 0000000000000000000000000000000000000000000000000000000000000000
1 b09c68d806090d66 0 0000000000000000 0 0000000000000000000000000000000000000000000000000000000000000000
1 8f6ab11a3d74c74e 0 0000000000000000 0 0000000000000000000000000000000000000000000000000000000000000000
0 0000000000000000 0 0000000000000000 0 0000000000000000000000000000000000000000000000000000000000000000
0 0000000000000000 1 014570afbdb6f377 0 0000000000000000000000000000000000000000000000000000000000000000
0 0000000000000000 1 30146e49cafe377a 0 0000000000000000000000000000000000000000000000000000000000000000
0 0000000000000000 0 0000000000000000 0 0000000000000000000000000000000000000000000000000000000000000000
0 0000000000000000 1 88dabc4d507b37c2 0 0000000000000000000000000000000000000000000000000000000000000000
0 0000000000000000 0 0000000000000000 0 0000000000000000000000000000000000000000000000000000000000000000
0 0000000000000000 1 b7923150a241d55b 0 0000000000000000000000000000000000000000000000000000000000000000
0 0000000000000000 1 a7b9d2a6255584be 0 0000000000000000000000000000000000000000000000000000000000000000
0 0000000000000000 1 225fd7c7bbc9ebfc 0 0000000000000000000000000000000000000000000000000000000000000000
0 0000000000000000 0 0000000000000000 0 0000000000000000000000000000000000000000000000000000000000000000
0 0000000000000000 1 8498a6f6b0ea633d 0 0000000000000000000000000000000000000000000000000000000000000000
0 0000000000000000 1 83d0f80e3f7b24f1 0 0000000000000000000000000000000000000000000000000000000000000000
0 0000000000000000 0 0000000000000000 0 0000000000000000000000000000000000000000000000000000000000000000
0 0000000000000000 0 0000000000000000 0 0000000000000000000000000000000000000000000000000000000000000000
0 0000000000000000 0 0000000000000000 0 0000000000000000000000000000000000000000000000000000000000000000
0 0000000000000000 0 0000000000000000 1 ffffe3f400003b08ffffd35f000022060000333e000045f2ffffbf73ffffe404
1 efc48a12dac67c75 0 0000000000000000 1 ffffe3f400003b08ffffd35f000022060000333e000045f2ffffbf73ffffe404
1 fc7513278787dfa0 0 0000000000000000 1 ffffe3f400003b08ffffd35f000022060000333e000045f2ffffbf73ffffe404
1 0eaaac3f7230e105 0 0000000000000000 1 ffffe3f400003b08ffffd35f000022060000333e000045f2ffffbf73ffffe404
1 31bd4dc4e7b5896c 0 0000000000000000 1 ffffe3f400003b08ffffd35f000022060000333e000045f2ffffbf73ffffe404
1 3ca0b3d4a8c5a894 0 0000000000000000 1 ffffe3f400003b08ffffd35f000022060000333e000045f2ffffbf73ffffe404
1 64e229b4dd846853 0 0000000000000000 1 ffffe3f400003b08ffffd35f000022060000333e000045f2ffffbf73ffffe404
1 be14dc6719de9f75 0 0000000000000000 1 ffffe3f400003b08ffffd35f000022060000333e000045f2ffffbf73ffffe404
1 e2b89d8523109e5d 0 0000000000000000 1 ffffe3f400003b08ffffd35f000022060000333e000045f2ffffbf73ffffe404
0 0000000000000000 1 a8afb13063ed8153 1 ffff910300003be5ffffe099ffffee8a00003e0900006d47fffffe4c0000490e
0 0000000000000000 1 71202a636c75bbc0 0 0000000000000000000000000000000000000000000000000000000000000000
0 0000000000000000 1 a11ed169b14e313e 1 ffffde5cffffffff000074aaffffbb8effffefa7ffffdfcd000056d100001941
0 0000000000000000 1 b49e8bffee1a3ba8 0 0000000000000000000000000000000000000000000000000000000000000000
0 0000000000000000 1 2b8ecd177ea44f1f 1 ffffcfadffffeb06ffffe27cffffccd20000521b000076b6000041cffffff9c0
0 0000000000000000 1 ca8297d342022064 1 000061090000274d00001b2f000008c0000010e1ffffee33000030dbffff76ab
0 0000000000000000 1 5459592e1c56d577 1 ffffd0a100006702ffffe8700000124dffffbe90ffffca36ffffd52d000012ba
0 0000000000000000 1 74dd7d92e4aed0c3 0 0000000000000000000000000000000000000000000000000000000000000000
0 0000000000000000 0 0000000000000000 1 ffffc7020000258a00003fc1ffffdea4000046ed00007c39ffffcce800004e54
0 0000000000000000 1 e3a9e9411157fdaf 1 00004295ffffe76000003e61ffffc844fffffb1c000042adfffffc1effffe5a1
0 0000000000000000 0 0000000000000000 0 0000000000000000000000000000000000000000000000000000000000000000
0 0000000000000000 1 ccb87ce942941f07 0 0000000000000000000000000000000000000000000000000000000000000000
0 0000000000000000 1 2a898b085e89be44 0 0000000000000000000000000000000000000000000000000000000000000000
0 0000000000000000 1 8bbbc3ef6efa093f 0 0000000000000000000000000000000000000000000000000000000000000000
0 0000000000000000 1 016302c72005cd0d 1 000032c6ffffb96b00001bdaffff686effffeafe000025caffffb9abffffbd0c
0 0000000000000000 0 0000000000000000 1 00006d8cffffa285fffff2feffffcda5ffffa487ffff75bf00003c8e000013d1
0 0000000000000000 1 eb66cbb9001fd182 1 00000f6c00001f2900006268ffffc610fffffe7effffc990ffffb38b00005c3f
0 0000000000000000 1 d2b28e7de6f9aa94 1 0000010700002da70000652900000c90000001f60000141d0000128900000a54
0 0000000000000000 1 20e2471a6bf2b097 1 ffffe222ffffa5ebffffafa4fffff643000003c3000022cfffffa4850000237e
0 0000000000000000 0 0000000000000000 1 fffff37bffffcf83ffffe5c1ffffaa9b0000130b0000331bffffcf700000194b
0 0000000000000000 0 0000000000000000 1 00002c00ffffb1a5ffffade6ffffb5c4ffffe34bffffa327fffff91b000041cf
0 0000000000000000 0 0000000000000000 1 ffffd78effffe921ffff9776000062850000498a00005ea90000728cffffdb4e
0 0000000000000000 0 0000000000000000 0 0000000000000000000000000000000000000000000000000000000000000000
0 0000000000000000 0 0000000000000000 1 00003eb4ffffdbba00004a93ffffe4c6ffffffbbffffe59d00001f6200002495
0 0000000000000000 1 cf819c9f5e6f26b2 0 0000000000000000000000000000000000000000000000000000000000000000
0 0000000000000000 1 e4ba0e7a76fe5b39 1 ffffe36dffffbc01ffffb6ce0000331c00005f4700006d39ffff9ac8ffffcdce
0 0000000000000000 1 2dd3658a44398949 1 ffffeaccffffb765ffffcc42ffffaa1affffeff000004771ffffdc74ffffed36
0 0000000000000000 1 2c5643431a8204a6 1 00000ffeffffdb4400000409ffffb676fffffcfa000020f6ffff9bbcffffc6b0
0 0000000000000000 1 6e0e1939578b73c5 1 000008aa00002708ffffee68fffffb41ffffc8a1ffffdfd80000135bffffa4dc
0 0000000000000000 1 632bc33b32d5e1fa 0 0000000000000000000000000000000000000000000000000000000000000000
0 0000000000000000 1 cae89d48685be186 1 0000164e0000740f0000499600003216ffffa82fffffcec300005ebdffff77f6
0 0000000000000000 1 14b938f204823a33 1 00002ff700000ef1000096faffffcf5effffdf74000003590000177ffffff4e5
0 0000000000000000 0 0000000000000000 1 00003bbeffffbceefffff0fa00000d16ffffed79fffffecf00001ab9ffffa9d8
0 0000000000000000 0 0000000000000000 0 0000000000000000000000000000000000000000000000000000000000000000
0 0000000000000000 0 0000000000000000 0 0000000000000000000000000000000000000000000000000000000000000000
0 0000000000000000 0 0000000000000000 0 0000000000000000000000000000000000000000000000000000000000000000
0 0000000000000000 0 0000000000000000 0 0000000000000000000000000000000000000000000000000000000000000000
1 95ef5634aa90a1f9 0 0000000000000000 0 0000000000000000000000000000000000000000000000000000000000000000
1 128118c35547709b 0 0000000000000000 0 0000000000000000000000000000000000000000000000000000000000000000
1 f231797ca1a57c29 0 0000000000000000 0 0000000000000000000000000000000000000000000000000000000000000000
1 e7cc23dd5eb346dc 0 0000000000000000 0 0000000000000000000000000000000000000000000000000000000000000000
1 03b433514fba7e37 0 0000000000000000 0 0000000000000000000000000000000000000000000000000000000000000000
1 d8e3336d72c088b4 0 0000000000000000 0 0000000000000000000000000000000000000000000000000000000000000000
1 0b69deca1d8d9bd7 0 0000000000000000 0 0000000000000000000000000000000000000000000000000000000000000000
1 902fb1bb0f431cd2 0 0000000000000000 0 0000000000000000000000000000000000000000000000000000000000000000
0 0000000000000000 0 0000000000000000 0 0000000000000000000000000000000000000000000000000000000000000000
0 0000000000000000 1 67f6afb5ee662fd8 1 00003440ffffecd700001f1fffffeafdffffe9cdfffffb7200004e14ffffdfb8
0 0000000000000000 0 0000000000000000 1 00001a1affffcb04ffffcad9ffffcfc2000007f4ffffe390ffff5f6100004d10
0 0000000000000000 1 3bb28d8c368fe7f5 1 00002c5b0000078bffffaf72ffffc73c00002648000029ab00005725ffffcf8f
0 0000000000000000 0 0000000000000000 1 ffffc20dfffff045000050e800004305ffffdc3dfffff733ffffc7c8ffffbebf
0 0000000000000000 1 5430196a7614efaf 1 ffffc8a4fffff86b0000139d00007028ffffda84ffffcee8ffffb38700001a0c
0 0000000000000000 1 b1d29d65ad894b7d 1 ffffdde5ffffc1ba00001a47ffffded5ffffeebdffffd0f0ffffad1100000170
0 0000000000000000 1 f988bcd5c1f77aff 1 00003a4fffffda550000210cfffff4fd00000573ffffd78300002fbaffffde0f
0 0000000000000000 1 6d6f71c46ebefb9e 1 fffff0de00005db2ffffe4e3fffffc78ffffe6e200000b75ffff9d1600001926
0 0000000000000000 1 57859d64db7160cf 0 0000000000000000000000000000000000000000000000000000000000000000
0 0000000000000000 1 b8243f51379752f4 0 0000000000000000000000000000000000000000000000000000000000000000
0 0000000000000000 0 0000000000000000 0 0000000000000000000000000000000000000000000000000000000000000000
0 0000000000000000 0 0000000000000000 0 0000000000000000000000000000000000000000000000000000000000000000
0 0000000000000000 0 0000000000000000 0 0000000000000000000000000000000000000000000000000000000000000000
0 0000000000000000 0 0000000000000000 0 0000000000000000000000000000000000000000000000000000000000000000
0 0000000000000000 1 6f895ed2dbe378bb 1 ffffe35f00000393000007f6000020ed00000772ffffcf5bffff4a12ffffdc37
0 0000000000000000 1 7021c6a5e367b064 0 0000000000000000000000000000000000000000000000000000000000000000
0 0000000000000000 0 0000000000000000 1 00000980000014d3ffffc141ffffdff0ffffad3b00003229ffffc8c400004e2f
0 0000000000000000 1 769183be3605bd4f 0 0000000000000000000000000000000000000000000000000000000000000000
0 0000000000000000 1 e73259b4ff25c93b 1 fffff583ffff96b9000071c600004a8300003803ffff8cf700004d790000048e
0 0000000000000000 1 d0df533c94e1d07d 1 fffff77e0000506fffff6763ffff3eb60000164e00004e16fffff3deffffe546
0 0000000000000000 0 0000000000000000 1 000008c100007d4bffffae24ffffcee2ffffda44ffffe34cffff565f00000c78
0 0000000000000000 1 8a6edb0ad02b8251 1 00001030ffffb64a000083e700005ccdffffbe85ffffb3ff00007ac600002966
0 0000000000000000 0 0000000000000000 1 ffffd61c00002c8b0000021600000eb80000324cffff72dbffff22e1ffffe02a
0 0000000000000000 1 2be0b7bdac1a1344 1 00002f1800000986000002e4ffffd2df0000154effffddf6000089c20000127a
0 0000000000000000 1 b01b96cb1312ec33 0 0000000000000000000000000000000000000000000000000000000000000000
0 0000000000000000 0 0000000000000000 0 0000000000000000000000000000000000000000000000000000000000000000
0 0000000000000000 0 0000000000000000 0 0000000000000000000000000000000000000000000000000000000000000000
0 0000000000000000 0 0000000000000000 0 0000000000000000000000000000000000000000000000000000000000000000
0 0000000000000000 0 0000000000000000 1 fffff008000081d20000387b000047f4ffff70a5ffff6442ffff883100003b47
0 0000000000000000 0 0000000000000000 1 ffff9ff2ffffde10fffffb5f000017d6fffffb280000346effff9bd8ffffc976
0 0000000000000000 0 0000000000000000 0 0000000000000000000000000000000000000000000000000000000000000000
0 0000000000000000 0 0000000000000000 1 ffffae9100000723ffffd56700000af3ffffd996000010a2ffff905d0000247b
0 0000000000000000 0 0000000000000000 1 ffffee8dfffff9b50000183c00002fa5ffffe97600002f3300003fccfffff8e8
0 0000000000000000 0 0000000000000000 1 ffffd22c00003e18ffffe053ffffd72dffffcf27000037db000035f8fffff66a
0 0000000000000000 0 0000000000000000 0 0000000000000000000000000000000000000000000000000000000000000000
0 0000000000000000 0 0000000000000000 1 000009f8ffffacb9ffffc94bffffc266000058600000ac7400005b84ffffbf0b
1 09a61ce0cbfe5646 0 0000000000000000 1 000009f8ffffacb9ffffc94bffffc266000058600000ac7400005b84ffffbf0b
1 ee2471c1483160f0 0 0000000000000000 1 000009f8ffffacb9ffffc94bffffc266000058600000ac7400005b84ffffbf0b
1 8656b0f0811f92af 0 0000000000000000 1 000009f8ffffacb9ffffc94bffffc266000058600000ac7400005b84ffffbf0b
1 5f4c0415eb80b001 0 0000000000000000 1 000009f8ffffacb9ffffc94bffffc266000058600000ac7400005b84ffffbf0b
1 6a6ed0691e7e9210 0 0000000000000000 1 000009f8ffffacb9ffffc94bffffc266000058600000ac7400005b84ffffbf0b
1 7f4ce3d9cd30bad5 0 0000000000000000 1 000009f8ffffacb9ffffc94bffffc266000058600000ac7400005b84ffffbf0b
1 099f7a23c924eb71 0 0000000000000000 1 000009f8ffffacb9ffffc94bffffc266000058600000ac7400005b84ffffbf0b
1 40546d5eeca4f452 0 0000000000000000 1 000009f8ffffacb9ffffc94bffffc266000058600000ac7400005b84ffffbf0b
0 0000000000000000 0 0000000000000000 0 0000000000000000000000000000000000000000000000000000000000000000
0 0000000000000000 1 7dd9724740408d00 1 ffffec5100002aaaffffbcb8ffffd051ffffe13600002c25ffff76c6ffffe027
0 0000000000000000 1 2622ada18289fdf7 1 0000193800000fe1ffffbab9ffffc15e0000465100006cbffffff60cffffe6ca
0 0000000000000000 1 218251c0dbe76ea8 0 0000000000000000000000000000000000000000000000000000000000000000
0 0000000000000000 1 be23872e8a4b5e57 0 0000000000000000000000000000000000000000000000000000000000000000
0 0000000000000000 0 0000000000000000 0 0000000000000000000000000000000000000000000000000000000000000000
0 0000000000000000 1 599d3495691d717a 0 0000000000000000000000000000000000000000000000000000000000000000
0 0000000000000000 1 a9ca031d122a379b 0 0000000000000000000000000000000000000000000000000000000000000000
0 0000000000000000 1 5adb36e893075d69 0 0000000000000000000000000000000000000000000000000000000000000000
0 0000000000000000 1 1b2a2b44aba1c466 0 0000000000000000000000000000000000000000000000000000000000000000
0 0000000000000000 0 0000000000000000 0 0000000000000000000000000000000000000000000000000000000000000000
0 0000000000000000 0 0000000000000000 0 0000000000000000000000000000000000000000000000000000000000000000
0 0000000000000000 0 0000000000000000 0 0000000000000000000000000000000000000000000000000000000000000000
0 0000000000000000 0 0000000000000000 0 0000000000000000000000000000000000000000000000000000000000000000
0 0000000000000000 0 0000000000000000 0 0000000000000000000000000000000000000000000000000000000000000000
0 0000000000000000 0 0000000000000000 1 0000215d00006405ffff8fe3fffff973ffffb03bfffffd31ffffb0a1ffffc750
1 b640ef5c350f210f 0 0000000000000000 1 0000215d00006405ffff8fe3fffff973ffffb03bfffffd31ffffb0a1ffffc750
1 6a105656b3d21356 0 0000000000000000 1 0000215d00006405ffff8fe3fffff973ffffb03bfffffd31ffffb0a1ffffc750
1 0e87283383ef3aa6 0 0000000000000000 1 0000215d00006405ffff8fe3fffff973ffffb03bfffffd31ffffb0a1ffffc750
1 2de37aa1e31a6f2e 0 0000000000000000 1 0000215d00006405ffff8fe3fffff973ffffb03bfffffd31ffffb0a1ffffc750
1 f2253c4417d89d25 0 0000000000000000 1 0000215d00006405ffff8fe3fffff973ffffb03bfffffd31ffffb0a1ffffc750
1 445150e7eda3979f 0 0000000000000000 1 0000215d00006405ffff8fe3fffff973ffffb03bfffffd31ffffb0a1ffffc750
1 fbe8181b5c875934 0 0000000000000000 1 0000215d00006405ffff8fe3fffff973ffffb03bfffffd31ffffb0a1ffffc750
1 2ff42a2ed093081e 0 0000000000000000 1 0000215d00006405ffff8fe3fffff973ffffb03bfffffd31ffffb0a1ffffc750
0 0000000000000000 1 28f3588d5d3a0b6a 1 ffff855dffff640d00004b76ffffcb0300003cf4ffffda250000b23700002a10
0 0000000000000000 1 e8678bb0c4ff9646 1 ffff5615ffffa0deffffca67fffff3eeffffa2af000029a1ffffdede00000d46
0 0000000000000000 1 3fdf60a9eae3980d 1 0000396dffffb330000099d5fffffbf200001800ffffa38000002efa0000439e
0 0000000000000000 1 36a24c551da7255e 0 0000000000000000000000000000000000000000000000000000000000000000
0 0000000000000000 1 910089ae1967cfa1 1 ffffd86f0000368c0000321c00005598ffffca4800004551ffffbfd50000684d
0 0000000000000000 1 88329ad7afe68893 1 fffffae8ffffbb43ffffe900ffffb4fdfffff02e00001f32ffffb12dffffdcbf
0 0000000000000000 1 7595a380ae592373 1 fffff5a7ffffef0f0000294800002d13ffffdb03ffffd17800000e6500004c70
0 0000000000000000 1 8e310bd6ef49fe52 1 00001734ffffea19000010ab00001c4affffea25ffff6c7000001d8300000273
0 0000000000000000 0 0000000000000000 0 0000000000000000000000000000000000000000000000000000000000000000
0 0000000000000000 0 0000000000000000 0 0000000000000000000000000000000000000000000000000000000000000000
1 a04cda7112e962d7 0 0000000000000000 0 0000000000000000000000000000000000000000000000000000000000000000
1 4125590e1cc15b78 0 0000000000000000 0 0000000000000000000000000000000000000000000000000000000000000000
1 1b1ed2009643353e 0 0000000000000000 0 0000000000000000000000000000000000000000000000000000000000000000
1 049a84c609ac8192 0 0000000000000000 0 0000000000000000000000000000000000000000000000000000000000000000
1 d594ceea9b60be19 0 0000000000000000 0 0000000000000000000000000000000000000000000000000000000000000000
1 1a6941d9a9076aae 0 0000000000000000 0 0000000000000000000000000000000000000000000000000000000000000000
1 043ba06413981d2b 0 0000000000000000 0 0000000000000000000000000000000000000000000000000000000000000000
1 bb96442005681ca8 0 0000000000000000 0 0000000000000000000000000000000000000000000000000000000000000000
0 0000000000000000 1 ab32523ca968b970 0 0000000000000000000000000000000000000000000000000000000000000000
0 0000000000000000 0 0000000000000000 0 0000000000000000000000000000000000000000000000000000000000000000
0 0000000000000000 0 0000000000000000 0 0000000000000000000000000000000000000000000000000000000000000000
0 0000000000000000 1 19a4f4cfa91aee0e 0 0000000000000000000000000000000000000000000000000000000000000000
0 0000000000000000 1 8dbef256ac9f79ff 1 0000083700005becffffe94500007466ffffdce9ffff9d39ffffb1a6ffffd07f
0 0000000000000000 0 0000000000000000 1 00002e76000039940000565100000a490000133c00000d54ffffbc4e00002655
0 0000000000000000 1 3f92508cc7c9cae7 1 ffffea4600004260fffff7af00002212ffffbb4a00002cd8fffff659ffffbb6e
0 0000000000000000 1 d3b649437706b173 1 ffffb68fffffbcdeffff971b00001a6effffe1eb000011180000526c000004c6
0 0000000000000000 1 31f462b5c06de572 1 00003ae500002d84000065a3ffffb9810000154800001c05ffff5166fffff461
0 0000000000000000 1 64a5667ec6729cf8 1 000054c4000010f8000062a6ffff9f84000037ee0000436fffffdfecffffe395
0 0000000000000000 0 0000000000000000 1 ffffa58300005aeb0000502e0000605400000dacffffc3a800003366ffffc298
0 0000000000000000 0 0000000000000000 1 00002bd5fffff9f6000060b6ffffd9afffffe6aaffffe85d0000215e000029d2
0 0000000000000000 0 0000000000000000 0 0000000000000000000000000000000000000000000000000000000000000000
0 0000000000000000 1 1ea292f0ec2c8758 0 0000000000000000000000000000000000000000000000000000000000000000
0 0000000000000000 0 0000000000000000 1 00003009fffff051000055faffffb985ffffdb8c000029ab00002a25ffffc2e5
0 0000000000000000 0 0000000000000000 0 0000000000000000000000000000000000000000000000000000000000000000
0 0000000000000000 1 5b580e8bafd8a846 0 0000000000000000000000000000000000000000000000000000000000000000
0 0000000000000000 1 fd8b856370722c4e 1 ffffea6f000031aa0000184200000f570000135e00000e6b00001f61ffffca5c
0 0000000000000000 1 70b108db73002e0b 1 000020a7ffffc85effff9d1ffffffb4800004495ffffa6faffff8a0bfffff6ac
0 0000000000000000 1 a1ce981a4e0f0595 0 0000000000000000000000000000000000000000000000000000000000000000
0 0000000000000000 1 540084b02565cd5f 1 ffffdcf4000039cb000004ff00002522fffff7e10000455000002a3200001324
0 0000000000000000 1 edaa00f1068d48ac 1 ffffd339ffff643dffffe5d6ffffbd49ffffa44400008efaffffa9c7ffffae4f
0 0000000000000000 1 cdbabc1a80ee398d 1 ffffea6a00004876000057db00001e90ffffcb590000551200008f08ffffd59a
0 0000000000000000 0 0000000000000000 1 ffffe60900001dc7ffffcdcfffffd62cffffbfd60000118100000e7fffff6faa
0 0000000000000000 1 1f7b45bdc0b66c1b 0 0000000000000000000000000000000000000000000000000000000000000000
0 0000000000000000 0 0000000000000000 0 0000000000000000000000000000000000000000000000000000000000000000
0 0000000000000000 0 0000000000000000 0 0000000000000000000000000000000000000000000000000000000000000000
0 0000000000000000 0 0000000000000000 1 ffffbf40ffffcef700004a36ffffe27a0000167d00004b82ffffee87ffff78bf
0 0000000000000000 1 970a8221bf1296c4 0 0000000000000000000000000000000000000000000000000000000000000000
0 0000000000000000 1 e9b7c66f07e321c2 0 0000000000000000000000000000000000000000000000000000000000000000
0 0000000000000000 1 50277aeb5d1119b5 1 ffffe92b0000387e0000808000003aeb00002e8000002cf10000811100002e66
0 0000000000000000 1 64c90b0865a8bc62 1 ffffbc6cffffa1b1ffffc935ffffe1cbffffdb4300001751ffffaa87ffff544f
0 0000000000000000 1 0676130e320141ac 1 ffffaca5fffffb0bffffbf9b00003ef6ffffd0e10000348500000b92ffffea0b
0 0000000000000000 1 3069fd776e49f278 1 00001db5ffffd8baffffd917ffffb908fffffa3dffffe140ffff8e65fffffbda
0 0000000000000000 1 f8b6d39dcea5ef58 1 ffffbbd00000110200006f5700001c970000039600003e3300005311ffffb0ee
0 0000000000000000 1 be27afee1dd9e5ce 1 fffffc22fffff595ffff9c81000018f000001d26ffffdb86ffffaf6700002f91
0 0000000000000000 0 0000000000000000 1 00002e2500003fc9ffffcf5efffff56700004c6effff851dffffcc0bfffff616
0 0000000000000000 1 0d7a8711548c06ae 0 0000000000000000000000000000000000000000000000000000000000000000
0 0000000000000000 1 5f0125845550abcc 1 0000177b0000481f00001299000061ed00002ba6ffffcc0f0000682900007c81
0 0000000000000000 1 fdacee2f6a4b8a94 0 0000000000000000000000000000000000000000000000000000000000000000
0 0000000000000000 1 4cc810052a658e4c 0 0000000000000000000000000000000000000000000000000000000000000000
0 0000000000000000 1 d0b5701c958a6f0c 0 0000000000000000000000000000000000000000000000000000000000000000
0 0000000000000000 1 be22a35960eb01fd 1 00003867ffffe994000042ccffff9ca900003988ffffd5f9ffffb68bffffdf84
0 0000000000000000 1 7b2747f7a4062b0d 1 fffffed0ffffce07ffff991effffe1aa00001aa6ffffbbabffff8951ffffc88d
0 0000000000000000 1 3b79f92395b1e8e3 1 ffffff270000389bffffcaca00002003ffffac8f000010c0000039db00004da8
0 0000000000000000 0 0000000000000000 1 ffff9871ffff8ce3ffffe1a500001dbcffffefab00006bb6ffffd594ffffce5f
0 0000000000000000 0 0000000000000000 1 00002d4b00002c90ffffe5bd0000105ffffff512ffffb90c00001aee0000614b
0 0000000000000000 0 0000000000000000 1 ffffde94ffffa84800000674fffff4edffffd16200001bb300000973ffffbd6e
0 0000000000000000 0 0000000000000000 1 ffffd117ffffdc8400002fe90000255f0000399b00003d0efffff957fffff565
0 0000000000000000 0 0000000000000000 1 00001e0dffffe1f900001be8ffffdbbb00001f5dffffed81ffffcc9b00002cf2
0 0000000000000000 0 0000000000000000 0 0000000000000000000000000000000000000000000000000000000000000000
0 0000000000000000 0 0000000000000000 1 000009e9ffffd0dcfffff01a00000b1b00004615ffffb424ffffc0e200005d0d
1 7e1f8043ac3930a1 0 0000000000000000 1 000009e9ffffd0dcfffff01a00000b1b00004615ffffb424ffffc0e200005d0d
1 6e99ca3e293ae15b 0 0000000000000000 1 000009e9ffffd0dcfffff01a00000b1b00004615ffffb424ffffc0e200005d0d
1 f65c0e5278b6d29d 0 0000000000000000 1 000009e9ffffd0dcfffff01a00000b1b00004615ffffb424ffffc0e200005d0d
1 0acaa97c3c6fac7f 0 0000000000000000 1 000009e9ffffd0dcfffff01a00000b1b00004615ffffb424ffffc0e200005d0d
1 d51cfab1547503ac 0 0000000000000000 1 000009e9ffffd0dcfffff01a00000b1b00004615ffffb424ffffc0e200005d0d
1 99bf99e72bc2815d 0 0000000000000000 1 000009e9ffffd0dcfffff01a00000b1b00004615ffffb424ffffc0e200005d0d
1 cd05f9261de86642 0 0000000000000000 1 000009e9ffffd0dcfffff01a00000b1b00004615ffffb424ffffc0e200005d0d
1 ee1fc71caf30168a 0 0000000000000000 1 000009e9ffffd0dcfffff01a00000b1b00004615ffffb424ffffc0e200005d0d
0 0000000000000000 1 81b603ed0fe67dbe 1 00003783000050fc00003d6f00000ae3ffffaf100000590f000065cb000021c5
0 0000000000000000 1 7af6e5c22aee45fb 1 ffffea58ffffe23affffdd9dffff9f4effffb18800002eacffffb07fffffc42f
0 0000000000000000 1 49d3576a545a930c 1 fffff9bcfffffd950000119dffffe753ffffbee60000693300002469ffff91c8
0 0000000000000000 1 9729f118d65c4493 1 ffffc95b000046d0ffffd6a200003106000021d2ffffd753ffffd4e000001d7e
0 0000000000000000 1 2a34367c53bda976 1 ffffe3cdffff867effffd061ffffddc30000244affffe9d2ffff91c1ffffef0b
0 0000000000000000 1 a8fb6a2a35533ba3 1 000054610000178bffffc80900005bd5ffffe5e0fffff8cd0000709c00000b7e
0 0000000000000000 1 788571e6268025f5 1 00009107ffffdb65ffffac72000043b0000040afffffeeeb0000183f00003354
0 0000000000000000 1 0fba8b88bd0e9f0b 0 0000000000000000000000000000000000000000000000000000000000000000
0 0000000000000000 0 0000000000000000 0 0000000000000000000000000000000000000000000000000000000000000000
0 0000000000000000 0 0000000000000000 0 0000000000000000000000000000000000000000000000000000000000000000
0 0000000000000000 0 0000000000000000 0 0000000000000000000000000000000000000000000000000000000000000000
0 0000000000000000 1 d272be867658af49 0 0000000000000000000000000000000000000000000000000000000000000000
0 0000000000000000 1 3e8c7f3f4b87fe50 0 0000000000000000000000000000000000000000000000000000000000000000
0 0000000000000000 1 12fbf6d30b0be9f8 0 0000000000000000000000000000000000000000000000000000000000000000
0 0000000000000000 1 97f90381b33ea0e6 1 ffff94840000162c00006b1effffcdd800003e5fffffbee90000300d00003a85
0 0000000000000000 0 0000000000000000 1 0000292d00002014ffffde30fffff552ffffcf56000015f8000055c4ffffbaa1
0 0000000000000000 1 7343463908c2e81c 1 fffff3e300001583ffff9fdb000025d700003d00000037efffff8aa9ffffcb5b
0 0000000000000000 1 b6358f5a653d5f6c 1 ffffbb9effffb08300001541fffff76b0000537affffbc5dffffc5c30000ba39
0 0000000000000000 1 f5ced3bc380f36f1 1 000043cd00001018ffffb9f6000051de000011b600008fbbffffd8e0ffffab23
0 0000000000000000 1 16d434785a08fb2d 1 ffffa087fffffb34000015090000042e00009b0cffffcbffffffb63d00005190
0 0000000000000000 0 0000000000000000 1 0000274d000092290000210200001e48fffff271fffffdc00000675dffff42ca
0 0000000000000000 0 0000000000000000 1 0000015c000001cd000025caffff997cffff7accffffca6a00001a41ffffd042
0 0000000000000000 1 68f4e3cd5eeb3432 0 0000000000000000000000000000000000000000000000000000000000000000
0 0000000000000000 1 cc5450d899f441fa 0 0000000000000000000000000000000000000000000000000000000000000000
0 0000000000000000 1 8cbf88c30c8f1ea6 0 0000000000000000000000000000000000000000000000000000000000000000
0 0000000000000000 0 0000000000000000 1 ffffebefffffcc66fffff098ffff8e4afffffb0c000023aaffffd930ffffd950
0 0000000000000000 1 8f420417fae249a2 1 000009080000871b0000082c0000387400000e1f000038e60000312affff43f1
0 0000000000000000 0 0000000000000000 1 000004370000071500000487ffffe1beffffef71fffff5460000055dffffe33b
0 0000000000000000 1 9b806e1fcb76edd1 1 ffffcd2dfffff4c800005293ffffa6e2fffff379ffff8105ffffce2600000756
0 0000000000000000 1 c31674437978a043 0 0000000000000000000000000000000000000000000000000000000000000000
0 0000000000000000 0 0000000000000000 1 00006f4c000013a4ffffbc0100006371ffffffcd00004770000005ddffffc21b
0 0000000000000000 1 60cbb5fc9d28c367 1 ffffb641ffffb09dffffbf80fffff5a8000014df00006df3fffff48900006261
0 0000000000000000 1 a4a4cee3c1a8cbe0 1 ffffcb0f0000128300001f36ffffb54afffff654ffffefd500002fd5ffffe9e3
0 0000000000000000 0 0000000000000000 1 ffffe61300001ae8ffffc92200002d820000364e00005008ffffd7b2ffffdef6
0 0000000000000000 0 0000000000000000 0 0000000000000000000000000000000000000000000000000000000000000000
0 0000000000000000 0 0000000000000000 0 0000000000000000000000000000000000000000000000000000000000000000
0 0000000000000000 0 0000000000000000 1 000017f500002871ffffd7f8ffffe88dffffd3cb00003b4100004f6fffff96f1
0 0000000000000000 0 0000000000000000 1 00000f6afffff56b0000210d000036ef00002017ffffab99000008f500002f56
0 0000000000000000 0 0000000000000000 1 ffffd9150000018a00009648ffff8fdbffffe5f0ffffecd90000581e00002851
0 0000000000000000 0 0000000000000000 0 0000000000000000000000000000000000000000000000000000000000000000
0 0000000000000000 0 0000000000000000 1 ffffeaa1ffffd15a000042200000042b000055ebffffeaaafffffe600000807a
0 0000000000000000 0 0000000000000000 0 0000000000000000000000000000000000000000000000000000000000000000
0 0000000000000000 0 0000000000000000 1 ffff74b800001e71000025bbfffff5b00000569effff7e53ffff97db000029d8
0 0000000000000000 0 0000000000000000 1 ffffb35300000052ffffca06000002fe00007967000022b9ffff6c77ffffdf18
0 0000000000000000 0 0000000000000000 0 0000000000000000000000000000000000000000000000000000000000000000
0 0000000000000000 0 0000000000000000 1 000020b2fffffd23ffffb56600000f2fffff72a7ffffff69000002c0ffffd45e
0 0000000000000000 0 0000000000000000 1 ffffe6ce00001891000075fcffffc43fffffd1e3ffffd00a00001f71fffffc2d
0 0000000000000000 0 0000000000000000 0 0000000000000000000000000000000000000000000000000000000000000000
0 0000000000000000 0 0000000000000000 0 0000000000000000000000000000000000000000000000000000000000000000
0 0000000000000000 0 0000000000000000 0 0000000000000000000000000000000000000000000000000000000000000000
0 0000000000000000 0 0000000000000000 0 0000000000000000000000000000000000000000000000000000000000000000
0 0000000000000000 0 0000000000000000 0 0000000000000000000000000000000000000000000000000000000000000000
0 0000000000000000 0 0000000000000000 0 0000000000000000000000000000000000000000000000000000000000000000
1 c5006668c2658b10 0 0000000000000000 0 0000000000000000000000000000000000000000000000000000000000000000
1 2edc4164ce5194c8 0 0000000000000000 0 0000000000000000000000000000000000000000000000000000000000000000
1 2b1a41b122bc2c43 0 0000000000000000 0 0000000000000000000000000000000000000000000000000000000000000000
1 3badf68ce6dcd443 0 0000000000000000 0 0000000000000000000000000000000000000000000000000000000000000000
1 4587c12370e6307e 0 0000000000000000 0 0000000000000000000000000000000000000000000000000000000000000000
1 543d0093660fbbc3 0 0000000000000000 0 0000000000000000000000000000000000000000000000000000000000000000
1 fc05d674ff006171 0 0000000000000000 0 0000000000000000000000000000000000000000000000000000000000000000
1 e94cde0b438729d9 0 0000000000000000 0 0000000000000000000000000000000000000000000000000000000000000000
0 0000000000000000 0 0000000000000000 0 0000000000000000000000000000000000000000000000000000000000000000
0 0000000000000000 1 d98980149d8ba622 0 0000000000000000000000000000000000000000000000000000000000000000
0 0000000000000000 1 1089ff9adb47eef7 0 0000000000000000000000000000000000000000000000000000000000000000
0 0000000000000000 0 0000000000000000 0 0000000000000000000000000000000000000000000000000000000000000000
0 0000000000000000 1 e8f096f768ed030f 0 0000000000000000000000000000000000000000000000000000000000000000
0 0000000000000000 0 0000000000000000 0 0000000000000000000000000000000000000000000000000000000000000000
0 0000000000000000 0 0000000000000000 0 0000000000000000000000000000000000000000000000000000000000000000
0 0000000000000000 1 8d1ff3ee46fc7f0b 0 0000000000000000000000000000000000000000000000000000000000000000
0 0000000000000000 1 f56c52deb8d412e8 0 0000000000000000000000000000000000000000000000000000000000000000
0 0000000000000000 0 0000000000000000 0 0000000000000000000000000000000000000000000000000000000000000000
0 0000000000000000 1 ead53c76ad71d121 0 0000000000000000000000000000000000000000000000000000000000000000
0 0000000000000000 1 ff86c1acb82f384e 0 0000000000000000000000000000000000000000000000000000000000000000
0 0000000000000000 1 cf5b7facc7ee839b 0 0000000000000000000000000000000000000000000000000000000000000000
0 0000000000000000 0 0000000000000000 0 0000000000000000000000000000000000000000000000000000000000000000
0 0000000000000000 1 d27b22d70e114620 0 0000000000000000000000000000000000000000000000000000000000000000
0 0000000000000000 1 e93bbb07f42399bf 1 ffff9ffe00001880ffffd394ffffdd12ffffbcfaffffdd4700001ae8ffffb993
0 0000000000000000 0 0000000000000000 1 ffffddab00005116fffff925ffffdab600002769fffffb71000019eaffffd65f
0 0000000000000000 1 bf340c608607e176 0 0000000000000000000000000000000000000000000000000000000000000000
0 0000000000000000 0 0000000000000000 1 0000032effffc93bffffbbbc00002d1a0000259efffffc2000001d3500001aa8
0 0000000000000000 1 7a0e4b6760208669 0 0000000000000000000000000000000000000000000000000000000000000000
0 0000000000000000 1 d5974b866cf8bc0c 0 0000000000000000000000000000000000000000000000000000000000000000
0 0000000000000000 1 3352045e3ac135b5 1 00002853ffffe3ddffffafee00002eda00003550ffffd5e10000686d000043b5
0 0000000000000000 1 108568e1496f6d01 1 fffffbe9000014f000003f2400002bd6ffffc48800001ce9ffffecbdffffe6e6
0 0000000000000000 1 ed2b6769fc0f5e57 0 0000000000000000000000000000000000000000000000000000000000000000
0 0000000000000000 0 0000000000000000 1 00002f18000030eb00000eb2ffff4ef100001b3effffc8a3ffffd7afffffd911
0 0000000000000000 0 0000000000000000 1 ffffc08000006b79ffffd2150000085000001fa8ffffdac000003f14ffffd25a
0 0000000000000000 0 0000000000000000 1 00001360000011900000570fffffd167ffffd97000002803ffffcee5ffffb4bb
0 0000000000000000 0 0000000000000000 0 0000000000000000000000000000000000000000000000000000000000000000
0 0000000000000000 0 0000000000000000 1 00002259000007c0000003f500004137000010cc000001f400000bb7fffffd40
0 0000000000000000 0 0000000000000000 1 000015a0ffffe72100001082ffffddd1ffffe84200003ceeffffa770ffffaf9f
0 0000000000000000 0 0000000000000000 0 0000000000000000000000000000000000000000000000000000000000000000
0 0000000000000000 0 0000000000000000 1 000007c30000388a0000060affffae11ffffe9d9ffffbb26ffffe7b9ffffaf74
0 0000000000000000 0 0000000000000000 0 0000000000000000000000000000000000000000000000000000000000000000
0 0000000000000000 0 0000000000000000 1 00002795ffffdb4b000031a1ffffbdf2000031edffffd8a7ffffa97d000014ed
0 0000000000000000 0 0000000000000000 1 000001fe00000b38ffffdb00ffffd987000064beffffb9f00000605f00001f33
0 0000000000000000 0 0000000000000000 1 00001a30ffff96be0000197a00004078ffffc70e000039a7ffffda8e00005947
1 66bf26a2165c91e6 0 0000000000000000 1 00001a30ffff96be0000197a00004078ffffc70e000039a7ffffda8e00005947
1 8817d0c934408418 0 0000000000000000 1 00001a30ffff96be0000197a00004078ffffc70e000039a7ffffda8e00005947
1 b7904148705e4d8a 0 0000000000000000 1 00001a30ffff96be0000197a00004078ffffc70e000039a7ffffda8e00005947
1 048676b5a2487432 0 0000000000000000 1 00001a30ffff96be0000197a00004078ffffc70e000039a7ffffda8e00005947
1 cd660ef90494fe69 0 0000000000000000 1 00001a30ffff96be0000197a00004078ffffc70e000039a7ffffda8e00005947
1 ee2f1dce53433d3e 0 0000000000000000 1 00001a30ffff96be0000197a00004078ffffc70e000039a7ffffda8e00005947
1 dcb434389bd268c6 0 0000000000000000 1 00001a30ffff96be0000197a00004078ffffc70e000039a7ffffda8e00005947
1 a42691b29d40f907 0 0000000000000000 1 00001a30ffff96be0000197a00004078ffffc70e000039a7ffffda8e00005947
0 0000000000000000 1 347e20167fd101a2 1 000030e700002048ffffdec8ffffd08f0000711cffffc6bf00005d0300006874
0 0000000000000000 1 927dc5f33c5371b6 1 0000085500000853ffffff68ffffe11d000019d9ffffb426000022f50000428a
0 0000000000000000 1 791649db68cdc7bc 0 0000000000000000000000000000000000000000000000000000000000000000
0 0000000000000000 1 2c87e7a54099a788 0 0000000000000000000000000000000000000000000000000000000000000000
0 0000000000000000 1 bb7f9fb9372d033b 0 0000000000000000000000000000000000000000000000000000000000000000
0 0000000000000000 0 0000000000000000 0 0000000000000000000000000000000000000000000000000000000000000000
0 0000000000000000 1 18470467ada2d32d 0 0000000000000000000000000000000000000000000000000000000000000000
0 0000000000000000 1 ec8dcf5f46a69951 0 0000000000000000000000000000000000000000000000000000000000000000
0 0000000000000000 1 5a2151c3220309fb 0 0000000000000000000000000000000000000000000000000000000000000000
0 0000000000000000 0 0000000000000000 0 0000000000000000000000000000000000000000000000000000000000000000
0 0000000000000000 0 0000000000000000 0 0000000000000000000000000000000000000000000000000000000000000000
0 0000000000000000 0 0000000000000000 0 0000000000000000000000000000000000000000000000000000000000000000
0 0000000000000000 0 0000000000000000 0 0000000000000000000000000000000000000000000000000000000000000000
0 0000000000000000 1 6afd6457f4170fd3 0 0000000000000000000000000000000000000000000000000000000000000000
0 0000000000000000 1 fd61768fa485a0db 1 ffffdc850000015b00002cf1fffff6f500003ab0ffffea91ffffb6cd000021fd
0 0000000000000000 1 077f1a0be5b94d17 1 ffffa31d000041c8000006fc00001e2a000006c8ffffb40100001ec0000040a2
0 0000000000000000 1 0bf89ed80888e158 1 00001fd3fffffbda00002122fffffd9500005e4400000167ffffa3cffffff642
0 0000000000000000 1 848373bca49793f0 1 0000821700002f76000006b6000040ee000032ceffff8ad3ffffbcdcfffffc20
0 0000000000000000 1 53cefb5255cbb659 1 ffff9fc800008f3fffff93b9ffffdbf5fffffaf3ffffd227ffffacf400005426
0 0000000000000000 1 46317a27f5c767c7 0 0000000000000000000000000000000000000000000000000000000000000000
0 0000000000000000 1 1507d00477da1c93 1 fffff60dffffaf29fffffae7ffffc7f5ffffccfe00005690ffffd9d1ffffe91c
0 0000000000000000 0 0000000000000000 1 00002727000018e1fffff388ffffd6e4ffff9bd4ffffd67600001aa2000040db
0 0000000000000000 0 0000000000000000 1 fffff5e3fffff06e000005d10000027e00004829000024c1ffffc9f5ffffd533
0 0000000000000000 1 4041bece592261d6 0 0000000000000000000000000000000000000000000000000000000000000000
0 0000000000000000 0 0000000000000000 0 0000000000000000000000000000000000000000000000000000000000000000
0 0000000000000000 0 0000000000000000 0 0000000000000000000000000000000000000000000000000000000000000000
0 0000000000000000 1 35d442ae08c34ffe 0 0000000000000000000000000000000000000000000000000000000000000000
0 0000000000000000 1 1e1c3f372b36aedc 1 00001f52ffff83ea00006a4cffffe9300000270f00005fab000025e4ffffd3df
0 0000000000000000 1 ee7d0def233a916c 1 ffffe3b2ffffe779ffffc0d200003f5e00007b6e00003157ffff8007ffff8e27
0 0000000000000000 1 af8df4e5aff27950 1 ffffb74bffffcdc7fffff10cfffffeadffffe30500001fa1ffffda33ffffd446
0 0000000000000000 1 38c298e01e9be1a4 1 00000f0800003dd9ffff9e34ffffe376ffffa68dffffcb82ffffa3d900001324
0 0000000000000000 0 0000000000000000 1 0000161fffffe866ffffe2c2000080b5000034f2ffffe635000031f2ffff97ae
0 0000000000000000 1 28ce314c299f99ab 1 0000186efffffcdc0000033fffffaf8fffffc79a0000185fffffea1800002e6e
0 0000000000000000 1 f6692aa89d358daa 1 ffffeef1ffff74c8000058bc000025fd000011c70000322300001e30ffffa1a8
0 0000000000000000 0 0000000000000000 1 0000210900001e5600002e9d0000139e00000167ffff9c5effffeb40000033b6
0 0000000000000000 0 0000000000000000 0 0000000000000000000000000000000000000000000000000000000000000000
0 0000000000000000 0 0000000000000000 0 0000000000000000000000000000000000000000000000000000000000000000
0 0000000000000000 0 0000000000000000 1 fffffa67000030f700000424ffffef90fffffe93ffffc860ffffca38000029dd
0 0000000000000000 0 0000000000000000 0 0000000000000000000000000000000000000000000000000000000000000000
1 eaa4688d82ecf77f 0 0000000000000000 0 0000000000000000000000000000000000000000000000000000000000000000
1 5ca4ae620f5252ed 0 0000000000000000 0 0000000000000000000000000000000000000000000000000000000000000000
1 73d02a55fac859f0 0 0000000000000000 0 0000000000000000000000000000000000000000000000000000000000000000
1 b401d54fe4c0c4dd 0 0000000000000000 0 0000000000000000000000000000000000000000000000000000000000000000
1 27f021738b109bc7 0 0000000000000000 0 0000000000000000000000000000000000000000000000000000000000000000
1 2e038365d4893b94 0 0000000000000000 0 0000000000000000000000000000000000000000000000000000000000000000
1 2b6dd42a24ec2eb3 0 0000000000000000 0 0000000000000000000000000000000000000000000000000000000000000000
1 5fb7d4410b010b21 0 0000000000000000 0 0000000000000000000000000000000000000000000000000000000000000000
0 0000000000000000 1 143e5f12d67c223a 0 0000000000000000000000000000000000000000000000000000000000000000
0 0000000000000000 1 4afb1b534a85a8b3 1 ffffcfd6ffffd3710000058500003e2a0000048effffe72ffffffe94ffffaa9c
0 0000000000000000 1 f87eae0ed288aaa5 1 000030c0ffffe36e000037b5ffffdde20000501600003a1cfffffd8100001d97
0 0000000000000000 1 e6d08c5d2fb21d6e 1 0000171a000028caffff8f39ffffb0650000392700004822ffffa4f700003cbd
0 0000000000000000 1 42d48bdfcd2b8c03 1 ffffa72300000db1ffffe564000003f1ffffc0b1ffffd6e80000773fffffbfdd
0 0000000000000000 1 c4ce1e809f4260d4 1 ffffd788fffffca9000036b7ffffde1cffffce96ffff846bffffb5970000168a
0 0000000000000000 1 ebe93681df06a877 0 0000000000000000000000000000000000000000000000000000000000000000
0 0000000000000000 1 1c6d303b7c4914a6 1 ffffae04ffffbe880000601f00002b5800000a9fffffca17ffffe0cd000015c0
0 0000000000000000 0 0000000000000000 1 00001accffffc40200000264000008f60000a0c600006607ffffe9bfffffcaa2
0 0000000000000000 0 0000000000000000 0 0000000000000000000000000000000000000000000000000000000000000000
0 0000000000000000 0 0000000000000000 0 0000000000000000000000000000000000000000000000000000000000000000
0 0000000000000000 1 3a1d33d01ace4f8c 0 0000000000000000000000000000000000000000000000000000000000000000
0 0000000000000000 1 fb88ecfffd56f53e 0 0000000000000000000000000000000000000000000000000000000000000000
0 0000000000000000 1 9245deb180048a61 0 0000000000000000000000000000000000000000000000000000000000000000
0 0000000000000000 1 b991f5aa6f8ab6b2 1 00006503ffffd2ceffffaf0e00006635fffffac0ffffba52000065b7ffffcf36
0 0000000000000000 1 f1a0601e2561f744 1 ffffb526ffffcce30000781cffffce26ffffb53600002256ffffa51100004c01
0 0000000000000000 1 543f72d4eea55bfa 1 ffffb831ffffdbd3000017acffffb3b30000255b000072b1ffffebfb000040e5
0 0000000000000000 1 55eca09bb92d780c 1 ffffc81a000019d6fffff66a000006840000034300001a24ffff98d500000d19
0 0000000000000000 1 107457849dee8f48 1 ffffad57ffffdf590000131bffff8843ffffe3060000007effffd7f600004c53
0 0000000000000000 0 0000000000000000 1 0000238b00005daaffffdc65ffffdd510000547fffffe1b200005f5dffffccc7
0 0000000000000000 0 0000000000000000 1 000050eeffffbfec00001084ffffeeb000001c67000010b300002d9d000033e7
0 0000000000000000 0 0000000000000000 1 00002ac8ffffe148ffffdecc0000803affffaac1ffffeb610000046bffffaeb6
0 0000000000000000 1 e1a0ca91ecde805a 0 0000000000000000000000000000000000000000000000000000000000000000
0 0000000000000000 1 6b2114a49f986fc8 0 0000000000000000000000000000000000000000000000000000000000000000
0 0000000000000000 0 0000000000000000 0 0000000000000000000000000000000000000000000000000000000000000000
0 0000000000000000 1 dfeedfd3c46a3be1 1 000007cc0000177d000040d4ffffdaa1ffffec0b000017d8000017a900000696
0 0000000000000000 1 97988db0e5fd2885 1 fffff0c600001b80ffffee26fffffbe1ffffefb7ffffb784ffffe8b6ffffef80
0 0000000000000000 1 e9301b6a74ab5239 1 000027d3ffffcef2ffffb60ffffff582000071020000399f0000430d00001c0b
0 0000000000000000 1 8558050c78e87f44 1 ffffc5220000318c00007567ffffba93fffff9e600003d2affff97a3000016bb
0 0000000000000000 1 9a819c99f27e419e 1 00002fccfffffd9cffffeea2000051cdffffdc4dffff9c1d0000052fffffcfe5
0 0000000000000000 0 0000000000000000 1 000049a9ffffde240000438bffffec13000000e5000021b90000456500003224
0 0000000000000000 1 d55d10befff654ff 1 fffffa3f00002ee2fffff457ffff9bb600000c65fffffe850000295d000019bd
0 0000000000000000 0 0000000000000000 1 000069a1ffff811900000785ffffe80200002dfd00003b2a0000719a000053c0
0 0000000000000000 0 0000000000000000 0 0000000000000000000000000000000000000000000000000000000000000000
0 0000000000000000 0 0000000000000000 0 0000000000000000000000000000000000000000000000000000000000000000
0 0000000000000000 0 0000000000000000 0 0000000000000000000000000000000000000000000000000000000000000000
0 0000000000000000 1 c55e18b79ed7c755 1 ffffeb9affffe8050000307fffffa072000017e400002424ffffd68100004f32
0 0000000000000000 1 44360d45d0b9d8d0 1 0000035c00000da700005075ffff7634000022460000363a0000432a000056d4
0 0000000000000000 1 8c0ceb280fe55fc9 0 0000000000000000000000000000000000000000000000000000000000000000
0 0000000000000000 1 7cd5b7f2c5b2ce19 1 0000033700003f4bffffba33ffffffc40000250dffffd587000033d7ffffc414
0 0000000000000000 0 0000000000000000 1 ffff9c290000961efffffd7affffa2810000463a00001026ffffd903ffffd125
0 0000000000000000 1 7c3188fe7d0df097 1 00002536fffffcc8fffffa79000074e2ffffe97b00001958ffffd08effffd990
0 0000000000000000 1 ce7f3d0d433c7c1d 1 0000656a00002697ffffaa520000b0d80000225400002ab40000044effff8c78
0 0000000000000000 1 d163918ccf182262 1 ffffc7d700009e9effffc67bffffd96b00002e0bffffce02fffffa50ffff98ef
0 0000000000000000 0 0000000000000000 0 0000000000000000000000000000000000000000000000000000000000000000
0 0000000000000000 1 7ddd09d69178f5c5 1 00004bb000000ec5ffffd4f1000030ff00002f6700002c2b00004179ffffd6d6
0 0000000000000000 0 0000000000000000 0 0000000000000000000000000000000000000000000000000000000000000000
0 0000000000000000 0 0000000000000000 0 0000000000000000000000000000000000000000000000000000000000000000
0 0000000000000000 0 0000000000000000 0 0000000000000000000000000000000000000000000000000000000000000000
0 0000000000000000 0 0000000000000000 0 0000000000000000000000000000000000000000000000000000000000000000
0 0000000000000000 0 0000000000000000 1 000046faffffc3c6ffffdcb2fffffff600005971000041700000504300002774
0 0000000000000000 0 0000000000000000 1 ffffd251ffffd0d000002c7affffcb69fffff44c000018d5fffffc94000041f7
0 0000000000000000 0 0000000000000000 1 fffff1f400006059ffffcb1c00003bc800003eb200000d5afffff9d0ffffa5cb
0 0000000000000000 0 0000000000000000 1 ffffb321ffffd6e10000594dffff6025ffffe61b00002095ffffd5290000877d
0 0000000000000000 0 0000000000000000 0 0000000000000000000000000000000000000000000000000000000000000000
1 fbecc4fb3eaa492d 0 0000000000000000 0 0000000000000000000000000000000000000000000000000000000000000000
1 0f4c83393e603cba 0 0000000000000000 0 0000000000000000000000000000000000000000000000000000000000000000
1 6a73439967f1a48f 0 0000000000000000 0 0000000000000000000000000000000000000000000000000000000000000000
1 ac9d64dc098b9c7d 0 0000000000000000 0 0000000000000000000000000000000000000000000000000000000000000000
1 9a6075d641ee0399 0 0000000000000000 0 0000000000000000000000000000000000000000000000000000000000000000
1 4cc5268e2a8ea143 0 0000000000000000 0 0000000000000000000000000000000000000000000000000000000000000000
1 c6ae3629aea3c469 0 0000000000000000 0 0000000000000000000000000000000000000000000000000000000000000000
1 5026827e9d438b06 0 0000000000000000 0 0000000000000000000000000000000000000000000000000000000000000000
0 0000000000000000 1 343c3fc572ec3760 1 ffffc59affffe7ca00002de4ffffd297ffff86bf0000235effffac610000179d
0 0000000000000000 1 1532a4a7e84046bb 1 0000548afffff3ecffff9be00000b0d2000006f3fffffab700004785ffff8e64
0 0000000000000000 1 ab2c487276930197 1 0000221f00002b4cffffc3db000004470000477c0000482c00003925fffffb53
0 0000000000000000 1 b999de33644a2dd1 0 0000000000000000000000000000000000000000000000000000000000000000
0 0000000000000000 1 270852310b6faa75 1 000037100000149dffffc055ffffd87d00003aa1ffffb5770000404e00002795
0 0000000000000000 1 ee8a63f74db84124 0 0000000000000000000000000000000000000000000000000000000000000000
0 0000000000000000 1 ca1227def3dc1ee6 0 0000000000000000000000000000000000000000000000000000000000000000
0 0000000000000000 1 0bdf441e82a88973 0 0000000000000000000000000000000000000000000000000000000000000000
0 0000000000000000 1 48560e334cd29183 0 0000000000000000000000000000000000000000000000000000000000000000
0 0000000000000000 1 44bbedc394fb7b5a 0 0000000000000000000000000000000000000000000000000000000000000000
0 0000000000000000 1 73759c70e8a72652 0 0000000000000000000000000000000000000000000000000000000000000000
0 0000000000000000 1 cabc8cf820ae1d08 0 0000000000000000000000000000000000000000000000000000000000000000
0 0000000000000000 1 deb329bcd0901bf5 0 0000000000000000000000000000000000000000000000000000000000000000
0 0000000000000000 1 3da0e72463a84b4c 0 0000000000000000000000000000000000000000000000000000000000000000
0 0000000000000000 1 e230df50921fee79 1 00000e2000006cdcffffdd710000298e0000155200002257ffffed4affffa5d3
0 0000000000000000 1 db73df1df186ff06 1 fffff0c5ffffcde1ffffd71400000cf1fffff1b8fffff37600004ca2000028ac
0 0000000000000000 1 a7ce0d323843fff5 1 ffff8c3b00003d6d00009774ffffc81e00004b690000012200000541ffffaedb
0 0000000000000000 1 7b8c2f4ecd51baae 1 ffffb1c8ffffc3070000a745ffffafadfffff344ffff9747ffffbc8e00003415
0 0000000000000000 1 f597ee67e6ca3e73 1 00006633000028acffffe555ffffd1b700003167ffffe65cffff9202fffff07e
0 0000000000000000 1 b4d440ddfa8cc5d8 1 ffffedda00002c52000068baffffef12ffffeb93ffffe491ffffbb15ffffd6b0
0 0000000000000000 1 69ab1181268501ef 1 000008fc00001e2f000008a200000453fffffd040000256300000625ffffd746
0 0000000000000000 1 9bb4b7f6aff164ba 1 0000672400002482ffff92b300003a43ffffe24d0000579cffffddc2ffffe924
0 0000000000000000 1 05c1e714f72a1ab7 1 ffffbed800003e9300001ebcffffbda700008d56000006af000074d7ffffacca
0 0000000000000000 1 9793dcb5d8f6d94f 1 00003095ffffb3dfffffb08000005379ffff8f86ffffe0f7ffffdc8100006820
0 0000000000000000 1 9362c40060288032 1 ffffb69cffffcd07ffff84f900008a4effffd350000008e4000026c400005aec
0 0000000000000000 1 5b60739856de8cdd 1 ffffa680ffffd5d0000011020000498fffffa1ca00001ceb000021d400002225
0 0000000000000000 1 8b472b3059dc4605 1 00000bc30000160b000002480000213fffffd044000033c9000017c9ffffdc98
0 0000000000000000 1 44c8fef53b98d53a 1 ffffa835fffff23f000032b2000036cbffffc404ffffd164ffffe35200002344
0 0000000000000000 1 9c9e7b2fff09f8e1 1 00003a68ffffca2affff992f00004a37ffffba0600001996ffffaf6e0000530e
0 0000000000000000 1 309eed2ad6bffda3 1 ffffd424000022b2ffffb71500005f1cffffeccf0000658d00003b86ffffdc9d
0 0000000000000000 1 e28dddd12807b5b2 1 ffffee27ffffeedc00006cf3ffffbdbf0000031cffffcf3fffffafc100000b0a
0 0000000000000000 1 ab27c4b5f913f360 1 00001345ffffaf5c000054e4ffff769e00004dd2ffff6843ffffefc1000051c4
0 0000000000000000 0 0000000000000000 1 ffffe108ffffb1ad000019f300004070ffff907effffcfc0ffff932200006d78
0 0000000000000000 0 0000000000000000 1 000005b60000489b00001da8fffffa5d0000094500005452000021c6ffff9c40
0 0000000000000000 0 0000000000000000 1 fffff07c00003f11ffffeb6c00001e60000002f10000253000006b25ffffb4b7
0 0000000000000000 0 0000000000000000 1 ffffd1ddffff8f10000036120000115cffff9b6cffffe401fffffcb300006268
0 0000000000000000 0 0000000000000000 1 ffffdea6ffffb9b900004a65ffffc8210000011bffffb066ffffff6900003e79
0 0000000000000000 0 0000000000000000 1 000033dc00000033ffffe43d00002e77ffff9d32000048e5ffffdb06fffff5f3
0 0000000000000000 0 0000000000000000 1 00000147000055dcffffd832000012a3000019cc00006fe8000006e1ffff9d0b
0 0000000000000000 0 0000000000000000 1 000038930000b951ffffcc49ffffd12e00009ada0000584c0000688effff344e
0 0000000000000000 0 0000000000000000 1 ffffcc0e000032f700004665000009250000002f00001b20ffffc8c9ffffcc13
0 0000000000000000 0 0000000000000000 1 ffffe3a8000031e5ffffec7f00002ed9fffff6fa0000224400002223ffffd38b
0 0000000000000000 0 0000000000000000 1 00001aea00000b4f0000884affff9fa7000012f6ffffd703ffff9aa5ffffe8a0
0 0000000000000000 0 0000000000000000 1 ffffc4baffffb8c400004055ffffe090fffffd52ffffc1b100002ffa00003c9b
0 0000000000000000 0 0000000000000000 1 ffffe589fffffc7d00004d8effffbf9700000ea4fffff76300002e87ffffe3d2
0 0000000000000000 0 0000000000000000 1 00002d1600001faeffffa182000052e3ffffba76000066dafffff3cdffffe0f7
0 0000000000000000 0 0000000000000000 0 0000000000000000000000000000000000000000000000000000000000000000
0 0000000000000000 0 0000000000000000 0 0000000000000000000000000000000000000000000000000000000000000000
0 0000000000000000 0 0000000000000000 0 0000000000000000000000000000000000000000000000000000000000000000
0 0000000000000000 0 0000000000000000 0 0000000000000000000000000000000000000000000000000000000000000000
1 5d34b686c0b59e2e 0 0000000000000000 0 0000000000000000000000000000000000000000000000000000000000000000
1 368fc4e04def18d5 0 0000000000000000 0 0000000000000000000000000000000000000000000000000000000000000000
1 19a511e2f5119f72 0 0000000000000000 0 0000000000000000000000000000000000000000000000000000000000000000
1 170b7a6074dd974b 0 0000000000000000 0 0000000000000000000000000000000000000000000000000000000000000000
1 306bc641d04c4ff1 0 0000000000000000 0 0000000000000000000000000000000000000000000000000000000000000000
1 24f5d78cb7128057 0 0000000000000000 0 0000000000000000000000000000000000000000000000000000000000000000
1 6351cbb3a375e3ca 0 0000000000000000 0 0000000000000000000000000000000000000000000000000000000000000000
1 d31cdd38a572f871 0 0000000000000000 0 0000000000000000000000000000000000000000000000000000000000000000
0 0000000000000000 1 31f0646c501a21aa 0 0000000000000000000000000000000000000000000000000000000000000000
0 0000000000000000 1 cf016859196bda98 0 0000000000000000000000000000000000000000000000000000000000000000
0 0000000000000000 1 fb42ea66d185cfbf 0 0000000000000000000000000000000000000000000000000000000000000000
0 0000000000000000 1 56b2cf1d62e74f41 0 0000000000000000000000000000000000000000000000000000000000000000
0 0000000000000000 1 674fc93669016f69 0 0000000000000000000000000000000000000000000000000000000000000000
0 0000000000000000 1 40d6a78dacd35407 0 0000000000000000000000000000000000000000000000000000000000000000
0 0000000000000000 1 fa2b4f4e68d71d13 0 0000000000000000000000000000000000000000000000000000000000000000
0 0000000000000000 1 e87dd555bdc87094 0 0000000000000000000000000000000000000000000000000000000000000000
0 0000000000000000 1 48e10ebafcc7853f 0 0000000000000000000000000000000000000000000000000000000000000000
0 0000000000000000 1 3c2ef8e36ac3b96b 0 0000000000000000000000000000000000000000000000000000000000000000
0 0000000000000000 1 8d3fd8d0dc698354 0 0000000000000000000000000000000000000000000000000000000000000000
0 0000000000000000 1 c9223299a906295a 0 0000000000000000000000000000000000000000000000000000000000000000
0 0000000000000000 1 fa42f3a60e1332ca 0 0000000000000000000000000000000000000000000000000000000000000000
0 0000000000000000 1 b4a9992cb5e29815 0 0000000000000000000000000000000000000000000000000000000000000000
0 0000000000000000 1 3ad22cf8144badb4 1 0000506e0000137700001e55fffff339000017bfffffecf2ffffa43100002ee4
0 0000000000000000 1 8f43316cbd39a85d 1 000017e2ffffc2ea00003e89fffff6f500003ffcffffd84bffffa0b600003c6c
0 0000000000000000 1 d6cecdea8993cf7b 1 fffff17dffffc9150000528100004f480000990fffffa3bc00001d2effffceb3
0 0000000000000000 1 ca2be99d600fa054 1 00002e98000090b4ffffd88c00000c0dffffa33c00004127fffffe3300000d05
0 0000000000000000 1 dd37d238e2367b6e 1 000061dc0000625fffffa882ffffef86ffffb73900005246ffffeeb700000db0
0 0000000000000000 1 70530759d0dbb3a1 1 0000048b00003467ffffc285ffffad62ffffaea9000007420000274cffffb03b
0 0000000000000000 1 43419f89285eea3e 1 00002b3900000b8e0000087a000039e50000154900002b31fffff91e00001ff9
0 0000000000000000 1 913572e9fb088bca 1 00003ef2ffffd4ea00001f05ffffefc700006e32ffffdb8500000059ffff960b
0 0000000000000000 1 bab5c666ada095a4 1 ffffcb4afffff513ffffece900001143ffffeba6ffffd61c0000202b0000267d
0 0000000000000000 1 e8e8eb9f9d7e54d0 1 fffff92500001da5ffffc75900003709ffffe3510000192e0000402e00001a43
0 0000000000000000 1 0c9a995cb14e539f 1 ffffa434ffffa711fffffeae000020df0000140700000a63000020b30000261e
0 0000000000000000 1 71a12709626e443c 1 ffffdf63ffffc1d1ffffd81fffffd806ffffc6df000040ab00000a3d00000eb6
0 0000000000000000 1 f23e067b84c12ef5 1 00002483fffff15affffbd54ffffba7affffe61e00000d1d0000292bffffb6ef
0 0000000000000000 1 340d64a509594b05 1 ffff8dbe000000cd000060f200006a1700004621ffffd0a200002ce6fffff963
0 0000000000000000 1 76622d5ea33193d9 1 00000a81fffff2aa00000428ffffcd63fffffe2effffb983ffffc48b00002bad
0 0000000000000000 1 da34795f638e10b3 1 ffffbca5ffff8e920000533d0000543500005a7400000275ffffc890000068d0
0 0000000000000000 1 6026d460c9028474 1 ffff9107ffffef9e00002fbc000054d000000f28000004a200003b3900000641
0 0000000000000000 1 71c49af153cc5cfd 1 ffffca88fffff844ffffc510000032c2ffffdd4d0000300f00006866000000a1
0 0000000000000000 0 0000000000000000 1 00001da000001776ffffea81fffff72dffffd71600005ffbffffd7630000171d
0 0000000000000000 0 0000000000000000 1 00002798ffffbe39000024c8ffffe7c300007649ffff6fa0ffffc521ffffffec
0 0000000000000000 0 0000000000000000 1 0000133300001ac9ffff8235ffffaa6effffa0b2000015ec00001fe8fffff0ac
0 0000000000000000 0 0000000000000000 1 ffffc85bffff7b3000002fbb00002ac6000058baffffd9460000171900001309
0 0000000000000000 0 0000000000000000 1 ffffa3fbffffe1670000977b00007a4400009e2affff8e6e0000254affffd646
0 0000000000000000 0 0000000000000000 1 00000f88ffffef8dffffd45dffff7687ffffb4e9000010faffffd11dffffe3aa
0 0000000000000000 0 0000000000000000 1 00001a5b0000434f00003aedffffd00400000955ffffd89cffffad63ffffe330
0 0000000000000000 0 0000000000000000 1 00004b39000073b9ffffbe61ffffb48affff69ce00004530ffff97080000640c
0 0000000000000000 0 0000000000000000 1 0000073effffc12c00004eb20000192a00006a0affffd673ffffcad1fffffd13
0 0000000000000000 0 0000000000000000 1 0000418dfffff595ffffa8b1ffff7c3effff914a0000306bffffba5f00002923
0 0000000000000000 0 0000000000000000 1 00001e89ffff910600001fd4ffffc3ee00006190ffff71b6ffff7cc700005033
0 0000000000000000 0 0000000000000000 1 000027c5ffffe55100003726000058310000627efffffd20000016c1fffff03f
0 0000000000000000 0 0000000000000000 1 ffffe0d8ffffe4df00001c200000267500002e60ffffbc1affffc08f000064a9
0 0000000000000000 0 0000000000000000 1 00003d71000096c2ffffc25dffffe849ffffae3300001bda00002534ffffc14d
0 0000000000000000 0 0000000000000000 0 0000000000000000000000000000000000000000000000000000000000000000
0 0000000000000000 0 0000000000000000 0 0000000000000000000000000000000000000000000000000000000000000000
0 0000000000000000 0 0000000000000000 0 0000000000000000000000000000000000000000000000000000000000000000
0 0000000000000000 0 0000000000000000 0 0000000000000000000000000000000000000000000000000000000000000000
1 f1036401a504838b 0 0000000000000000 0 0000000000000000000000000000000000000000000000000000000000000000
1 6e3c979b45481487 0 0000000000000000 0 0000000000000000000000000000000000000000000000000000000000000000
1 24105eee4f0e4ea3 0 0000000000000000 0 0000000000000000000000000000000000000000000000000000000000000000
1 870a2f249748b34c 0 0000000000000000 0 0000000000000000000000000000000000000000000000000000000000000000
1 af0ff9556c90a36d 0 0000000000000000 0 0000000000000000000000000000000000000000000000000000000000000000
1 03d7c5d91f3031ac 0 0000000000000000 0 0000000000000000000000000000000000000000000000000000000000000000
1 d9f0c28d5da8c721 0 0000000000000000 0 0000000000000000000000000000000000000000000000000000000000000000
1 b0048caec058e49f 0 0000000000000000 0 0000000000000000000000000000000000000000000000000000000000000000
0 0000000000000000 1 a3703c5dd84788ef 0 0000000000000000000000000000000000000000000000000000000000000000
0 0000000000000000 1 9d62e6fb164de28e 0 0000000000000000000000000000000000000000000000000000000000000000
0 0000000000000000 1 cf87160c754483c3 0 0000000000000000000000000000000000000000000000000000000000000000
0 0000000000000000 1 f1b52cbaf7a80c5c 0 0000000000000000000000000000000000000000000000000000000000000000
0 0000000000000000 1 41311fe1d3adf285 0 0000000000000000000000000000000000000000000000000000000000000000
0 0000000000000000 1 9460619b7cae8b20 0 0000000000000000000000000000000000000000000000000000000000000000
0 0000000000000000 1 690a16b872360b45 0 0000000000000000000000000000000000000000000000000000000000000000
0 0000000000000000 1 286b42752b94e467 0 0000000000000000000000000000000000000000000000000000000000000000
0 0000000000000000 1 66dfefc3a1ac3c61 0 0000000000000000000000000000000000000000000000000000000000000000
0 0000000000000000 1 de781bfcd07e098f 0 0000000000000000000000000000000000000000000000000000000000000000
0 0000000000000000 1 ddb26f71e756c32c 0 0000000000000000000000000000000000000000000000000000000000000000
0 0000000000000000 1 61f06ff267f96a54 0 0000000000000000000000000000000000000000000000000000000000000000
0 0000000000000000 1 43e28c1597ad7c72 0 0000000000000000000000000000000000000000000000000000000000000000
0 0000000000000000 1 77c4747bfae5850f 0 0000000000000000000000000000000000000000000000000000000000000000
0 0000000000000000 1 ba116ebec0c70f43 1 0000372300001a10ffffea56ffffff90fffffbff00007db40000652bffffca06
0 0000000000000000 1 1e108427cac16799 1 000050c10000090affffcf3e000007a400005bd7ffffff2000004b7900001e51
0 0000000000000000 1 030c874ce86bb985 1 ffffce2fffffe7bc00004fd0000097de00000e1bffffd1580000169500006da9
0 0000000000000000 1 8a6f5d4eae560f25 1 ffffeb2afffffc8400000424fffff827fffffa50ffffe8540000099efffffd45
0 0000000000000000 1 6edede4a55371782 1 00005a180000169500005a78000011c600000903ffffe66e000007e4ffffeb8b
0 0000000000000000 1 532ce87d7e99dfae 1 00004c9600003390ffffdcdb000024a700007f81ffffefce000051fafffff742
0 0000000000000000 1 97750034bcd2e41b 1 ffffe8980000008fffffee48fffff36000002b12ffffdd98ffffc0ccffffb403
0 0000000000000000 1 e46580b2063358ad 1 ffffd2d20000396b00000147ffffec12ffffd42400004934ffffbc6cffffd103
0 0000000000000000 1 20f88c4d5ad30d3c 1 fffffbe8fffffbabffffff69ffffb944ffffb1eb00000cc2ffffd340ffffab24
0 0000000000000000 1 52bc4b7d0039caff 1 00006dd9000003f0ffffdffaffffcb15000050ee0000244200005751ffffba05
0 0000000000000000 1 ad3deccf33a70799 1 ffffbf32ffffedec0000378600001ea1ffffca0800004e8600002d24ffffeeb0
0 0000000000000000 1 eff3cfb175359754 1 ffffbe990000059f000011b4ffffd5a900003d51ffffc936ffffaddfffffcabd
0 0000000000000000 1 1494f78d77b3fe60 1 ffffbeaefffff47fffffc40dffffa4c5ffff8de30000131cffffa176fffff340
0 0000000000000000 1 0830b7bada3074ff 1 ffffc50e00000b480000a5a6000055d9ffff80a4000046ecffffd650ffffd11d
0 0000000000000000 1 0e017671d3138f19 1 0000366e00000cf3ffffe6daffffbf3d00002d4700001a5400005a8cffffbc67
0 0000000000000000 1 bfb274450a3f578b 1 00000217fffffcc100000482fffff266ffffe425ffffce28ffffbcfb00005556
0 0000000000000000 1 afe5942517454a5c 1 00000a25ffffee3a00000eb300003d7fffffc57200001edefffffe350000339a
0 0000000000000000 1 49c1f44391b83981 1 00002bed00000e8effffaedfffff9d4200002897000073f600006e07ffffab9e
0 0000000000000000 0 0000000000000000 1 ffffcccffffff2da00005e8a00004c83fffff944ffffbd04ffff9b53000044f8
0 0000000000000000 0 0000000000000000 1 ffffc52a0000275400005df4000064d9ffffe4e0ffffd43cffff7cd40000655c
0 0000000000000000 0 0000000000000000 1 000030a7000021c7ffffb78dffffcd1afffffc5a000055ec00003ff3ffffec6d
0 0000000000000000 0 0000000000000000 1 00004b23fffffdafffff92b2ffffc35a00005b18ffffcb300000031700001104
0 0000000000000000 0 0000000000000000 1 ffff943f000006ddffffdce6000021f2ffffc555ffffede8ffff827b0000562f
0 0000000000000000 0 0000000000000000 1 ffffb6a6fffff4d300006ece00003759ffffa7ef00003252ffffdaf2ffffeb3e
0 0000000000000000 0 0000000000000000 1 0000415d0000195bfffff65000001e77000062e7ffffb42c00001c1500005cab
0 0000000000000000 0 0000000000000000 1 ffffeb35fffffcd9ffffc2260000306f00001074fffffae6fffffdf3fffffb53
0 0000000000000000 0 0000000000000000 1 ffffc143fffff6ccffffff2b0000308a00001853ffffa04affffc99f00003256
0 0000000000000000 0 0000000000000000 1 00002634fffff2deffffa21effffa0aa00003073ffffe75afffffbeeffffdacc
0 0000000000000000 0 0000000000000000 1 fffff2a800000df6000052060000202cffffb16000006d6c0000259effffbe60
0 0000000000000000 0 0000000000000000 1 ffffe6e0ffffe62200004f040000182f00005248ffffc41c00002a160000540d
0 0000000000000000 0 0000000000000000 1 ffffa9faffffe687ffff7e6effffd58cfffffaf4000004b4ffffe3b800003dd5
0 0000000000000000 0 0000000000000000 1 00000094fffff37000007d9f00001898ffffb2ccffffe56cffffdb5e0000347f
0 0000000000000000 0 0000000000000000 0 0000000000000000000000000000000000000000000000000000000000000000
0 0000000000000000 0 0000000000000000 0 0000000000000000000000000000000000000000000000000000000000000000
0 0000000000000000 0 0000000000000000 0 0000000000000000000000000000000000000000000000000000000000000000
0 0000000000000000 0 0000000000000000 0 0000000000000000000000000000000000000000000000000000000000000000
1 621b6168ca568a9f 0 0000000000000000 0 0000000000000000000000000000000000000000000000000000000000000000
1 39796f3a38c03f72 0 0000000000000000 0 0000000000000000000000000000000000000000000000000000000000000000
1 3f64d0962d6df033 0 0000000000000000 0 0000000000000000000000000000000000000000000000000000000000000000
1 8f296d368c9ab4ab 0 0000000000000000 0 0000000000000000000000000000000000000000000000000000000000000000
1 ce73f3f11580815e 0 0000000000000000 0 0000000000000000000000000000000000000000000000000000000000000000
1 625a3b0b01162ea3 0 0000000000000000 0 0000000000000000000000000000000000000000000000000000000000000000
1 f76dd28bee973f8e 0 0000000000000000 0 0000000000000000000000000000000000000000000000000000000000000000
1 86c9bbd6a77bd3a1 0 0000000000000000 0 0000000000000000000000000000000000000000000000000000000000000000
0 0000000000000000 1 8f4baf2aa8b014a7 0 0000000000000000000000000000000000000000000000000000000000000000
0 0000000000000000 1 5e0f5840ba1c890b 0 0000000000000000000000000000000000000000000000000000000000000000
0 0000000000000000 1 8dd93fd6536e7629 0 0000000000000000000000000000000000000000000000000000000000000000
0 0000000000000000 1 2a2bfa06b983ae32 0 0000000000000000000000000000000000000000000000000000000000000000
0 0000000000000000 1 650b240326e17bdb 0 0000000000000000000000000000000000000000000000000000000000000000
0 0000000000000000 1 32856f361e8cc09d 0 0000000000000000000000000000000000000000000000000000000000000000
0 0000000000000000 1 27fda617b6d60e60 0 0000000000000000000000000000000000000000000000000000000000000000
0 0000000000000000 1 06bc52b60107ab20 0 0000000000000000000000000000000000000000000000000000000000000000
0 0000000000000000 1 085f9ee30b3d9215 0 0000000000000000000000000000000000000000000000000000000000000000
0 0000000000000000 1 17f0b5754eec66be 0 0000000000000000000000000000000000000000000000000000000000000000
0 0000000000000000 1 ee89d09128518cb0 0 0000000000000000000000000000000000000000000000000000000000000000
0 0000000000000000 1 a1c1a76e46ec0db7 0 0000000000000000000000000000000000000000000000000000000000000000
0 0000000000000000 1 3aca3c17e5fe9177 0 0000000000000000000000000000000000000000000000000000000000000000
0 0000000000000000 1 f206e42448dd6c16 0 0000000000000000000000000000000000000000000000000000000000000000
0 0000000000000000 1 aa328c2f0ec9a3a8 1 ffffdb3effffd69900001d33000014aa00001cfaffff863a000070fc00004301
0 0000000000000000 1 ae5473cbf4f36996 1 00003810fffff2ff0000514c00004c89ffffe0d50000834cffffc867ffffec61
0 0000000000000000 1 bb35be2dffaa03b8 1 ffffef8c000068b6ffff9ab4ffff68b500001e85ffffd1ee0000345dffffe775
0 0000000000000000 1 3d7c905d27a09c95 1 ffffde99ffff9de000000e4b00003a9effffead8000050d4ffffe59c00002559
0 0000000000000000 1 c900b155c27a8c6e 1 00002aab000060e30000105dffffe78cfffff948ffffd36cffffdd5dffffd4fa
0 0000000000000000 1 8afd0131fd6f6c43 1 fffffa66ffffdddcffffe9b8fffffca0fffffe8400001b02ffff91a4000030dc
0 0000000000000000 1 ff944cbcaeb5c4a3 1 ffffbe18ffffa48d000005d5000025aaffffb44800002824fffffbd1ffffa08c
0 0000000000000000 1 c4b2a9e9b6931a8b 1 00001e39ffffcc84ffffbe1effffe34f00001ac4000085c1ffffe39000002027
0 0000000000000000 1 bfb9338b8d42e72a 1 00001bf6ffffe9dc00004ddb00006c0a00001095000003b70000092b00003473
0 0000000000000000 1 e335a11debcc6c9a 1 ffffc41e000045ec0000388c0000143cffffcb8bffff4ae9ffffcdd4ffffc959
0 0000000000000000 1 80888f80f3239e4a 1 00004532ffffaf92ffffda5d00001d7700003b3100002b98fffffb3100002fba
0 0000000000000000 1 f1e39299816cccbd 1 ffff9427fffff4b00000096300000843ffffe2e6ffff50fdffffeae7000007f5
0 0000000000000000 1 3714ceee9b521e35 1 ffffde7effffb20efffff1e30000180affffc44a0000a566ffffaa33ffffd260
0 0000000000000000 1 2a14fece83d19ce7 1 ffffbb740000397cffffecd1ffffd42bffffe58fffff96ccffffebb2ffffe557
0 0000000000000000 1 c8b0ffcf395335f2 1 ffffce56ffffc70a000039e60000581800001975ffff82a1000014ff00007354
0 0000000000000000 1 753f5163f61edac0 1 0000533300007d02ffffe08affff987800006c56ffffbc6c0000731b000065e1
0 0000000000000000 1 c3c5d817609b4f2e 1 ffffcec3fffff14300001b7800001b9a0000128fffff82d30000220d00004dea
0 0000000000000000 1 68368cc3e283a71b 1 fffff87d0000005e0000a02e0000afb7ffffff7cffff7a9bffffc36400007059
0 0000000000000000 0 0000000000000000 1 ffffbc74ffffaef8000034a000004824ffffb481000037ef000009daffffb0a1
0 0000000000000000 0 0000000000000000 1 ffffc42100003fa4ffffdaefffffa1e6ffffe382ffffc4f200004b47ffffa8ec
0 0000000000000000 0 0000000000000000 1 00003a06ffff9ae0ffffbc51ffffe5930000324a000064990000121b0000305f
0 0000000000000000 0 0000000000000000 1 ffffe7faffff8bc8ffffd377fffffc1700001713ffffbc38000040d100001692
0 0000000000000000 0 0000000000000000 1 00003418ffffa8a5ffff9b6effffb5d20000262400009dda00006369ffffe35d
0 0000000000000000 0 0000000000000000 1 fffff98700001db60000275200000c0d00000dd0ffff5dbb00004552000006f9
0 0000000000000000 0 0000000000000000 1 ffffc117ffff45fbffff808cffffe7840000131f00004b250000322500000dbe
0 0000000000000000 0 0000000000000000 1 00006a1affff9a6b00001141000039ff0000291c00003a550000769fffffdf35
0 0000000000000000 0 0000000000000000 1 00002df4ffffe9af0000239300001ed1ffffdba400004611000032f2ffff8c2e
0 0000000000000000 0 0000000000000000 1 00003ff6ffff9736000017e5000042fc0000171b000073a5000021e20000222e
0 0000000000000000 0 0000000000000000 1 0000079500001c67ffffbde7ffffb7810000167bffffe274000016e0ffffe609
0 0000000000000000 0 0000000000000000 1 0000505300005d3d0000821d00004ee4ffffeeb300000b03ffffc35ffffff917
0 0000000000000000 0 0000000000000000 1 ffff7567fffff11cffffa9daffffb9a6ffffe071ffff9d15ffffd2da000000ed
0 0000000000000000 0 0000000000000000 1 fffffe7cffff884b0000280700007a48fffff70c00003216ffffd47c00002dcb
0 0000000000000000 0 0000000000000000 0 0000000000000000000000000000000000000000000000000000000000000000
0 0000000000000000 0 0000000000000000 0 0000000000000000000000000000000000000000000000000000000000000000
0 0000000000000000 0 0000000000000000 0 0000000000000000000000000000000000000000000000000000000000000000
0 0000000000000000 0 0000000000000000 0 0000000000000000000000000000000000000000000000000000000000000000
1 1de1c6b144eacf4d 0 0000000000000000 0 0000000000000000000000000000000000000000000000000000000000000000
1 44a93146afe51e55 0 0000000000000000 0 0000000000000000000000000000000000000000000000000000000000000000
1 bc063978319ef0d4 0 0000000000000000 0 0000000000000000000000000000000000000000000000000000000000000000
1 863408a37ae4fb00 0 0000000000000000 0 0000000000000000000000000000000000000000000000000000000000000000
1 28ece6d05d7dea5d 0 0000000000000000 0 0000000000000000000000000000000000000000000000000000000000000000
1 4f88d955e4250b3f 0 0000000000000000 0 0000000000000000000000000000000000000000000000000000000000000000
1 c853f84e0ddc440f 0 0000000000000000 0 0000000000000000000000000000000000000000000000000000000000000000
1 db7114978784e7c3 0 0000000000000000 0 0000000000000000000000000000000000000000000000000000000000000000
0 0000000000000000 1 3a2099a1a45183df 0 0000000000000000000000000000000000000000000000000000000000000000
0 0000000000000000 1 3b93b596a659787e 0 0000000000000000000000000000000000000000000000000000000000000000
0 0000000000000000 1 ee00b255b9e0717c 0 0000000000000000000000000000000000000000000000000000000000000000
0 0000000000000000 1 9e209578480f415e 0 0000000000000000000000000000000000000000000000000000000000000000
0 0000000000000000 1 c0f71001653c5802 0 0000000000000000000000000000000000000000000000000000000000000000
0 0000000000000000 1 82f328ee0d1a93ef 0 0000000000000000000000000000000000000000000000000000000000000000
0 0000000000000000 1 1f9d66aeaff6147d 0 0000000000000000000000000000000000000000000000000000000000000000
0 0000000000000000 1 3bd8aeff18a7fad7 0 0000000000000000000000000000000000000000000000000000000000000000
0 0000000000000000 1 5f6db5499b617ba5 0 0000000000000000000000000000000000000000000000000000000000000000
0 0000000000000000 1 2125b26fdcaffc79 0 0000000000000000000000000000000000000000000000000000000000000000
0 0000000000000000 1 bcb140b12349c398 0 0000000000000000000000000000000000000000000000000000000000000000
0 0000000000000000 1 e860543c514a339f 0 0000000000000000000000000000000000000000000000000000000000000000
0 0000000000000000 1 5f565f75b7093133 0 0000000000000000000000000000000000000000000000000000000000000000
0 0000000000000000 1 b8d9bf2cb5be8f03 0 0000000000000000000000000000000000000000000000000000000000000000
0 0000000000000000 1 612bd605276d2dc1 1 00008270ffff8284ffffdd6afffffcadffffa343000029cfffffee59000020d3
0 0000000000000000 1 cdaa36ff84daeaf3 1 0000111c00004272ffffcb6ffffff2a6ffff9166ffffc1be00000dd2ffffd8a9
0 0000000000000000 1 9d1a81362dc65760 1 ffffaa90000081890000079cffffb45fffffc9a2ffffa2dd00001d4bffffcf66
0 0000000000000000 1 8980675cfe33ba76 1 ffffd4b5000048c5000003f8ffffadf9ffffeff000000f8900001d6500000acc
0 0000000000000000 1 c8a8fc915cd59cf5 1 00000064000004c9fffffa61000033670000170a00002cdc00001b4100001f26
0 0000000000000000 1 bfc72a72ba685cb0 1 00001095ffffd8e900001f3300002893ffffe61a00002086fffff927ffffd7b2
0 0000000000000000 1 8d2a9d5deb917df6 1 ffffcf040000584d00000d11000007a8ffffbd9bffff8158ffffe954ffff9a6c
0 0000000000000000 1 654cf65e504195c6 1 000001d700001820ffffe0cbffffa9b8000031af00003235fffff1b000000ecb
0 0000000000000000 1 cce643cf1471bff2 1 0000193fffffb6a8ffffe173000040c200000d23fffff88d0000344200005dba
0 0000000000000000 1 01e52dddee5937f2 1 ffffbe270000610b00000b48ffff6c0effffe56affffb3a6fffff376ffffe58a
0 0000000000000000 1 7877d06866cbe8a3 1 00003055ffffade6fffff72c000063d400002053000054e9fffffb62fffffa34
0 0000000000000000 1 5cb92a6a834a4cff 1 00000a3bffffad2400000fb8000073f100004db100002b4700001ca9000053f5
0 0000000000000000 1 0fa5d05005a76b93 1 ffffb5e50000192500001c3e000006ea000016d8ffff7baafffffe5e00000737
0 0000000000000000 1 7cbdcbcb6de8061f 1 ffffe1fb00001edf00001130ffffb197ffffe68ffffffea6fffff1b7ffffb5be
0 0000000000000000 1 90a576177b8aa96d 1 0000462dffffa250ffffce2a00001cc0000028d000003da50000087000006d50
0 0000000000000000 1 936f870c4c85fb10 1 ffffbd1a000033180000192400001b29fffff3a9ffffc03e000000c7ffff963c
0 0000000000000000 1 bdc2b0857e50a0b8 1 ffffd7eb00006966000009ddffffadf3ffffcca30000035500002441fffff0fb
0 0000000000000000 1 f5194c8646241f96 1 ffff9700000054a70000201cffffdc2a000006d1ffffbd51ffffe3caffff8b9c
0 0000000000000000 0 0000000000000000 1 000030d0fffff5bdfffff6f5ffffe62ffffffd8d000055ddffffdf95ffffe63a
0 0000000000000000 0 0000000000000000 1 ffffb49b0000029efffffedf00005b3f000044d1fffff5b700002ba5ffffeaec
0 0000000000000000 0 0000000000000000 1 ffffacac00006a0200001d50ffffe80dfffffd1ffffffa2600003e85ffffe322
0 0000000000000000 0 0000000000000000 1 000035d6ffff8bcaffffe529ffffcc8c0000599900004473ffffd98600006df1
0 0000000000000000 0 0000000000000000 1 00002effffffb4f7000001e200004ddaffffee1c00001cf1fffff6eafffffed0
0 0000000000000000 0 0000000000000000 1 00000c50ffffe657fffff4fd0000518bfffff9e1fffff87c00000fdd00000586
0 0000000000000000 0 0000000000000000 1 00001aaaffffbd12ffffeb5affffb9560000783000004ab4ffffef9c0000809f
0 0000000000000000 0 0000000000000000 1 ffffacb7000022c8ffffe933000004f300003849ffffa75e00000395ffffe65f
0 0000000000000000 0 0000000000000000 1 ffffadd100004824ffffe430ffffddbf0000823800002d43000016b7fffffab4
0 0000000000000000 0 0000000000000000 1 0000276b00000e1cffffc472ffff9a8800002e9c00003864ffffd8ee000032d1
0 0000000000000000 0 0000000000000000 1 ffffa2eb00007589000033abffffb32e0000223effffe5faffffd18effff9c64
0 0000000000000000 0 0000000000000000 1 000010420000203d00001fcdffffc3bcffffcfbb000036f400001a7e0000121a
0 0000000000000000 0 0000000000000000 1 00008397ffff9413ffffd20c00000e20fffffa120000b1d6fffff31a00003201
0 0000000000000000 0 0000000000000000 1 000049efffffa6c1fffffe8b00008ded000012be000044ed000010c90000354b
0 0000000000000000 0 0000000000000000 0 0000000000000000000000000000000000000000000000000000000000000000
0 0000000000000000 0 0000000000000000 0 0000000000000000000000000000000000000000000000000000000000000000
0 0000000000000000 0 0000000000000000 0 0000000000000000000000000000000000000000000000000000000000000000
0 0000000000000000 0 0000000000000000 0 0000000000000000000000000000000000000000000000000000000000000000
1 5beb8669b0d565dc 0 0000000000000000 0 0000000000000000000000000000000000000000000000000000000000000000
1 6f6681c714b1fc51 0 0000000000000000 0 0000000000000000000000000000000000000000000000000000000000000000
1 0979c4226a22c3cb 0 0000000000000000 0 0000000000000000000000000000000000000000000000000000000000000000
1 3bff1aaf908dbcf8 0 0000000000000000 0 0000000000000000000000000000000000000000000000000000000000000000
1 c37d00b41c37951b 0 0000000000000000 0 0000000000000000000000000000000000000000000000000000000000000000
1 87bf78a2164d73b1 0 0000000000000000 0 0000000000000000000000000000000000000000000000000000000000000000
1 15c8a086d3ea15ef 0 0000000000000000 0 0000000000000000000000000000000000000000000000000000000000000000
1 37533f34bac74d50 0 0000000000000000 0 0000000000000000000000000000000000000000000000000000000000000000
0 0000000000000000 1 68b8e47ef81b71c0 0 0000000000000000000000000000000000000000000000000000000000000000
0 0000000000000000 1 bea82f744761d36d 0 0000000000000000000000000000000000000000000000000000000000000000
0 0000000000000000 1 917ed35a5b803603 0 0000000000000000000000000000000000000000000000000000000000000000
0 0000000000000000 1 d50c3cf1743941b8 0 0000000000000000000000000000000000000000000000000000000000000000
0 0000000000000000 1 e9c7a6fae6a0eb8e 0 0000000000000000000000000000000000000000000000000000000000000000
0 0000000000000000 1 beec6eea63af2753 0 0000000000000000000000000000000000000000000000000000000000000000
0 0000000000000000 1 a4bd0cbe99d2e933 0 0000000000000000000000000000000000000000000000000000000000000000
0 0000000000000000 1 183e0735500fef10 0 0000000000000000000000000000000000000000000000000000000000000000
0 0000000000000000 1 086ac2dd86ed69c6 0 0000000000000000000000000000000000000000000000000000000000000000
0 0000000000000000 1 14767ed8a4400464 0 0000000000000000000000000000000000000000000000000000000000000000
0 0000000000000000 1 27ccd45238cb3e3c 0 0000000000000000000000000000000000000000000000000000000000000000
0 0000000000000000 1 3ef0f928621a61a9 0 0000000000000000000000000000000000000000000000000000000000000000
0 0000000000000000 1 a8f93c6cb05456d2 0 0000000000000000000000000000000000000000000000000000000000000000
0 0000000000000000 1 84c40555fb59f18b 0 0000000000000000000000000000000000000000000000000000000000000000
0 0000000000000000 1 baf1a7976055373b 1 00001278ffff94d3ffffd80cffffc4b6ffff963dffffd35f000014daffffb7c6
0 0000000000000000 1 cecdb18f9c852830 1 ffffb3bb00002f560000a50bffffccf4ffffe8ab00001067ffffe851ffffeeb0
0 0000000000000000 1 13a95eea05c5aa76 1 00004e3a000067c8ffffba91ffff8ed3ffffe72affffa519ffff6ada00006c6e
0 0000000000000000 1 6048a1a2461d1539 1 ffffb3da00002955ffffef94ffff9370000047a1000046bdffffbd55ffffddb8
0 0000000000000000 1 12771dbfb73564e1 1 fffff3ebffffabf9fffffa8b00001706fffff7dd000004ecffffca96fffffcac
0 0000000000000000 1 fe5decbf24281b3a 1 00000264000088cfffffed31fffffd940000308d000010d3ffffa04e000027a7
0 0000000000000000 1 b19cae03799c4567 1 ffffead0ffffe1bc0000432e000044730000203d0000160700000f4300000c1d
0 0000000000000000 1 d4867f3d08d9f7ca 1 000017c4000045ffffffeae4ffffda4bfffff1b5ffffe58effffe17900001713
0 0000000000000000 1 e3b08331b608d0fd 1 000048c3ffffabe4ffff9406ffffdbe5ffffe9d9ffffc96600003b3200000e3e
0 0000000000000000 1 2d82e340fbd77e79 1 000042f800004b76ffffcf720000218a00002808ffffe3ce0000544200000b38
0 0000000000000000 1 d37a678298b74920 1 0000265a000001a8fffff886ffffed43ffff9fecffffc838ffffecd200001581
0 0000000000000000 1 9de90627aabdb1b0 1 ffffe9b3ffffe8e6ffffc27fffffa8deffffeaab00000f89ffffe043ffffd31a
0 0000000000000000 1 da4dc980218238ef 1 ffffe137ffffc2400000261fffff89d70000007afffff353fffff2ccffffc3eb
0 0000000000000000 1 6250d1b927effe90 1 ffff8a6effffb89b000072dfffff9075000028ad000036dcffffbde5ffffbb34
0 0000000000000000 1 a4aa686a9469e8a1 1 ffff976cfffff680000054bcffffb218000015cb0000501000002a080000197c
0 0000000000000000 1 40f85e292333719c 1 00001adaffffc019fffffb53000051a6fffff2b4fffff7cd0000222c00003289
0 0000000000000000 1 a0dc18898c98d6e2 1 00000c42000052c900002b79000083be00000e2400000a78fffff82500000c59
0 0000000000000000 1 0b172a02e8bd0b26 1 000017ec000010fbffffceff00000a9cffffe04900000088000056fe00002ebd
0 0000000000000000 0 0000000000000000 1 000025ecffffeadfffff9ab4ffffd19000001f96fffff7df000044ccfffff6c4
0 0000000000000000 0 0000000000000000 1 00000b1f00003057ffffe7cdffffe1ec00000ed1000002b600002a5f00002baa
0 0000000000000000 0 0000000000000000 1 ffffe49700001ea400003b61ffffdedcffffc9f5fffffef2ffffba4800004394
0 0000000000000000 0 0000000000000000 1 ffffd22c00000d0f00001dba00000bf300002bfd0000254affff9c3dffffbffd
0 0000000000000000 0 0000000000000000 1 ffffe32cffff8a9800006ccb00000f1cffffbb78ffffee3f00002443fffffb17
0 0000000000000000 0 0000000000000000 1 00001fffffffcfc9000011ab0000037bffff84c8ffffcb8c00002809ffffff61
0 0000000000000000 0 0000000000000000 1 000053a200003fa3ffff7e440000255100005223ffffee7e00000f8e00002c41
0 0000000000000000 0 0000000000000000 1 fffff887ffffe001000027ad0000188100002329fffff8faffffb4d1fffffc09
0 0000000000000000 0 0000000000000000 1 00002914000026a5ffff978e000006cb000026b4000000fbffffd7ff00004e6d
0 0000000000000000 0 0000000000000000 1 00001a06fffff562ffff8aa200000b790000150200000ce1000009affffffdf9
0 0000000000000000 0 0000000000000000 1 ffffa7d2ffffad1400006bbdffffcb5600002e20000027c8ffffe5e0ffff90ff
0 0000000000000000 0 0000000000000000 1 fffff360ffffeed5ffffa886ffffb4430000100d00001533ffffeb8fffffaced
0 0000000000000000 0 0000000000000000 1 fffff697ffffe691000005840000600700005326000025f7ffffe9e000000e22
0 0000000000000000 0 0000000000000000 1 00003e4600002b50ffffcb870000268afffffa2bffffd905fffff1b500001a43
0 0000000000000000 0 0000000000000000 0 0000000000000000000000000000000000000000000000000000000000000000
0 0000000000000000 0 0000000000000000 0 0000000000000000000000000000000000000000000000000000000000000000
0 0000000000000000 0 0000000000000000 0 0000000000000000000000000000000000000000000000000000000000000000
0 0000000000000000 0 0000000000000000 0 0000000000000000000000000000000000000000000000000000000000000000
1 9d4b5dce9d956d01 0 0000000000000000 0 0000000000000000000000000000000000000000000000000000000000000000
1 7dcabac0a6cdda56 0 0000000000000000 0 0000000000000000000000000000000000000000000000000000000000000000
1 1886da89f176e017 0 0000000000000000 0 0000000000000000000000000000000000000000000000000000000000000000
1 78f6537fa1b564ca 0 0000000000000000 0 0000000000000000000000000000000000000000000000000000000000000000
1 ef494312823a279a 0 0000000000000000 0 0000000000000000000000000000000000000000000000000000000000000000
1 2e40fe32d928f216 0 0000000000000000 0 0000000000000000000000000000000000000000000000000000000000000000
1 145277c292282b14 0 0000000000000000 0 0000000000000000000000000000000000000000000000000000000000000000
1 81a65f3a48b81768 0 0000000000000000 0 0000000000000000000000000000000000000000000000000000000000000000
0 0000000000000000 1 9cc20f41136f7772 0 0000000000000000000000000000000000000000000000000000000000000000
0 0000000000000000 1 f4fe4e4c6bb1b2ae 0 0000000000000000000000000000000000000000000000000000000000000000
0 0000000000000000 1 5f2d88790f0b0f2d 0 0000000000000000000000000000000000000000000000000000000000000000
0 0000000000000000 1 6297dd07c0d1fc14 0 0000000000000000000000000000000000000000000000000000000000000000
0 0000000000000000 1 9075de6ff6fbb62f 0 0000000000000000000000000000000000000000000000000000000000000000
0 0000000000000000 1 2091022baa6a15a5 0 0000000000000000000000000000000000000000000000000000000000000000
0 0000000000000000 1 7891a82cb0f335d2 0 0000000000000000000000000000000000000000000000000000000000000000
0 0000000000000000 1 34ae936cf6ad6235 0 0000000000000000000000000000000000000000000000000000000000000000
0 0000000000000000 1 ee537600f98b41b4 0 0000000000000000000000000000000000000000000000000000000000000000
0 0000000000000000 1 cfdd13081c4b49d5 0 0000000000000000000000000000000000000000000000000000000000000000
0 0000000000000000 1 7cd0d25e330319ae 0 0000000000000000000000000000000000000000000000000000000000000000
0 0000000000000000 1 b302e97a59bd190b 0 0000000000000000000000000000000000000000000000000000000000000000
0 0000000000000000 1 a0dae7ebed8f446f 0 0000000000000000000000000000000000000000000000000000000000000000
0 0000000000000000 1 81b1a5daab49acbd 0 0000000000000000000000000000000000000000000000000000000000000000
0 0000000000000000 1 a27a28484aef31ac 1 00000bb30000054d0000653300005054fffff6230000323300001132000017ff
0 0000000000000000 1 4bc61da84b5d6f1b 1 00003be3ffffe35fffffe32ffffffcb2ffffc665000029e000000f47ffff9d6e
0 0000000000000000 1 1c6b52b02726d8e6 1 00000a88000042d000006ac300005fc5ffffa2b9ffff6f5f00006848fffff99b
0 0000000000000000 1 5209e1ea7bab7ad2 1 ffff986700001cf400003cf5000012ac00002c79ffffbdae00003a5efffff5c3
0 0000000000000000 1 e87c9074f6fd2548 1 000077f4ffffa60cffffccd200005a6300000daeffffcb7cffffe51900001d44
0 0000000000000000 1 9fef00714a55a4cd 1 00001950000046da0000084700001edb00000223000017040000171affffd9fe
0 0000000000000000 1 d408e168559316a0 1 ffffc5b5000069e000005801000023a0fffff317ffffaf910000590dffffda34
0 0000000000000000 1 be201fd34e215367 1 ffffcb5f0000456a00009bc3000055f3ffffdd64ffff99e40000725dffffde1f
0 0000000000000000 1 b7bf9be9df884dcb 1 000050c6ffffc147ffffd258ffff7f9cffffc6d50000390bffffe6b00000055a
0 0000000000000000 1 4f2884a5eef48ce9 1 00002e0b000030e500001043000002a7ffffd68100004b6efffff9a5ffffe398
0 0000000000000000 1 cd7b67e870c08e0d 1 00000825000074d5000059fe00002356ffff855fffffcbfc00006ad4ffffa4fa
0 0000000000000000 1 e46434efa7bff393 1 00004055fffffbfc000035f800004b5dffffc7e7fffffbf3000027dcffffc1c6
0 0000000000000000 1 c28d17e8e09fe099 1 ffffc196ffffc5b70000292100000eba0000584fffffffc5fffff05e0000254f
0 0000000000000000 1 e0668dee4fa60527 1 00001da200000ef8ffff91ed0000517300009049000023e0ffffad1dffffeb2a
0 0000000000000000 1 6f327d24ce379153 1 0000aaf4fffff2eeffffd901ffffe7f8ffff8de3000039b8ffffe9e1ffffdfc8
0 0000000000000000 1 26a3f244f7b04e94 1 ffffa72700005e8600005acaffffc963ffffbb2900003ca100001df4ffffffba
0 0000000000000000 1 c5dedd0a587bfc3c 1 0000199effffdea1ffffb479ffff9ff0ffffd95400002c0dffffcd5900002256
0 0000000000000000 1 faab79ebd47b4a8a 1 ffffe06000006ad50000614bffffc14fffff7628000002ad0000449bffffc3bb
0 0000000000000000 0 0000000000000000 1 00005100fffffe98000034ef0000595cffffc2efffff8a8400002a0300002ae6
0 0000000000000000 0 0000000000000000 1 00006ea700000191ffffdb0f00006fc9ffffe95f000028d7fffff7f4ffffaffd
0 0000000000000000 0 0000000000000000 1 00005ae1000021eb000011d900001e35ffffabbe000004b40000268fffff9947
0 0000000000000000 0 0000000000000000 1 ffffeb19ffffedc400002d0bffffef52ffffeb0b00003783ffffeaf800002adb
0 0000000000000000 0 0000000000000000 1 fffff52e00002d3e00000737000009a2000034110000045bfffff7eaffffd8fa
0 0000000000000000 0 0000000000000000 1 ffffc01600002827ffffc397000006570000327cffffa6e8fffff00400000989
0 0000000000000000 0 0000000000000000 1 00002be5ffff8dd1ffffa26affffc95bfffff29e00002d3affffc45c000001b0
0 0000000000000000 0 0000000000000000 1 000067daffffc31dffff87faffffa35d0000079200001309ffffc21d00001a52
0 0000000000000000 0 0000000000000000 1 fffff806fffff4a8ffffc103ffffed7b0000574600004405ffffdc39ffffb853
0 0000000000000000 0 0000000000000000 1 0000029600000c89000009e5000014e1ffffe595ffffc2f8ffffffe1000004a1
0 0000000000000000 0 0000000000000000 1 ffffe570ffff97c1fffff175ffffea7d00000615ffffcb4b0000107700004690
0 0000000000000000 0 0000000000000000 1 0000105a00004b27000039cffffffc74ffffca500000044b000040b3ffffa83c
0 0000000000000000 0 0000000000000000 1 fffff9cd000027a5000026c700005607fffff5a700002207ffffff9bffffeeaa
0 0000000000000000 0 0000000000000000 1 000033a900002ab8ffffe66dffffbc08ffffe2d70000875effffe722ffffe4ab
0 0000000000000000 0 0000000000000000 0 0000000000000000000000000000000000000000000000000000000000000000
0 0000000000000000 0 0000000000000000 0 0000000000000000000000000000000000000000000000000000000000000000
0 0000000000000000 0 0000000000000000 0 0000000000000000000000000000000000000000000000000000000000000000
0 0000000000000000 0 0000000000000000 0 0000000000000000000000000000000000000000000000000000000000000000
1 dc43d9c7687e9db6 0 0000000000000000 0 0000000000000000000000000000000000000000000000000000000000000000
1 8ee124679837fdd8 0 0000000000000000 0 0000000000000000000000000000000000000000000000000000000000000000
1 64077b97775aa2e3 0 0000000000000000 0 0000000000000000000000000000000000000000000000000000000000000000
1 69b5337091d061ff 0 0000000000000000 0 0000000000000000000000000000000000000000000000000000000000000000
1 b4c6f8c8ba4bc957 0 0000000000000000 0 0000000000000000000000000000000000000000000000000000000000000000
1 a166a15e6ab48c42 0 0000000000000000 0 0000000000000000000000000000000000000000000000000000000000000000
1 2a984ae86c4b3301 0 0000000000000000 0 0000000000000000000000000000000000000000000000000000000000000000
1 9f5e03b688b78a9d 0 0000000000000000 0 0000000000000000000000000000000000000000000000000000000000000000
0 0000000000000000 1 8b6cf26252762d78 0 0000000000000000000000000000000000000000000000000000000000000000
0 0000000000000000 1 7ca2ddb6dda75912 0 0000000000000000000000000000000000000000000000000000000000000000
0 0000000000000000 1 6275c7a44fda793f 0 0000000000000000000000000000000000000000000000000000000000000000
0 0000000000000000 1 525ea674dc90a172 0 0000000000000000000000000000000000000000000000000000000000000000
0 0000000000000000 1 c6da19f3144328e0 0 0000000000000000000000000000000000000000000000000000000000000000
0 0000000000000000 1 91011e91c3cd8682 0 0000000000000000000000000000000000000000000000000000000000000000
0 0000000000000000 1 b32dd4639401e60d 0 0000000000000000000000000000000000000000000000000000000000000000
0 0000000000000000 1 de65eb9a605a278c 0 0000000000000000000000000000000000000000000000000000000000000000
0 0000000000000000 1 3c70df3a62b65e03 0 0000000000000000000000000000000000000000000000000000000000000000
0 0000000000000000 1 d4bdd3270a4e14af 0 0000000000000000000000000000000000000000000000000000000000000000
0 0000000000000000 1 89dffea78b731767 0 0000000000000000000000000000000000000000000000000000000000000000
0 0000000000000000 1 da149967aec08897 0 0000000000000000000000000000000000000000000000000000000000000000
0 0000000000000000 1 a8ebcadaa2627004 0 0000000000000000000000000000000000000000000000000000000000000000
0 0000000000000000 1 bdf7c8d9c78922e0 0 0000000000000000000000000000000000000000000000000000000000000000
0 0000000000000000 1 bb102627506c4821 1 ffff98deffffed6d00000ddf0000689bffff68c4ffffa647ffffe0d200001e35
0 0000000000000000 1 008019404cb6521d 1 00001f990000077bfffffc64ffff85fb00006a3500004f84fffffb3effffc5a5
0 0000000000000000 1 7b56c00999f80656 1 ffff74bfffffe9d000000328ffffcb98fffff5db00007a7effffc61dffffd15e
0 0000000000000000 1 1ff337d91a05427e 1 ffffd0800000119efffffd28000031eeffff1cf2ffffe18700001f33ffff8dc9
0 0000000000000000 1 c7e087d5456490c2 1 00001166fffff414fffffe9d0000076900003f48ffffed54fffffcd500003886
0 0000000000000000 1 c03a317654bce01f 1 00002e1e000000f7fffff971000006ba000013bbffffe66600003bd400002b56
0 0000000000000000 1 467b25d4bc19ec3a 1 000024b5fffff06500000c4800007748ffff9bf1ffff967a00005e7fffffea40
0 0000000000000000 1 6413d99b9baaf1d7 1 ffff9a38ffffdbdaffffda7d0000361e00003d7700003e9effffecdc000061aa
0 0000000000000000 1 18778d15dbcbcbe2 1 ffffdd3dffff9779000035ea00000c53ffffaf3300006c7b00002766ffffee1a
0 0000000000000000 1 9840774dc2ef231b 1 00002480ffffe6e3ffffd7010000425a00002f7cffffcd8c000034ee0000530b
0 0000000000000000 1 1c72c93e79de1d4a 1 ffffcef3000063adffffdba200000afe00002bc1ffff7346ffffc78dfffff646
0 0000000000000000 1 c82e55f248bff9b8 1 000042a4ffffd5eaffffe20700008bdbffff866affffafd50000a26b00000ee5
0 0000000000000000 1 9046a589fec693f6 1 fffff9720000057bffffe7ee00003d8f00004bd0ffffab5b000023f700001b32
0 0000000000000000 1 13eb7f2257936279 1 00003658ffffbd6300001da9fffff80affffdaf9fffff66e0000777efffff5ba
0 0000000000000000 1 1ea0646ad4c58d85 1 ffffe0e6ffffe9640000116900001d25000003f9ffffea95ffffd8540000378a
0 0000000000000000 1 49a14dda1a13053a 1 00006461ffffb811000037e4ffffa2610000057300001d47000024be00000cc6
0 0000000000000000 1 9dab64e401250b06 1 ffffb50b000042aeffffe55400001f93ffffe07300000443ffffdda5ffff8fec
0 0000000000000000 1 4469648165d8de5e 1 ffffd86e0000262c00001dfeffff9dc90000181800001ca7ffff9c69ffffcca6
0 0000000000000000 0 0000000000000000 1 ffffa0e300002d31ffff791d000050aeffffd498ffffa1fdfffffcaf00006c1f
0 0000000000000000 0 0000000000000000 1 00002203ffffb14100004eae000013cfffff62e5000002a500002ae400000254
0 0000000000000000 0 0000000000000000 1 ffffad710000481e00000364000008a40000081100002065ffffa9cbffffad5b
0 0000000000000000 0 0000000000000000 1 fffffbca0000200dffffead5ffffd8f600003f7800003dc400000dbcffffbc3d
0 0000000000000000 0 0000000000000000 1 ffffc4a6ffffec5bffffdf290000652affff86b8fffff6ef00004abeffffe492
0 0000000000000000 0 0000000000000000 1 0000546bffffccb20000740a00001e05ffffddb4ffffeb6600002880ffffe286
0 0000000000000000 0 0000000000000000 1 ffff9ea8ffffcc4900000fc700001a41ffff62ff00002840fffff89affffefef
0 0000000000000000 0 0000000000000000 1 00002bbbffffb0650000480effffe3d7fffff457000049b300001e61000022f4
0 0000000000000000 0 0000000000000000 1 ffffa43f00000c8affffcd7000001e9dffff7e98ffffc1c90000286c00001405
0 0000000000000000 0 0000000000000000 1 00003716ffffc6810000816cffff66e3ffffe83f00005f2bffffd199ffffc253
0 0000000000000000 0 0000000000000000 1 0000b7c4ffffeb2c000027aefffffa5a0000307400000f6e00003ef100000b8a
0 0000000000000000 0 0000000000000000 1 00000a9b000040cbffffff35ffff895f000060330000249effff9247ffffe87e
0 0000000000000000 0 0000000000000000 1 000040db0000079200002316ffffc92e000045d0ffffdc3dffffe66600002648
0 0000000000000000 0 0000000000000000 1 ffff82510000368800001e1dffff7dc3ffffefef000077b2ffff59f5ffffc4a2
0 0000000000000000 0 0000000000000000 0 0000000000000000000000000000000000000000000000000000000000000000
0 0000000000000000 0 0000000000000000 0 0000000000000000000000000000000000000000000000000000000000000000
0 0000000000000000 0 0000000000000000 0 0000000000000000000000000000000000000000000000000000000000000000
0 0000000000000000 0 0000000000000000 0 0000000000000000000000000000000000000000000000000000000000000000
1 16f32176793d5db5 0 0000000000000000 0 0000000000000000000000000000000000000000000000000000000000000000
1 f2682c9d0615a7fe 0 0000000000000000 0 0000000000000000000000000000000000000000000000000000000000000000
1 cdf2504be7365cb0 0 0000000000000000 0 0000000000000000000000000000000000000000000000000000000000000000
1 a3429f185b0bedc6 0 0000000000000000 0 0000000000000000000000000000000000000000000000000000000000000000
1 576081c5fa013756 0 0000000000000000 0 0000000000000000000000000000000000000000000000000000000000000000
1 f57c7074b0785b9c 0 0000000000000000 0 0000000000000000000000000000000000000000000000000000000000000000
1 94eb6298cbc92076 0 0000000000000000 0 0000000000000000000000000000000000000000000000000000000000000000
1 3d9dc78fb5d669f0 0 0000000000000000 0 0000000000000000000000000000000000000000000000000000000000000000
0 0000000000000000 1 db0737f3abf3e3f6 0 0000000000000000000000000000000000000000000000000000000000000000
0 0000000000000000 1 c659af27a7a68c51 0 0000000000000000000000000000000000000000000000000000000000000000
0 0000000000000000 1 c71acf540a26fd48 0 0000000000000000000000000000000000000000000000000000000000000000
0 0000000000000000 1 7ee15c7e03942db2 0 0000000000000000000000000000000000000000000000000000000000000000
0 0000000000000000 1 df48a7b13b2e371f 0 0000000000000000000000000000000000000000000000000000000000000000
0 0000000000000000 1 55f819dce668bc38 0 0000000000000000000000000000000000000000000000000000000000000000
0 0000000000000000 1 42fb054c1e2958a2 0 0000000000000000000000000000000000000000000000000000000000000000
0 0000000000000000 1 cad8cbb9fb08f507 0 0000000000000000000000000000000000000000000000000000000000000000
0 0000000000000000 1 be95c54bf9290a09 0 0000000000000000000000000000000000000000000000000000000000000000
0 0000000000000000 1 f5cca42094e6e64a 0 0000000000000000000000000000000000000000000000000000000000000000
0 0000000000000000 1 8ea5126b37f701b1 0 0000000000000000000000000000000000000000000000000000000000000000
0 0000000000000000 1 3ba9462d0ab9707c 0 0000000000000000000000000000000000000000000000000000000000000000
0 0000000000000000 1 c3f361a63afa67e8 0 0000000000000000000000000000000000000000000000000000000000000000
0 0000000000000000 1 0a78b0a22b63e028 0 0000000000000000000000000000000000000000000000000000000000000000
0 0000000000000000 1 676684ea5619d5fa 1 ffffe3baffffde7000002e2700001907fffff3ac0000043fffffe63fffffd853
0 0000000000000000 1 9aa316aa9ca81c88 1 000021faffffd2cfffffa611ffffa5e000001af1ffffcb2bffff8b98ffffeb80
0 0000000000000000 1 0abc3155c6a8df0f 1 fffff91d0000205affffc877ffffc58bffffe7bbfffff482fffff739fffffb69
0 0000000000000000 1 099cffadd8a21b81 1 ffffac83ffffefbfffffe9c700004b5a00008dd9000004d100001026ffffe6d8
0 0000000000000000 1 a9f5f63edf522f03 1 000029ea00002b5500000f40ffff96afffffba79ffffecc4fffff17a00005015
0 0000000000000000 1 365804407d3a13ca 1 00002c9100000655000032ef0000663ffffff68800004d6500005b2bffff934d
0 0000000000000000 1 15d1b53070711802 1 ffffb64000004a2e0000261600003a5a000035690000237d00000f560000026c
0 0000000000000000 1 f248c2ba60a6046f 1 0000262affffe348fffffcb7ffffe68dffffcf52ffffe691ffffefc700002678
0 0000000000000000 1 d89013f270f5e7bd 1 ffffea79fffffb61ffffcd7b00000cdcffffed5dffffedd7000004770000074c
0 0000000000000000 1 e0d2cbbc0fb84f8b 1 0000019effffa923ffffdc8bffffee180000084dffffd3ebffffe54dffffee65
0 0000000000000000 1 a87febfc19c37048 1 ffffd08e00002a28ffffb17f00000fa9000004b9ffffee82ffffdd1700001fa2
0 0000000000000000 1 fb5e71b97214f97b 1 ffffe048ffff89a7ffffe8b8ffffcedbfffffd72ffffc9f90000734400001a4b
0 0000000000000000 1 8331be3a4a0e0421 1 ffffeba3fffff4fc000043b1ffffcd8effffab9fffffec370000254200004edb
0 0000000000000000 1 63071c428014362e 1 00004dc600004f9e0000215bffffd43fffffc8e600002633fffffcfa000000f4
0 0000000000000000 1 8c04a3eba37e820c 1 000050d500005786ffffd18bffffed440000383200001c16ffffea8e00000c71
0 0000000000000000 1 d47efbf93f6de642 1 ffffd092ffffa40200003ae000000c19ffffe818ffffc50bffffa71500004068
0 0000000000000000 1 a8f6f943a7e88e79 1 ffffdd81ffffb3a2ffffcb020000218200003bdcffffe5f2fffffcdcffffd9c6
0 0000000000000000 1 0b9b2f72be670776 1 fffff163ffffb3f10000207100002e760000226fffffd8fbffffd11d00003ced
0 0000000000000000 0 0000000000000000 1 ffffc2be000026cf00001dd9fffff761ffffca2d000006a4fffff930fffff903
0 0000000000000000 0 0000000000000000 1 fffffae300008f95ffffedbf00000b9f000028c70000382200000d69ffffff36
0 0000000000000000 0 0000000000000000 1 0000197000005a4fffffd39f00001924fffff5b80000235000003d8100000b33
0 0000000000000000 0 0000000000000000 1 00005de5ffffdc75ffffa389ffff5373ffffe0c5ffffb59afffff37500006516
0 0000000000000000 0 0000000000000000 1 0000251b00001084ffffbbcf00002610fffffd41fffffc55000015d200002c6a
0 0000000000000000 0 0000000000000000 1 ffffee03ffffe9d200000e86ffffdc9b000004dfffffc708ffffb9e200007698
0 0000000000000000 0 0000000000000000 1 ffffe427fffffefafffff931ffff311dffffc035ffffb07affffc7d900006f9c
0 0000000000000000 0 0000000000000000 1 000043db00001367ffffffdbffffaf22ffffb00f0000127300005c8f00000113
0 0000000000000000 0 0000000000000000 1 0000096100004242ffffa94effff8aa2ffffd086ffffdb62ffffc87100003ee5
0 0000000000000000 0 0000000000000000 1 ffffb264ffffd0c500005063000035a3000027c7000016a200002becffffae71
0 0000000000000000 0 0000000000000000 1 000022f70000270a00000efc00002830ffffbc42000023f8ffffc296ffffb87c
0 0000000000000000 0 0000000000000000 1 0000244a000068ec000008dcffffc92cffffbaaa00002c9800000f09ffffe988
0 0000000000000000 0 0000000000000000 1 000011c0ffffbf9fffffb26fffffe213ffffec69ffffe4a8ffffe3bfffffbc3c
0 0000000000000000 0 0000000000000000 1 ffffd200ffffdc2a000009c300004b8affffe41b0000244f0000773fffff927f
0 0000000000000000 0 0000000000000000 0 0000000000000000000000000000000000000000000000000000000000000000
0 0000000000000000 0 0000000000000000 0 0000000000000000000000000000000000000000000000000000000000000000
0 0000000000000000 0 0000000000000000 0 0000000000000000000000000000000000000000000000000000000000000000
0 0000000000000000 0 0000000000000000 0 0000000000000000000000000000000000000000000000000000000000000000
1 fcf6f0d0593e6f40 0 0000000000000000 0 0000000000000000000000000000000000000000000000000000000000000000
1 8fc4956f828928c0 0 0000000000000000 0 0000000000000000000000000000000000000000000000000000000000000000
1 06fab024382cb007 0 0000000000000000 0 0000000000000000000000000000000000000000000000000000000000000000
1 018aacdb9ec0abd3 0 0000000000000000 0 0000000000000000000000000000000000000000000000000000000000000000
1 b74d0cd0b90418f5 0 0000000000000000 0 0000000000000000000000000000000000000000000000000000000000000000
1 8186bdb6a8eb75a6 0 0000000000000000 0 0000000000000000000000000000000000000000000000000000000000000000
1 5b6547e180caa98c 0 0000000000000000 0 0000000000000000000000000000000000000000000000000000000000000000
1 44cdc111c1881328 0 0000000000000000 0 0000000000000000000000000000000000000000000000000000000000000000
0 0000000000000000 1 d20182111d4aa53d 0 0000000000000000000000000000000000000000000000000000000000000000
0 0000000000000000 1 9f3c549da62d490e 0 0000000000000000000000000000000000000000000000000000000000000000
0 0000000000000000 1 3412aa78681f5b7a 0 0000000000000000000000000000000000000000000000000000000000000000
0 0000000000000000 1 09f550da3f7568e6 0 0000000000000000000000000000000000000000000000000000000000000000
0 0000000000000000 1 ba62faeeffc8e5a3 0 0000000000000000000000000000000000000000000000000000000000000000
0 0000000000000000 1 843d2dfb9aaf4122 0 0000000000000000000000000000000000000000000000000000000000000000
0 0000000000000000 1 602c16d7b7e6d8fe 0 0000000000000000000000000000000000000000000000000000000000000000
0 0000000000000000 1 87d6b7bac1658878 0 0000000000000000000000000000000000000000000000000000000000000000
0 0000000000000000 1 c68a98b75ea8da19 0 0000000000000000000000000000000000000000000000000000000000000000
0 0000000000000000 1 ebb568feb519dc2d 0 0000000000000000000000000000000000000000000000000000000000000000
0 0000000000000000 1 c3481f04bf5eaa3e 0 0000000000000000000000000000000000000000000000000000000000000000
0 0000000000000000 1 922306e3a5fffbd6 0 0000000000000000000000000000000000000000000000000000000000000000
0 0000000000000000 1 12e9468982d6bb51 0 0000000000000000000000000000000000000000000000000000000000000000
0 0000000000000000 1 a4d86e2002d9475a 0 0000000000000000000000000000000000000000000000000000000000000000
0 0000000000000000 1 dd831cd5148d1f1d 1 ffffc044ffffb215ffffe9ffffffe920ffffca74ffffcb79000055ef00000552
0 0000000000000000 1 b5441c9b9f2e0f5a 1 0000099f00000ae3fffff40600004248ffffda91ffffd8bfffffda4cffffc19b
0 0000000000000000 1 b8e5e01ab0f30cd5 1 0000096affffe08fffffe0b4ffffc13dffff5572ffff8a2500000e70ffffcb84
0 0000000000000000 1 55ce58ce932871c3 1 ffffd87f00001b45ffffff14ffffce55ffffc14c00000c2e00000be8ffffaed7
0 0000000000000000 1 d37153020be6e95d 1 ffffcf640000167700000134000046d8fffff4ecfffffad4ffffe166ffffea6f
0 0000000000000000 1 50e95355dfd080b2 1 00004d7400001297fffffbe900005dadffffd1e4ffffb600ffff8537ffffdc94
0 0000000000000000 1 6a2dc813fe3f5b15 1 fffffe66ffffeb5fffffe6f800002403000051e700001b32000031f5000032e6
0 0000000000000000 1 dca8ef94a273f836 1 ffffe786ffffa637ffffeab300000972000002a8ffffd2f700004cf800001ee2
0 0000000000000000 1 084d6d430a22c97e 1 00003c410000743f00007825ffffe1b600003c2300002e2afffffc8400004903
0 0000000000000000 1 a896dc2ef76f954f 1 00002c01ffffd73effffe1b3000000840000484300001f6effffdf4f00002279
0 0000000000000000 1 8c92d3397013fb5c 1 ffffb7b7ffff804fffff97f600002dfcffffda10ffffc07000002c7bfffff14c
0 0000000000000000 1 f3be767e5442480a 1 ffffffcffffff4d2000004d500003801fffffb5dfffff0c6ffffd31fffffe0fa
0 0000000000000000 1 0d5aad2d2c3c98af 1 000040cdfffffca8fffff7ad00003f3200008e65000022e50000144d0000612f
0 0000000000000000 1 75c4bb0da3122c2a 1 000059b8000018e9fffff17000001307ffffd2b8ffffd149ffff81c6ffffebe6
0 0000000000000000 1 444c34df91337de5 1 00007e480000751a00005c4afffff62e0000534a000036ceffffa7c100003ce1
0 0000000000000000 1 8e4a3739b81bd03e 1 0000057fffffe1c8ffffde1500004722ffffdeb0ffffb9a600001067ffffea08
0 0000000000000000 1 2449a8ec01edf15e 1 00002280fffff95700001ed1000007fc0000028b0000008effffc938ffffeb28
0 0000000000000000 1 2951f86e0112c1af 1 000039d00000224500002344ffffe5200000438b0000473affffef47ffffe6d5
0 0000000000000000 0 0000000000000000 1 ffffeb11ffffd881ffffa30b0000533bffffc4a1ffffa9e7ffffe769fffffc0a
0 0000000000000000 0 0000000000000000 1 ffffea2fffffc321ffffc97f000004cc0000859900005a11fffff59d00004d2f
0 0000000000000000 0 0000000000000000 1 fffff07cffffeaf6fffff552ffffd98effffb369ffffd42400003f6cffffce5d
0 0000000000000000 0 0000000000000000 1 000013d7ffffe73800001dc5ffffe2c000002dac000015bd00003e4900000731
0 0000000000000000 0 0000000000000000 1 ffffdae7ffff9035ffff7094000028dbffffc91cffffae09000003b60000062e
0 0000000000000000 0 0000000000000000 1 ffffe9f3ffff965dffffdf5fffffcaa2fffffa7efffff2910000215f0000119f
0 0000000000000000 0 0000000000000000 1 00001ed50000096d000018d6ffffc3b6ffffb46affffd72dffffd35dfffff866
0 0000000000000000 0 0000000000000000 1 00000426ffffe75cffffd25affffb952ffffb119fffff856ffffafa7ffffc074
0 0000000000000000 0 0000000000000000 1 ffff7181ffffaf59ffffce3100000008ffffdbf2fffff77800005b93ffffee0e
0 0000000000000000 0 0000000000000000 1 0000437affffe98f00001bdcffffce29000025680000093800002e460000185f
0 0000000000000000 0 0000000000000000 1 00000a18fffff687ffffed530000156dffffdfa4ffffeab30000047cffffbb34
0 0000000000000000 0 0000000000000000 1 ffffe92cffff95bcffff9d4b00004495ffffbd96ffffa6ebffffd086ffffe186
0 0000000000000000 0 0000000000000000 1 fffff9daffffe97affffeb0700001cc8ffffd39dffffb556000040a4000013fb
0 0000000000000000 0 0000000000000000 1 ffffa6b9ffffa7e7ffffb7c900000745ffffe77ffffff93300001421ffffebf7
0 0000000000000000 0 0000000000000000 0 0000000000000000000000000000000000000000000000000000000000000000
0 0000000000000000 0 0000000000000000 0 0000000000000000000000000000000000000000000000000000000000000000
0 0000000000000000 0 0000000000000000 0 0000000000000000000000000000000000000000000000000000000000000000
0 0000000000000000 0 0000000000000000 0 0000000000000000000000000000000000000000000000000000000000000000
1 f7a827ac8f5ecbfb 0 0000000000000000 0 0000000000000000000000000000000000000000000000000000000000000000
1 6567aa2824abf7b0 0 0000000000000000 0 0000000000000000000000000000000000000000000000000000000000000000
1 f121b71096360c3b 0 0000000000000000 0 0000000000000000000000000000000000000000000000000000000000000000
1 eb24f283b73c8f7a 0 0000000000000000 0 0000000000000000000000000000000000000000000000000000000000000000
1 8e69663ec180c5c5 0 0000000000000000 0 0000000000000000000000000000000000000000000000000000000000000000
1 994b46701124cc9e 0 0000000000000000 0 0000000000000000000000000000000000000000000000000000000000000000
1 a6724ccc202ce802 0 0000000000000000 0 0000000000000000000000000000000000000000000000000000000000000000
1 174ff90f436ff8bf 0 0000000000000000 0 0000000000000000000000000000000000000000000000000000000000000000
0 0000000000000000 1 18eb3a728695c6b9 0 0000000000000000000000000000000000000000000000000000000000000000
0 0000000000000000 1 a62cd70e1397c878 0 0000000000000000000000000000000000000000000000000000000000000000
0 0000000000000000 1 214721307c459d3d 0 0000000000000000000000000000000000000000000000000000000000000000
0 0000000000000000 1 9af795cf491063cf 0 0000000000000000000000000000000000000000000000000000000000000000
0 0000000000000000 1 7e2a757a2f34ffcb 0 0000000000000000000000000000000000000000000000000000000000000000
0 0000000000000000 1 1a9df867676beb15 0 0000000000000000000000000000000000000000000000000000000000000000
0 0000000000000000 1 757875384f87f49d 0 0000000000000000000000000000000000000000000000000000000000000000
0 0000000000000000 1 e96ae6e89e154076 0 0000000000000000000000000000000000000000000000000000000000000000
0 0000000000000000 1 a122fb2e3b85679f 0 0000000000000000000000000000000000000000000000000000000000000000
0 0000000000000000 1 8229df0a438dc820 0 0000000000000000000000000000000000000000000000000000000000000000
0 0000000000000000 1 d4eb2029f4a79d44 0 0000000000000000000000000000000000000000000000000000000000000000
0 0000000000000000 1 c670860cde9c8ee3 0 0000000000000000000000000000000000000000000000000000000000000000
0 0000000000000000 1 405d4c8e161a2dc5 0 0000000000000000000000000000000000000000000000000000000000000000
0 0000000000000000 1 a7d503ce86b9259e 0 0000000000000000000000000000000000000000000000000000000000000000
0 0000000000000000 1 68c535635c1fdbe8 1 00005983ffff85afffff96cbffff7c11ffffb70400003bf0000005ad0000a071
0 0000000000000000 1 69758008331d6f5d 1 0000560800002273ffffc56300000414000047a8ffffdd1e00001b6ffffff624
0 0000000000000000 1 a6ab14423c7905eb 1 ffffea4900004a0a0000065b00003ecbffffc9b9ffffdbe4ffffbfd0ffffc065
0 0000000000000000 1 cbf48c7cfc6f06de 1 ffffbc2c00004a5a000054de00003300000054afffff950000000a39ffffcb0f
0 0000000000000000 1 8119595d668b1707 1 ffffcd0400001789ffffff26ffffc831ffff64f200002e41ffffa06d0000343b
0 0000000000000000 1 34987e73a1c88ff4 1 ffff8066000023680000615b00000276ffffbd2c000021eaffffa4190000077a
0 0000000000000000 1 60dc9f3bd33ab666 1 0000289cfffff814ffffc29fffffb329ffff65eeffffc36bffffdaea00004306
0 0000000000000000 1 31a5dd8d0eca7adc 1 0000456a00004ab3ffffd01500000d9200006b1000003b5e0000130bffffbefb
0 0000000000000000 1 927b2b5f78117e6a 1 fffff79000003842fffffc1fffffcb9500000078ffff9467000002b2000046ec
0 0000000000000000 1 daadfbeffea5991b 1 00003cb7000023b0ffffd1a5000013f800003172ffff921500001eda000006d4
0 0000000000000000 1 3b995291589f7deb 1 00004617ffffda78ffffb89effffe763fffff9fe00000d210000154000003522
0 0000000000000000 1 65db9d8e668da1ef 1 0000913dffffcc01ffffa9bbfffff88500004455ffff915d000024ccfffffc53
0 0000000000000000 1 0770b008d01655b4 1 fffffdf600001ba8fffff9eb00003a0dffffe45dffffd4be000018a3ffffbd2f
0 0000000000000000 1 d35216c6360b9bff 1 0000332cffffb20bffffcc68ffffe5380000328afffff1650000544800004882
0 0000000000000000 1 c8a091f1adc6d8c6 1 ffffaf40fffff033000031f1ffffd195ffff7822000021c1ffffac0c00003089
0 0000000000000000 1 c32fcbe7cff04814 1 fffff044000067260000476affffebdd0000306a00000c90ffffbda9ffff9219
0 0000000000000000 1 91ee144fc7a65d70 1 ffff8bff00004067000040950000327ffffff512fffff9a2ffffd3350000099b
0 0000000000000000 1 32c83205bc021b89 1 ffffc9b6000026ef000035b9fffff81a00002296fffff904ffffba1900000441
0 0000000000000000 0 0000000000000000 1 fffffbae0000623affffd513ffffe6fcffffe00affffb52cfffff26b00004f2f
0 0000000000000000 0 0000000000000000 1 00002bcfffff774dffffaa42ffff9527ffff87da00007a28fffff8460000a0d3
0 0000000000000000 0 0000000000000000 1 00000f26ffffc95e00001853ffffdb7d00000846000066bcffffd124ffffe8d4
0 0000000000000000 0 0000000000000000 1 ffffc73affffd70000005252ffffe88b00000ba8000004a30000279bfffff826
0 0000000000000000 0 0000000000000000 1 ffffcb080000f93900000b6f00001cbb0000240cffffd81dffffbc4cffffd6cd
0 0000000000000000 0 0000000000000000 1 00002e6bffffa79effffdf74fffff5b2000000a9fffff6c600002dd000002d10
0 0000000000000000 0 0000000000000000 1 ffffab99fffff61900004880ffffe820ffffc334000001e20000209b00001432
0 0000000000000000 0 0000000000000000 1 00001db9ffff8a3200002bbd0000033fffffe6a7ffffa6e60000235cffffd489
0 0000000000000000 0 0000000000000000 1 000017c9000022a000000005ffffee9400002f83ffffd722fffff455ffffe4d7
0 0000000000000000 0 0000000000000000 1 00002c590000173affffd51000005f9f00000d61ffffa00d00001be3ffffbf7e
0 0000000000000000 0 0000000000000000 1 000028faffff8576fffffcf9ffffdb03000039dafffff1b4000034dc0000361c
0 0000000000000000 0 0000000000000000 1 00001e9600002afbfffff454000003ef000057d7fffff44100001ab2ffffe747
0 0000000000000000 0 0000000000000000 1 00001c1c000046d5ffffd457ffffbac7000040a500004458000008e1000045ee
0 0000000000000000 0 0000000000000000 1 ffffee1affffab6dfffffc9fffffcb7affffc106000023ff0000083500004bc3
0 0000000000000000 0 0000000000000000 0 0000000000000000000000000000000000000000000000000000000000000000
0 0000000000000000 0 0000000000000000 0 0000000000000000000000000000000000000000000000000000000000000000
0 0000000000000000 0 0000000000000000 0 0000000000000000000000000000000000000000000000000000000000000000
0 0000000000000000 0 0000000000000000 0 0000000000000000000000000000000000000000000000000000000000000000
1 fc8652a87622b648 0 0000000000000000 0 0000000000000000000000000000000000000000000000000000000000000000
1 a0cd4e3510a8406c 0 0000000000000000 0 0000000000000000000000000000000000000000000000000000000000000000
1 39f9cde9ab3fe7b6 0 0000000000000000 0 0000000000000000000000000000000000000000000000000000000000000000
1 74db9a034f26e073 0 0000000000000000 0 0000000000000000000000000000000000000000000000000000000000000000
1 a7caadb3e3fd5fe2 0 0000000000000000 0 0000000000000000000000000000000000000000000000000000000000000000
1 e767672e46cfeea2 0 0000000000000000 0 0000000000000000000000000000000000000000000000000000000000000000
1 41359a86698985aa 0 0000000000000000 0 0000000000000000000000000000000000000000000000000000000000000000
1 0ac5ff314afc4b9a 0 0000000000000000 0 0000000000000000000000000000000000000000000000000000000000000000
0 0000000000000000 1 46250221d33cd178 0 0000000000000000000000000000000000000000000000000000000000000000
0 0000000000000000 1 45bb6a21e308f210 0 0000000000000000000000000000000000000000000000000000000000000000
0 0000000000000000 1 faad277353c1170f 0 0000000000000000000000000000000000000000000000000000000000000000
0 0000000000000000 1 afd371f427ed3ff8 0 0000000000000000000000000000000000000000000000000000000000000000
0 0000000000000000 1 1460d843725d3d12 0 0000000000000000000000000000000000000000000000000000000000000000
0 0000000000000000 1 3d356593656b08ff 0 0000000000000000000000000000000000000000000000000000000000000000
0 0000000000000000 1 c050b92cf99c22da 0 0000000000000000000000000000000000000000000000000000000000000000
0 0000000000000000 1 770659b180480443 0 0000000000000000000000000000000000000000000000000000000000000000
0 0000000000000000 1 19e37d34971587b7 0 0000000000000000000000000000000000000000000000000000000000000000
0 0000000000000000 1 a040ef42d9f8a89d 0 0000000000000000000000000000000000000000000000000000000000000000
0 0000000000000000 1 49db279000a6b2c8 0 0000000000000000000000000000000000000000000000000000000000000000
0 0000000000000000 1 9cd117373d4d5c29 0 0000000000000000000000000000000000000000000000000000000000000000
0 0000000000000000 1 bd44f311de626d60 0 0000000000000000000000000000000000000000000000000000000000000000
0 0000000000000000 1 b5b6a995ba2305d0 0 0000000000000000000000000000000000000000000000000000000000000000
0 0000000000000000 1 c55a3e2d4e6b8362 1 000002f8ffffceb100004d230000357d0000510300000afc00001584000000c3
0 0000000000000000 1 0e63ce002bfe43f8 1 000045b9ffffe7f2fffff0f3ffffe4c1000006d6000044efffffcc6bffffe545
0 0000000000000000 1 9fdf74a838f59b9a 1 00004bbcffffd828ffff71b8ffffc259000001ba00003690fffff76000000363
0 0000000000000000 1 0dd6e791930a116b 1 000029d800002d3affff9941ffffd989ffffbc8b000004c2fffff1d3ffffa09c
0 0000000000000000 1 29b5dad8cb4996f0 1 ffffd09efffff09bfffff903ffffe62d00005beaffffb1fc0000197b00000c9d
0 0000000000000000 1 765083fd49465267 1 ffffa4b3fffffcff0000421effffdc7ffffff111ffffe53100001933ffffa3f1
0 0000000000000000 1 82250b4a4dc80c2e 1 fffffa7afffff32fffffcd200000061efffff510ffffd512000010e60000614c
0 0000000000000000 1 f961d1ca5fb3e4aa 1 00001503fffff86f00007a4e00000dc50000387e000008bbffffbd6effffbf4f
0 0000000000000000 1 8073f0b5a55e0fd2 1 00003ec20000054d00002c8a000035d4ffffbb2900006a5effffdb200000385a
0 0000000000000000 1 9b07fa2ebd714b76 1 fffff7c00000218800000ab7000051d5ffffb34800000f4e0000248700006f14
0 0000000000000000 1 0d424e2fe4a163f9 1 ffffd577ffffcc4000002c0dffffe4b6ffffa709000045bf0000073d000018e6
0 0000000000000000 1 fcc2869cb8fc19ee 1 00002d7700004c27ffff9d8affffeeb700001809ffffd5d7fffff911ffff8f71
0 0000000000000000 1 cd36574d20ddb529 1 00000e0800003f53000001b9000020be00005609ffff9886fffff7c2ffffaa5f
0 0000000000000000 1 d97c24e277c4f466 1 ffffed6100006d460000305e000020ccffffda59ffffe2bbffffec26ffffc191
0 0000000000000000 1 8529a07ae23e1213 1 ffffbfe4ffffec1f00002d6d00006bf7ffffe1360000125800008a11ffffea2f
0 0000000000000000 1 83cbbbb6f4003a34 1 ffffd178ffffecd000000333ffffe56c000030feffffb4620000072600002488
0 0000000000000000 1 4382dc1bd021a687 1 ffffcfd2000030b5fffff4e3000018d9ffff3f4b00003ff000003ba9ffffd5c8
0 0000000000000000 1 0e35621afba0f70a 1 00000519000018c6000048bf000022be00001e66ffffef53fffff016ffffa00f
0 0000000000000000 0 0000000000000000 1 fffff0a800001884000066a4000031d6fffff8590000341cffffff8dfffffa4c
0 0000000000000000 0 0000000000000000 1 ffffbb98ffffc1af00003bb1ffffd6740000ae3fffff9efc00000b6bfffffee1
0 0000000000000000 0 0000000000000000 1 0000079efffffacaffff8ec8000014b7ffffd59afffff3c200004b92ffffff6a
0 0000000000000000 0 0000000000000000 1 ffff94d3ffffd41b000007e7ffffec8dffffbd9effffe6210000428a00005918
0 0000000000000000 0 0000000000000000 1 ffffc9cc00007817000058a3000060adffffd739ffffa13800000fa0ffffe4e3
0 0000000000000000 0 0000000000000000 1 0000365f0000582ffffff57e0000408c0000496effffbbfbfffff782ffff9318
0 0000000000000000 0 0000000000000000 1 00003996ffffd986ffffb172ffffc99200000e80ffffe9d0ffffc9ec000025c3
0 0000000000000000 0 0000000000000000 1 ffffede7000036f3000037d2000003e80000100bffffde2fffffde59ffffe3be
0 0000000000000000 0 0000000000000000 1 000009a9ffffd23bffffd55f00003179ffffc6a30000300d00004881000023d7
0 0000000000000000 0 0000000000000000 1 ffffa9f5ffffb200ffffe3bb00000e29ffffdb3dffffe2ad00007e89fffff4f0
0 0000000000000000 0 0000000000000000 1 00001e2400004210ffffe30900004c0c0000309effffc7e00000155b00002064
0 0000000000000000 0 0000000000000000 1 fffff9dd00005544ffffdf9f00001740ffffeb53ffffca05000015c9ffff9264
0 0000000000000000 0 0000000000000000 1 0000244f000016e900002ca8fffffa88fffff1dd00005555ffffc0ef00003c2d
0 0000000000000000 0 0000000000000000 1 000016baffffbe98ffffd54bfffff41effffd6c4000022140000088800002c86
0 0000000000000000 0 0000000000000000 0 0000000000000000000000000000000000000000000000000000000000000000
0 0000000000000000 0 0000000000000000 0 0000000000000000000000000000000000000000000000000000000000000000
0 0000000000000000 0 0000000000000000 0 0000000000000000000000000000000000000000000000000000000000000000
0 0000000000000000 0 0000000000000000 0 0000000000000000000000000000000000000000000000000000000000000000
1 2ea338da1bdd9f50 0 0000000000000000 0 0000000000000000000000000000000000000000000000000000000000000000
1 1433f6243f6c07f6 0 0000000000000000 0 0000000000000000000000000000000000000000000000000000000000000000
1 df58fce1a56f32e8 0 0000000000000000 0 0000000000000000000000000000000000000000000000000000000000000000
1 736d5d9d15d4ed07 0 0000000000000000 0 0000000000000000000000000000000000000000000000000000000000000000
1 6e9c0867e4da1dae 0 0000000000000000 0 0000000000000000000000000000000000000000000000000000000000000000
1 26eae3388e0aa2c7 0 0000000000000000 0 0000000000000000000000000000000000000000000000000000000000000000
1 852ad31e6de9b3ad 0 0000000000000000 0 0000000000000000000000000000000000000000000000000000000000000000
1 10d28b1c6ebfe47f 0 0000000000000000 0 0000000000000000000000000000000000000000000000000000000000000000
0 0000000000000000 1 20b84f6933415b03 0 0000000000000000000000000000000000000000000000000000000000000000
0 0000000000000000 1 0406d3f1d84c112c 0 0000000000000000000000000000000000000000000000000000000000000000
0 0000000000000000 1 a2ba78dd5004b412 0 0000000000000000000000000000000000000000000000000000000000000000
0 0000000000000000 1 48c653ba8cbe9634 0 0000000000000000000000000000000000000000000000000000000000000000
0 0000000000000000 1 61e03d6a83f558c6 0 0000000000000000000000000000000000000000000000000000000000000000
0 0000000000000000 1 5b258be89f3f7d29 0 0000000000000000000000000000000000000000000000000000000000000000
0 0000000000000000 1 df4d1543a662383f 0 0000000000000000000000000000000000000000000000000000000000000000
0 0000000000000000 1 d6227b4f700fdefa 0 0000000000000000000000000000000000000000000000000000000000000000
0 0000000000000000 1 88d9ac5df5a8f02d 0 0000000000000000000000000000000000000000000000000000000000000000
0 0000000000000000 1 dca6f1bff2f8b367 0 0000000000000000000000000000000000000000000000000000000000000000
0 0000000000000000 1 7b2793ee58851dcc 0 0000000000000000000000000000000000000000000000000000000000000000
0 0000000000000000 1 d594d2cceaf6ebdf 0 0000000000000000000000000000000000000000000000000000000000000000
0 0000000000000000 1 bb84991880e7e400 0 0000000000000000000000000000000000000000000000000000000000000000
0 0000000000000000 1 ce8f72038b111a1f 0 0000000000000000000000000000000000000000000000000000000000000000
0 0000000000000000 1 95325e7e19173673 1 00001923000022c700001796ffffecafffffe3b3ffffdf7dffffcbc1ffffcd74
0 0000000000000000 1 1a3a36e947b1dca1 1 fffff4edffffedddffffdaf0000012d600000d57ffffed42ffffcc9c00001108
0 0000000000000000 1 66db06dbb6858000 1 0000130fffffff41ffffe6c300001d3dffff942d00001fe800005839ffffe035
0 0000000000000000 1 b6dfd8d5012759df 1 ffffd8cdfffff144fffff602ffffba55ffffe95d000018ab00001dd400007f16
0 0000000000000000 1 4e2e854c3d27d557 1 ffffd16f0000631f00004467ffff8bfe0000147c0000066affffc02c00000ded
0 0000000000000000 1 e759604444bcab36 1 ffffbdb8ffffe17effffd8b10000090800006fb8ffffcfc8ffff7d4200002229
0 0000000000000000 1 80f8399b31462071 1 ffffec62000057adffffd93cfffff1f400001e9e00001ebfffffc7d3000006a6
0 0000000000000000 1 f5f49223c133bb88 1 0000510e0000306900001ac800000946ffffbab60000306100003511ffffc902
0 0000000000000000 1 403c6e1cc0eedd82 1 000014b500002fb20000023effffdde800004426ffffbfc10000340d00001912
0 0000000000000000 1 afbd763c2aa52d6a 1 fffffb77ffffc155ffffc33100000e80fffff69fffffd22700001a5200004a39
0 0000000000000000 1 b96ed667276e7e4e 1 0000217cffffa440000037e600000d9900005efeffffcc33fffff29b00000aa4
0 0000000000000000 1 cadda68afdd88be3 1 ffffdb7fffffe017fffffbdcffffffc4ffffdcb6ffffda7300001352fffff962
0 0000000000000000 1 07d44c291749eaaf 1 ffffd4b7000016bb000003d5ffffbfbf00000e00ffffb8e0000003f50000313d
0 0000000000000000 1 c1b6208c3e51d19c 1 ffffa68900004f0effffe077ffffc3a6ffffd44200000fe700000731000012d3
0 0000000000000000 1 f0d0988ddf7bf994 1 0000189000006f3fffffd312fffffccd0000255f000011f60000107cfffff1a8
0 0000000000000000 1 92c58e3aa3b99029 1 0000160d000001190000372300000354ffffdf3300003e0300003e42ffffd78f
0 0000000000000000 1 c97458d651849af7 1 0000097dffffd85c00002c58ffffb18f000004dafffffd160000278a00007c56
0 0000000000000000 1 9c646671b4aa0f9c 1 ffffbb5c0000050affffdd2800002b9200000101fffff400fffff126ffffb682
0 0000000000000000 0 0000000000000000 1 00007db4ffffb10a00000a15000011f20000408affffac97ffffc20c00004111
0 0000000000000000 0 0000000000000000 1 000053f900002c6600000e59fffff2bc000000930000341400004df100001d47
0 0000000000000000 0 0000000000000000 1 ffffcacaffffed49ffff7f100000652bffffeda200001418000018c6ffffde9c
0 0000000000000000 0 0000000000000000 1 000021240000092a000047b9ffffdc54ffffc519fffff6befffff3c6ffffebf7
0 0000000000000000 0 0000000000000000 1 fffff95b000051e2000053e3ffffb738ffffbaaf0000676100001477ffffed75
0 0000000000000000 0 0000000000000000 1 ffffed7f00003df0ffffd81effffeaf800002695ffffeeea00003c7f00000cb0
0 0000000000000000 0 0000000000000000 1 000018f100003b18ffffcd350000365000004ce0fffff395ffffbba9ffffc521
0 0000000000000000 0 0000000000000000 1 fffff955ffffb217fffff25a000020c9ffffdbdefffff6a200003f650000171e
0 0000000000000000 0 0000000000000000 1 000020ab00001bf60000324bffffed80ffff8f1000001c5effffff39ffffc53b
0 0000000000000000 0 0000000000000000 1 ffffeda9ffffccd5fffff93200004226ffff686c000022c800002710ffffa0c4
0 0000000000000000 0 0000000000000000 1 ffffd3d0ffffbc1dfffff9d9000035b0ffffa97cfffffa5dffffd5fdffffbf5b
0 0000000000000000 0 0000000000000000 1 0000164000001e670000072effffc1d100001ee1ffffc56f00003a3c00005274
0 0000000000000000 0 0000000000000000 1 000021d00000135b0000056d00001697fffff3150000606a000082b0ffffff27
0 0000000000000000 0 0000000000000000 1 ffffe0940000c4ef0000401cffffaa49fffffd1a000070a10000518effffcb64
0 0000000000000000 0 0000000000000000 0 0000000000000000000000000000000000000000000000000000000000000000
0 0000000000000000 0 0000000000000000 0 0000000000000000000000000000000000000000000000000000000000000000
0 0000000000000000 0 0000000000000000 0 0000000000000000000000000000000000000000000000000000000000000000
0 0000000000000000 0 0000000000000000 0 0000000000000000000000000000000000000000000000000000000000000000
1 f6d7d65194b145fa 0 0000000000000000 0 0000000000000000000000000000000000000000000000000000000000000000
1 1d65b48ca8febff9 0 0000000000000000 0 0000000000000000000000000000000000000000000000000000000000000000
1 479b3fe6156365c4 0 0000000000000000 0 0000000000000000000000000000000000000000000000000000000000000000
1 30b683ae5a4363a0 0 0000000000000000 0 0000000000000000000000000000000000000000000000000000000000000000
1 41043027b4bedde6 0 0000000000000000 0 0000000000000000000000000000000000000000000000000000000000000000
1 f1bf995f9c41d003 0 0000000000000000 0 0000000000000000000000000000000000000000000000000000000000000000
1 9e2294685a80f3fd 0 0000000000000000 0 0000000000000000000000000000000000000000000000000000000000000000
1 e4a1eb9d42854f5f 0 0000000000000000 0 0000000000000000000000000000000000000000000000000000000000000000
0 0000000000000000 1 c4ededfc6b03ed72 0 0000000000000000000000000000000000000000000000000000000000000000
0 0000000000000000 1 7c48d2d8b75427dd 0 0000000000000000000000000000000000000000000000000000000000000000
0 0000000000000000 1 df9d5649c7d511b8 0 0000000000000000000000000000000000000000000000000000000000000000
0 0000000000000000 1 d2ea43cb62133e2d 0 0000000000000000000000000000000000000000000000000000000000000000
0 0000000000000000 1 f78847040d85d6cf 0 0000000000000000000000000000000000000000000000000000000000000000
0 0000000000000000 1 40b8134879b04fdf 0 0000000000000000000000000000000000000000000000000000000000000000
0 0000000000000000 1 71a892eb7d4c8fad 0 0000000000000000000000000000000000000000000000000000000000000000
0 0000000000000000 1 bc304a02ce9d53ac 0 0000000000000000000000000000000000000000000000000000000000000000
0 0000000000000000 1 aeb82131cf33e202 0 0000000000000000000000000000000000000000000000000000000000000000
0 0000000000000000 1 6933a7f9a778e3a0 0 0000000000000000000000000000000000000000000000000000000000000000
0 0000000000000000 1 cfd9b52fd7c01a68 0 0000000000000000000000000000000000000000000000000000000000000000
0 0000000000000000 1 37997464191aa93f 0 0000000000000000000000000000000000000000000000000000000000000000
0 0000000000000000 1 36fa07bca4112b5e 0 0000000000000000000000000000000000000000000000000000000000000000
0 0000000000000000 1 ef4c524372e32f6d 0 0000000000000000000000000000000000000000000000000000000000000000
0 0000000000000000 1 006c286b69843393 1 00000ff8ffffded900001e48ffffd672000012a7ffffc22c0000009000002793
0 0000000000000000 1 4d8eb648bd3baedf 1 ffffcc7f000021f5ffffa16d00004986ffff9aa6ffffe261ffffdaf900000fdc
0 0000000000000000 1 a5f204c538221135 1 00001107ffffce33000019ac00000c69000065ce00005d310000472dffffbe51
0 0000000000000000 1 0065c9b69a3aba41 1 00000310ffffe7d1000025540000235a00000ab7ffffd158fffff8e700000c18
0 0000000000000000 1 a181572132b86bc4 1 00002725ffffe0f800007e49000001420000451100002a2e000041e6ffffdce6
0 0000000000000000 1 55264704bbc37636 1 000010e4ffffe9fa000004a600003d7c00002737ffffbbda00003722ffffc69e
0 0000000000000000 1 7e1f469917f3fce5 1 00001ecbfffffb1a0000261c00007ef7ffff5e400000013bffffce11fffff822
0 0000000000000000 1 6caca778a84ba808 1 ffffff830000429b00001079ffffe26d000050000000245dfffffab7ffffd1f6
0 0000000000000000 1 fc4fc8b91cf5d504 1 00000939ffffc31a000001cffffff22200003fdf00005b1300001b6dfffff073
0 0000000000000000 1 a7ba8e6c03181f89 1 ffffdfa70000285bffffa04a00004db6ffff810300002cfdffffc30cfffffaca
0 0000000000000000 1 c8b6956a25dcba86 1 ffffd585fffff4efffffe8c6ffffbf1400007593ffffba13000021a900002bdf
0 0000000000000000 1 0e48ea550b110319 1 00004458ffff5abd00001b09ffffe603000018f40000444000008cfbffffd701
0 0000000000000000 1 8c8e801c792988e3 1 ffffbf4effffe2f4ffffe9e800000e4900000ff9ffffb9aa00001cc2000042ae
0 0000000000000000 1 f76f188ace504ff7 1 00002d4fffffd3edffffe3f7ffffa9f100002170ffffc5460000377cffffedf5
0 0000000000000000 1 be4cc74d80aeface 1 000045b700004c3fffffee8affffc99400000ade00000af200000268ffff9662
0 0000000000000000 1 801c1a2cafe66ef5 1 fffff796ffffc067ffffe0d80000339cfffff174000038770000286dfffff3de
0 0000000000000000 1 095c368d164abfe3 1 fffff7f0ffffff5c0000222e0000039a00000c86ffffe687ffffd740000025e2
0 0000000000000000 1 0fd3a1a8f606a6e6 1 ffffe4b400002133ffffe65affffbfefffffbe870000035effffceb9000049dc
0 0000000000000000 0 0000000000000000 1 00000228ffffe8c9000038b6000037a7000089e7000010bf00002471ffffc77e
0 0000000000000000 0 0000000000000000 1 ffffd467ffffee41ffffcbb0fffffb1700003a07ffffaf5500004a5d000003c7
0 0000000000000000 0 0000000000000000 1 000009c70000075b0000331700003b33ffff979affffdebb0000050a000005f5
0 0000000000000000 0 0000000000000000 1 fffff628ffffaaeaffffac840000126bfffff22700002e34000042a3fffff571
0 0000000000000000 0 0000000000000000 1 0000040a0000467600001994ffffe489ffffb6e0ffffe1f2ffffbaf7000024b3
0 0000000000000000 0 0000000000000000 1 fffff0af00002aa0ffffc62f0000308500003c2e00003b30ffffcb5effffc9ac
0 0000000000000000 0 0000000000000000 1 000023a60000250b00000e07000003bf0000189100004f29ffffe212ffffc408
0 0000000000000000 0 0000000000000000 1 00000f5cfffffd40ffffb151ffffca59fffffb04fffffcd300000c8effffeb4f
0 0000000000000000 0 0000000000000000 1 000026cc00000250000042e600000f19fffff1de00002faaffffbaec0000042c
0 0000000000000000 0 0000000000000000 1 ffffced100003e9dffffd5e5000027dcffffbf2cffffea56ffffae460000258d
0 0000000000000000 0 0000000000000000 1 fffff5e300004d5dffffd044ffff94c600004f2500003916fffff3f4ffffe982
0 0000000000000000 0 0000000000000000 1 ffffdbaf00002099ffffcb5fffffd508000084040000196bfffff8a2ffffee31
0 0000000000000000 0 0000000000000000 1 000020ca00001e7a00002cce00000822ffff76d000002ed7ffffbd5e00001060
0 0000000000000000 0 0000000000000000 1 fffff1e0000026c70000424d0000252bffffbcb1fffffd8cffffc4bf000030a3
0 0000000000000000 0 0000000000000000 0 0000000000000000000000000000000000000000000000000000000000000000
0 0000000000000000 0 0000000000000000 0 0000000000000000000000000000000000000000000000000000000000000000
0 0000000000000000 0 0000000000000000 0 0000000000000000000000000000000000000000000000000000000000000000
0 0000000000000000 0 0000000000000000 0 0000000000000000000000000000000000000000000000000000000000000000
1 df39b1994de44579 0 0000000000000000 0 0000000000000000000000000000000000000000000000000000000000000000
1 8ce43b995900ce73 0 0000000000000000 0 0000000000000000000000000000000000000000000000000000000000000000
1 6c9a6c83a8f37a43 0 0000000000000000 0 0000000000000000000000000000000000000000000000000000000000000000
1 499f0e04b53f1fd6 0 0000000000000000 0 0000000000000000000000000000000000000000000000000000000000000000
1 d012bed58657ef2a 0 0000000000000000 0 0000000000000000000000000000000000000000000000000000000000000000
1 8584ebf8cd40ba88 0 0000000000000000 0 0000000000000000000000000000000000000000000000000000000000000000
1 875fa3a90766ae66 0 0000000000000000 0 0000000000000000000000000000000000000000000000000000000000000000
1 5fb8610c9c1660aa 0 0000000000000000 0 0000000000000000000000000000000000000000000000000000000000000000
0 0000000000000000 1 dc2fc12dc7ad6cdb 0 0000000000000000000000000000000000000000000000000000000000000000
0 0000000000000000 1 afb453fa9097df3b 0 0000000000000000000000000000000000000000000000000000000000000000
0 0000000000000000 1 2c79ab83d875e45a 0 0000000000000000000000000000000000000000000000000000000000000000
0 0000000000000000 1 6aa35e720f749163 0 0000000000000000000000000000000000000000000000000000000000000000
0 0000000000000000 1 06382fb308da5195 0 0000000000000000000000000000000000000000000000000000000000000000
0 0000000000000000 1 51205cc9c6e6ce94 0 0000000000000000000000000000000000000000000000000000000000000000
0 0000000000000000 1 a4be53513729fabf 0 0000000000000000000000000000000000000000000000000000000000000000
0 0000000000000000 1 bc687e8296696ea1 0 0000000000000000000000000000000000000000000000000000000000000000
0 0000000000000000 1 7e2bd26ee5342b5e 0 0000000000000000000000000000000000000000000000000000000000000000
0 0000000000000000 1 361e11f2721d60ed 0 0000000000000000000000000000000000000000000000000000000000000000
0 0000000000000000 1 3aa54f7b632f40a1 0 0000000000000000000000000000000000000000000000000000000000000000
0 0000000000000000 1 7b17b3726c29e100 0 0000000000000000000000000000000000000000000000000000000000000000
0 0000000000000000 1 3f3cfd788778b8c3 0 0000000000000000000000000000000000000000000000000000000000000000
0 0000000000000000 1 b7ae0244e0022ac5 0 0000000000000000000000000000000000000000000000000000000000000000
0 0000000000000000 1 f538dd39abcf5606 1 ffffd36300005193ffffde13000000c500004b17000011f1ffffbe8e0000413e
0 0000000000000000 1 13a40de6888d0625 1 0000bb20ffffe5a00000720000003a9fffffe4c9ffffbac7000064afffffcc28
0 0000000000000000 1 507bd0da6e235c36 1 ffff79eaffffee9b0000109afffff5f6000050f9ffffecfaffffc9f7ffffe29e
0 0000000000000000 1 c6d5b5f9cedd2b20 1 0000834cffff54f500003833fffff2dfffff75e000000a110000914dffff8cd3
0 0000000000000000 1 117ebdbb3eabf811 1 ffffa67d000054c8ffffd5c2ffffae3400004b72fffffa4effffcb8b00008c45
0 0000000000000000 1 b685347d39dfdae1 1 0000051c0000130e00000c83ffffbb3d00005d9effffad850000273e000068cb
0 0000000000000000 1 58cd6e58ab63bfaf 1 00003095ffffb30900000ca200000cc8ffff8ff800002ebf00000024ffffc88d
0 0000000000000000 1 5ee2e5ffd921d52d 1 ffff750cffffec40000021faffff96b600004f05fffffbecffffa99e00004d5c
0 0000000000000000 1 ae8ea9beaab0e10c 1 ffffe2dfffffda6fffffec54ffffcce30000036600002ca900001a0300000589
0 0000000000000000 1 219d21a0fc67e57a 1 ffff96e400002a36ffffb2d0ffffa01dffffe6df00004865ffffd9ba00005f7d
0 0000000000000000 1 00e94c4476297f7c 1 fffffb83ffffeb73ffffa88fffffbc53ffffa0ef000052a500000a66000026a8
0 0000000000000000 1 68dd689f27a38348 1 ffffcc73fffff496ffffb126ffffe3c0ffffe9940000351dfffffd5100000fc3
0 0000000000000000 1 2d0fadf0770182eb 1 ffffe612ffff8eff00001814fffff80900003d4dffffe9befffff9c6ffffcff6
0 0000000000000000 1 b840396c343238b5 1 00001e18fffffb1dffffeaaa000032b9ffffdff9000019e8ffffe387ffffcc65
0 0000000000000000 1 88bbdd7415c834aa 1 ffffea9700001fc20000019efffff2bd00003dc500000aa7ffffe21100002ab8
0 0000000000000000 1 08f9c7033395bedf 1 00007df500003a0d00001d3500002e1000002ab0ffffb6e700004d81ffffff80
0 0000000000000000 1 e8ff35557a309da4 1 ffff61fb00002f9effffc124ffff94dd0000107c000047c4ffffc7f800006ae5
0 0000000000000000 1 a89ff09ca7b6030d 1 00000b1100002cb8fffff43b0000498700000eea00000292ffffdf4bffffcd60
0 0000000000000000 0 0000000000000000 1 ffffbc14000050a0fffff817ffffe1dc000048b1ffffeea8ffffdfc00000638a
0 0000000000000000 0 0000000000000000 1 0000867bffffc78100000d5500003abeffff7ef700001d88000031c8ffffb2f7
0 0000000000000000 0 0000000000000000 1 0000344dffff94bb00001306ffffda41fffffbcbffffe173000041c7ffffe5ff
0 0000000000000000 0 0000000000000000 1 00001248fffff402fffff8a7000009a9000014adffffe49300002a6cffffe1ef
0 0000000000000000 0 0000000000000000 1 0000505f000047b5000003430000945a00002455ffffc099fffff8baffffa119
0 0000000000000000 0 0000000000000000 1 00002473ffffcae60000184a0000154affffb548fffffb3500003ad5ffff96d5
0 0000000000000000 0 0000000000000000 1 0000060affffcb29fffffd8bffffaac2ffff5c9700007c7c000023b80000077d
0 0000000000000000 0 0000000000000000 1 00008dd700000374000044adffffda27ffffec2effffa1dc0000a29000003491
0 0000000000000000 0 0000000000000000 1 ffffe8cb00000e8bffffd8bc000025f4ffffffd1fffff00afffff804fffff0d1
0 0000000000000000 0 0000000000000000 1 ffffcb0dffffbea6000000a7ffffc83bffffc97200004d99ffffc92600001885
0 0000000000000000 0 0000000000000000 1 00001f86000016e8ffffd86900004777ffffd221000031eaffffc783ffffdb66
0 0000000000000000 0 0000000000000000 1 000027bf00004053ffffeb2300002b2300001ac9ffffdc3500000b5c00001c8a
0 0000000000000000 0 0000000000000000 1 000010dcffffabe8ffffffe6fffff8d9ffffaad700001af600000543ffffe91c
0 0000000000000000 0 0000000000000000 1 00004bae00003e530000196f0000618900001ac4ffffc3650000058dffffc7f7
0 0000000000000000 0 0000000000000000 0 0000000000000000000000000000000000000000000000000000000000000000
0 0000000000000000 0 0000000000000000 0 0000000000000000000000000000000000000000000000000000000000000000
0 0000000000000000 0 0000000000000000 0 0000000000000000000000000000000000000000000000000000000000000000
0 0000000000000000 0 0000000000000000 0 0000000000000000000000000000000000000000000000000000000000000000
1 6186139d63d3ef1d 0 0000000000000000 0 0000000000000000000000000000000000000000000000000000000000000000
1 189dad6238c6852a 0 0000000000000000 0 0000000000000000000000000000000000000000000000000000000000000000
1 2c5fd865af74dcab 0 0000000000000000 0 0000000000000000000000000000000000000000000000000000000000000000
1 7c1291a5d18f0f31 0 0000000000000000 0 0000000000000000000000000000000000000000000000000000000000000000
1 04f2d0b2d1ff0bdf 0 0000000000000000 0 0000000000000000000000000000000000000000000000000000000000000000
1 0a9bf8783602bd15 0 0000000000000000 0 0000000000000000000000000000000000000000000000000000000000000000
1 384f1ee89451390f 0 0000000000000000 0 0000000000000000000000000000000000000000000000000000000000000000
1 a5eff125d6cae5c9 0 0000000000000000 0 0000000000000000000000000000000000000000000000000000000000000000
0 0000000000000000 1 99d885edfa1135c6 0 0000000000000000000000000000000000000000000000000000000000000000
0 0000000000000000 1 a6cd75abc1105fe4 0 0000000000000000000000000000000000000000000000000000000000000000
0 0000000000000000 1 cf37dd7152046b24 0 0000000000000000000000000000000000000000000000000000000000000000
0 0000000000000000 1 106a8813a6b4492c 0 0000000000000000000000000000000000000000000000000000000000000000
0 0000000000000000 1 2e9fc18d8ebd9e6d 0 0000000000000000000000000000000000000000000000000000000000000000
0 0000000000000000 1 ba088e10ac871214 0 0000000000000000000000000000000000000000000000000000000000000000
0 0000000000000000 1 e07dfa4661e2fe85 0 0000000000000000000000000000000000000000000000000000000000000000
0 0000000000000000 1 de67881760fd2e0c 0 0000000000000000000000000000000000000000000000000000000000000000
0 0000000000000000 1 7e476e0866b90ac7 0 0000000000000000000000000000000000000000000000000000000000000000
0 0000000000000000 1 e9f58733369c8dab 0 0000000000000000000000000000000000000000000000000000000000000000
0 0000000000000000 1 6550bf1014036299 0 0000000000000000000000000000000000000000000000000000000000000000
0 0000000000000000 1 91794980a9edde56 0 0000000000000000000000000000000000000000000000000000000000000000
0 0000000000000000 1 5c3fd97dd894d46a 0 0000000000000000000000000000000000000000000000000000000000000000
0 0000000000000000 1 20e5d2df3f248f67 0 0000000000000000000000000000000000000000000000000000000000000000
0 0000000000000000 1 23f804969bfb2cb9 1 ffffd7a900001f6700002afcffffeb31fffff1ab000008fb00003774000024b5
0 0000000000000000 1 e0590f43ac973ac4 1 ffffe26e0000805d0000348400006966ffffa81500009a3f00001a42ffffcb56
0 0000000000000000 1 1443c45f8ebab912 1 00002f5b0000159bffffb9efffffd617ffffae27ffffd46300000ae000001904
0 0000000000000000 1 6f10e684cab33652 1 00000088ffffdab30000028fffffe39b00001a55ffffb3fcfffff9a200003ee0
0 0000000000000000 1 decb3b1172652527 1 ffff8539ffffeb500000642bfffff55f000043e0ffffee07000018feffffe03e
0 0000000000000000 1 e8a69e383c831dbb 1 ffffd12c00002da50000178effffcd8cfffff2d6ffffd0a200002fbb00001ff5
0 0000000000000000 1 c84797162852d32a 1 00004c19ffffefb0ffffad68ffffe3c5000000e7ffffe063ffffe38f00002b9e
0 0000000000000000 1 c2507eb445557c41 1 fffffa78ffffc6caffffd7a4ffffdbd30000037fffffb9bdfffff0e100002cca
0 0000000000000000 1 866d6cd734c29bdf 1 00006273ffffef2fffffd148ffffc979ffffff6a00001650ffffe5b9fffff0ca
0 0000000000000000 1 f0c751d41a812c6f 1 fffffc28ffffec8effffef28ffff81fc00003113ffffa5bf000026ab000029e3
0 0000000000000000 1 fd754de5b18a00e0 1 000064d4ffffbcbdfffffe74ffffbb7900002eb4ffffec49fffffdb100004ac0
0 0000000000000000 1 1a2df6ebadf0844d 1 ffff87b90000143f000004820000c4c4fffffc25000034f8ffffac10ffffcbba
0 0000000000000000 1 60f2b75220b20ab1 1 00002a76ffffce4affffc1ceffffa5ba0000187cffff73bdffffee0000001c94
0 0000000000000000 1 41360fd6ef7fbe2c 1 ffffb6c3ffffac7100000069fffffa08000035e2ffffc0c5ffffe4a5ffffe63c
0 0000000000000000 1 b5630ecb75160d5f 1 fffffaf20000063c00004ef0000024b40000288e000049840000090000000b7a
0 0000000000000000 1 335d6a53275f7157 1 00003bda00003b03ffffdeb8fffff6d0ffffe0b2fffff9330000044b00002553
0 0000000000000000 1 627bcaf33c47d060 1 0000171effffd7b8ffffda22ffffe3a700003919ffff8dd2ffffe8330000344a
0 0000000000000000 1 290e82fcb6dbf42a 1 ffffd5d7ffffdf1900004aeffffff02b000022db000013370000028afffff24a
0 0000000000000000 0 0000000000000000 1 0000007b00001689ffffe797000018dfffffbbd60000290a00000303ffffd67f
0 0000000000000000 0 0000000000000000 1 000013ad0000496100001287ffff52b1ffffd176ffffea0100006eed0000184f
0 0000000000000000 0 0000000000000000 1 ffffd51affffa699ffffd9e50000242100002d1bffffa9dbffffcf780000224a
0 0000000000000000 0 0000000000000000 1 ffffe945000024aaffffe9db000093ebffffa5e500006d55ffffc8fbffffc519
0 0000000000000000 0 0000000000000000 1 ffffceb900002dd3ffffc2cb000069e2ffffe76b0000261affffc198ffffcdbd
0 0000000000000000 0 0000000000000000 1 ffffcad100006f8600001576ffffe86effff977500003d4400002eedffffae7b
0 0000000000000000 0 0000000000000000 1 00000f85000023dcffffede50000320fffffffe400001af7ffffda70fffffb80
0 0000000000000000 0 0000000000000000 1 ffffc9c3ffffbc7efffffb070000333c00004e76ffffbeb2ffffc5b8fffffb35
0 0000000000000000 0 0000000000000000 1 000059f5ffffe7b2fffff5c1ffff60e600001c85ffffc01e00002fc50000378c
0 0000000000000000 0 0000000000000000 1 fffff28bffff864afffff81700005da400005a73ffffe492ffffa7dd0000027e
0 0000000000000000 0 0000000000000000 1 ffffb95cffffed8dffffd47600004e71ffffd80b00000448ffffc87cffffd807
0 0000000000000000 0 0000000000000000 1 00005494ffffe662ffffaef200003ed3ffffc639ffffff5affffbeaffffff86c
0 0000000000000000 0 0000000000000000 1 fffff82cffff584cffffd4c0000019e100005cbdffff9d0fffffa06900001560
0 0000000000000000 0 0000000000000000 1 ffffe519ffffc42900001f17ffffd19d00003f79ffffb1a30000077000002cca
0 0000000000000000 0 0000000000000000 0 0000000000000000000000000000000000000000000000000000000000000000
0 0000000000000000 0 0000000000000000 0 0000000000000000000000000000000000000000000000000000000000000000
0 0000000000000000 0 0000000000000000 0 0000000000000000000000000000000000000000000000000000000000000000
0 0000000000000000 0 0000000000000000 0 0000000000000000000000000000000000000000000000000000000000000000
1 fcecc58c1bd5edec 0 0000000000000000 0 0000000000000000000000000000000000000000000000000000000000000000
1 1152942e95e7b0af 0 0000000000000000 0 0000000000000000000000000000000000000000000000000000000000000000
1 54f622a9e5cace6e 0 0000000000000000 0 0000000000000000000000000000000000000000000000000000000000000000
1 636c5410a085095d 0 0000000000000000 0 0000000000000000000000000000000000000000000000000000000000000000
1 6f379362485e79c8 0 0000000000000000 0 0000000000000000000000000000000000000000000000000000000000000000
1 ed22680ee4f45a8d 0 0000000000000000 0 0000000000000000000000000000000000000000000000000000000000000000
1 2648638dc96cf395 0 0000000000000000 0 0000000000000000000000000000000000000000000000000000000000000000
1 f9b2bb7f41d1e7df 0 0000000000000000 0 0000000000000000000000000000000000000000000000000000000000000000
0 0000000000000000 1 403266a1a0ddcf59 0 0000000000000000000000000000000000000000000000000000000000000000
0 0000000000000000 1 743a9fc4ce4ff1b5 0 0000000000000000000000000000000000000000000000000000000000000000
0 0000000000000000 1 e1176ac3de587d34 0 0000000000000000000000000000000000000000000000000000000000000000
0 0000000000000000 1 961643c954bd7a41 0 0000000000000000000000000000000000000000000000000000000000000000
0 0000000000000000 1 dfde7d66d6fd9386 0 0000000000000000000000000000000000000000000000000000000000000000
0 0000000000000000 1 7e00676de864cfe3 0 0000000000000000000000000000000000000000000000000000000000000000
0 0000000000000000 1 57c48e8afc2b973d 0 0000000000000000000000000000000000000000000000000000000000000000
0 0000000000000000 1 350b2374a1e5c685 0 0000000000000000000000000000000000000000000000000000000000000000
0 0000000000000000 1 35bb0f996b56c49f 0 0000000000000000000000000000000000000000000000000000000000000000
0 0000000000000000 1 33ac8a13b1f2978d 0 0000000000000000000000000000000000000000000000000000000000000000
0 0000000000000000 1 8e79acc193ecf431 0 0000000000000000000000000000000000000000000000000000000000000000
0 0000000000000000 1 e7a9d2db06641b3e 0 0000000000000000000000000000000000000000000000000000000000000000
0 0000000000000000 1 e96578f14c064e30 0 0000000000000000000000000000000000000000000000000000000000000000
0 0000000000000000 1 4acdfb3277678fc3 0 0000000000000000000000000000000000000000000000000000000000000000
0 0000000000000000 1 c19deb91537fcfb8 1 ffffce51ffff9cc8ffffba40ffffdee2000014acffffc1e0ffff947b0000223a
0 0000000000000000 1 3bee0b1c237619c5 1 ffffaf4a00000660fffff006ffffc5c9ffffee330000098500000254ffff9c7f
0 0000000000000000 1 03f46b6f82e13e2a 1 000009100000039c00004c0effffc3c9ffffddf90000247dffffe7b5ffffb77d
0 0000000000000000 1 98be738f65d566b0 1 00003d8f00000d2affffe4ad00001fb600000e6e00006578fffff594ffffda7b
0 0000000000000000 1 a15ebbd8c67a08e1 1 00002fe300001aee00004f6affffc8f0ffffc441ffff969ffffff4ca0000afec
0 0000000000000000 1 3e679fd28fa5cb26 1 000031ac0000234c00003c1effffae9fffffcb07ffff83e40000037f00003a8f
0 0000000000000000 1 2bffa246e52186b0 1 ffff9170ffff8d64ffffa98700003b6a00007abf00000d0200002b03ffffc1eb
0 0000000000000000 1 1b34598eafb632ca 1 00000bd000002c1f0000420fffff9c82ffffa744ffff9367ffffce6f00007a91
0 0000000000000000 1 242b1323bcd1f8b5 1 fffff970ffffe8cfffffe969ffffe88c0000506c000047ea00006868ffffda43
0 0000000000000000 1 94039accd3d0c075 1 ffffac99ffffe06900002096ffffda320000127bffffdbdd0000147b00003d13
0 0000000000000000 1 7c983cb8ab36c2d8 1 ffffa4feffffebfdffffdbd6000054e3ffffd4700000022dffffb21dffffc72b
0 0000000000000000 1 256af479f0a52e8a 1 ffffdab4ffffdb8c000038040000236900003525000025b30000434bffffbac3
0 0000000000000000 1 fae3cabb9c079087 1 0000536a00002f92ffffd9030000050cffffdc7a00001b9dffffe790ffffd5d8
0 0000000000000000 1 d358487661d008aa 1 00002a0000001939fffff01f000021d1000029e4ffffe3fa000075550000092a
0 0000000000000000 1 38b392a10bc31fa2 1 ffffdddaffffe20f000021c9000023f80000504600005f1500008136ffffc574
0 0000000000000000 1 94b4ae3d04f279d7 1 000018100000313500003f40ffffcb65ffffeaac000004c600003e9affffd07a
0 0000000000000000 1 d4c1487a3db57896 1 000020ea00000c0600006cb7ffffa61dffffadb8ffff9a66ffffa4d400006406
0 0000000000000000 1 f0e8963905b1dd30 1 00003797000003df00001e8bffffc3ed000025bf000096c50000252a00000246
0 0000000000000000 0 0000000000000000 1 ffffc173000026ca00002da800002e62ffffbdb90000169a000007d8ffff9409
0 0000000000000000 0 0000000000000000 1 ffffa11bffffcdafffff96b000000eeefffff62dffffd387ffff961efffff307
0 0000000000000000 0 0000000000000000 1 ffffdd690000122b000000480000173effffef50ffffbad400001eca00002262
0 0000000000000000 0 0000000000000000 1 ffffdf6bffffde43fffff092ffff836fffffe75600001f1fffff9aca00000f4a
0 0000000000000000 0 0000000000000000 1 fffffcee000018bc00000e8dffffb4eeffffc363ffffd48fffffc47a00003576
0 0000000000000000 0 0000000000000000 1 ffffafa9ffffb1c1ffffc064000093d5000035aa00000198ffffeadafffff3d8
0 0000000000000000 0 0000000000000000 1 ffffbe07ffffa3f100002c93ffff86a800003292ffffd6b6fffffae900003040
0 0000000000000000 0 0000000000000000 1 00003b30000073f20000044dffffb39effff8919ffffdf4affffc45c00002abc
0 0000000000000000 0 0000000000000000 1 ffff9892ffffccfe00001287ffffdbef00000782fffff24dfffff65400002a84
0 0000000000000000 0 0000000000000000 1 00007cf700007997fffff3000000075cffffab9bfffff01d000002e400003990
0 0000000000000000 0 0000000000000000 1 ffffc1a6ffffdecdffffeda8ffffbc8d0000408e0000683200001d69ffffda5e
0 0000000000000000 0 0000000000000000 1 00000f2e00003a8e00007488fffff908ffffe46600004a4000002cc1ffffeb89
0 0000000000000000 0 0000000000000000 1 000078090000651b000068d9ffffa088ffffc503000023bd000013e70000527c
0 0000000000000000 0 0000000000000000 1 fffff371fffff3ddffffd5be00004fa700001be7ffffedf70000031300001ad7
0 0000000000000000 0 0000000000000000 0 0000000000000000000000000000000000000000000000000000000000000000
0 0000000000000000 0 0000000000000000 0 0000000000000000000000000000000000000000000000000000000000000000
0 0000000000000000 0 0000000000000000 0 0000000000000000000000000000000000000000000000000000000000000000
0 0000000000000000 0 0000000000000000 0 0000000000000000000000000000000000000000000000000000000000000000
1 01fe558e8b74eab6 0 0000000000000000 0 0000000000000000000000000000000000000000000000000000000000000000
1 1281ccfea2f211a4 0 0000000000000000 0 0000000000000000000000000000000000000000000000000000000000000000
1 56a7a4b1b29280ba 0 0000000000000000 0 0000000000000000000000000000000000000000000000000000000000000000
1 07cdadfc2a6e4d26 0 0000000000000000 0 0000000000000000000000000000000000000000000000000000000000000000
1 cc1363068253758b 0 0000000000000000 0 0000000000000000000000000000000000000000000000000000000000000000
1 27e9295375b9be2c 0 0000000000000000 0 0000000000000000000000000000000000000000000000000000000000000000
1 691a76f4af093795 0 0000000000000000 0 0000000000000000000000000000000000000000000000000000000000000000
1 3031ca723db719c9 0 0000000000000000 0 0000000000000000000000000000000000000000000000000000000000000000
0 0000000000000000 1 134410b6f2dc343f 0 0000000000000000000000000000000000000000000000000000000000000000
0 0000000000000000 1 4fae85fb382fa481 0 0000000000000000000000000000000000000000000000000000000000000000
0 0000000000000000 1 2ae0e4f03bd44d1c 0 0000000000000000000000000000000000000000000000000000000000000000
0 0000000000000000 1 d2990d3e3979f555 0 0000000000000000000000000000000000000000000000000000000000000000
0 0000000000000000 1 8b749acefe7a2cf2 0 0000000000000000000000000000000000000000000000000000000000000000
0 0000000000000000 1 3af7cb2411a5687a 0 0000000000000000000000000000000000000000000000000000000000000000
0 0000000000000000 1 027b98840c0cf566 0 0000000000000000000000000000000000000000000000000000000000000000
0 0000000000000000 1 317649285bb1179e 0 0000000000000000000000000000000000000000000000000000000000000000
0 0000000000000000 1 e694d5e236f12a1b 0 0000000000000000000000000000000000000000000000000000000000000000
0 0000000000000000 1 e1bf599e18951787 0 0000000000000000000000000000000000000000000000000000000000000000
0 0000000000000000 1 85eb11decb6ffcd0 0 0000000000000000000000000000000000000000000000000000000000000000
0 0000000000000000 1 5a8af7da9a321472 0 0000000000000000000000000000000000000000000000000000000000000000
0 0000000000000000 1 2fecf49feb7f6259 0 0000000000000000000000000000000000000000000000000000000000000000
0 0000000000000000 1 17e11a0eeaaf8666 0 0000000000000000000000000000000000000000000000000000000000000000
0 0000000000000000 1 084ea8ed545d6070 1 000026b5fffffad500000a3d000000d8ffffc254ffffd387fffff8d5ffffafa7
0 0000000000000000 1 39ecbabbc31e5ceb 1 ffff8f530000321a00006647ffffdfce0000176d0000811600001d12000057bf
0 0000000000000000 1 51aa454a2f086734 1 00000637000031fb0000510dfffff26affffbb9f000033fe00003d0affffbbea
0 0000000000000000 1 1d8b4544cc93295b 1 000010ec00002b19ffffff4c00005f3e00007409ffffde2400000a0e0000250b
0 0000000000000000 1 411bccde4e53cf18 1 0000067bffffeb7800002075000072aa0000493dffffbe0a00001d700000131a
0 0000000000000000 1 ce3daaa853659433 1 00001efd00003a9e00002aaa00000a62ffffc90f000040a20000613cffffa937
0 0000000000000000 1 05913b12915c03bd 1 fffff0550000120b0000213c0000524afffff8a1ffffd4ad000020b0ffffc883
0 0000000000000000 1 e8273b0a31503edf 1 fffffaa5ffffa129000006e9ffff8de8ffff3f13000051bd0000247cffff8dae
0 0000000000000000 1 c68eab1eb344b8cf 1 fffff2130000597f000046a10000209e0000136e00000f2800002fbf00000305
0 0000000000000000 1 b9899b10af716fa8 1 fffff41900000ba400001ef8ffff9b4affff9a04ffffededffffd40dffffec76
0 0000000000000000 1 dac316379834d041 1 000013dcfffff4beffffe5e700003fc8000077d0ffff9114ffffbc10000058b1
0 0000000000000000 1 388394e167a24a49 1 00002de8000050530000172400001bdd00005c98ffffd408ffffbd6c00002392
0 0000000000000000 1 eeaaa481e2955026 1 0000489700002f1200005e0c00003c2b0000202fffffb1e7ffffd6ddffffd1d4
0 0000000000000000 1 08476f27592b0dcb 1 ffffe03e00001026ffff9cd20000061f00001ff6fffff4ebffffedc1000018ac
0 0000000000000000 1 fcb3a1013897f4d2 1 000020ea000018b000005c9a000064c7fffff4df000001e3000058c1ffffa04e
0 0000000000000000 1 1a9495c2e156e75e 1 0000182c00002da900006291fffff816000000ec0000087afffff61ffffffeb4
0 0000000000000000 1 4eda829941689bee 1 00003f2400001a7c0000338affffdc2dffffca0000002d5e000015b6ffffb548
0 0000000000000000 1 42c6c21ee4b44743 1 00002cc300002fccffffccb0ffffdfb000000454000007f9fffffdb9fffff93c
0 0000000000000000 0 0000000000000000 1 ffffdcf5000008e600003d9e00001d25fffff76900001d6a0000120cffffe69f
0 0000000000000000 0 0000000000000000 1 ffffc09700000d700000122e0000702b00003fdaffffd1b50000128d00001098
0 0000000000000000 0 0000000000000000 1 000025c2000001e8fffff07effffe96700006737ffffcc6dffff8fc4000068ab
0 0000000000000000 0 0000000000000000 1 00002c38ffffd2c400001af700000181ffffdd47ffffe33afffff607ffffcece
0 0000000000000000 0 0000000000000000 1 ffffcf4e00003411ffffeefb000036470000b345fffffcfcffffe7f60000acee
0 0000000000000000 0 0000000000000000 1 0000148f000045c800005835000035d0000090f7fffffc010000029d00007a3c
0 0000000000000000 0 0000000000000000 1 00001a0100000721ffffa24f0000375e000093b7ffffbbefffffc3db0000619f
0 0000000000000000 0 0000000000000000 1 ffffdb1900008ee00000885600000ad4ffffcc7300006a8c00007de6ffffc7d2
0 0000000000000000 0 0000000000000000 1 fffff53c00007ae0000055da000010d7fffffc9bfffff96f00002669fffffc22
0 0000000000000000 0 0000000000000000 1 00001b3fffffa846fffffa2dffffd0d6ffff9df50000014efffff377ffffb047
0 0000000000000000 0 0000000000000000 1 ffffb1c400004aa000003924ffffeb08ffffe87f0000679f000058a000001a36
0 0000000000000000 0 0000000000000000 1 ffffeda300006c5a00003b8f00005d7100008713ffffe770fffff8ea0000468e
0 0000000000000000 0 0000000000000000 1 ffffa6540000405800006f540000260400002b010000291e0000023b00002c86
0 0000000000000000 0 0000000000000000 1 00000bf70000449f000029d8fffff6f0fffff37e0000440000003b18ffffead6
0 0000000000000000 0 0000000000000000 0 0000000000000000000000000000000000000000000000000000000000000000
0 0000000000000000 0 0000000000000000 0 0000000000000000000000000000000000000000000000000000000000000000
0 0000000000000000 0 0000000000000000 0 0000000000000000000000000000000000000000000000000000000000000000
0 0000000000000000 0 0000000000000000 0 0000000000000000000000000000000000000000000000000000000000000000
1 f3185e55a76e28eb 0 0000000000000000 0 0000000000000000000000000000000000000000000000000000000000000000
1 9fbe1e3d023ef9cc 0 0000000000000000 0 0000000000000000000000000000000000000000000000000000000000000000
1 752ed846a73ed589 0 0000000000000000 0 0000000000000000000000000000000000000000000000000000000000000000
1 c0ba7a3e7b994e30 0 0000000000000000 0 0000000000000000000000000000000000000000000000000000000000000000
1 a417478bdf072cba 0 0000000000000000 0 0000000000000000000000000000000000000000000000000000000000000000
1 bf6e042ce276d1ba 0 0000000000000000 0 0000000000000000000000000000000000000000000000000000000000000000
1 d2dc695fdc424352 0 0000000000000000 0 0000000000000000000000000000000000000000000000000000000000000000
1 1d2ad548f7478885 0 0000000000000000 0 0000000000000000000000000000000000000000000000000000000000000000
0 0000000000000000 1 032e1b217bd4d7e4 0 0000000000000000000000000000000000000000000000000000000000000000
0 0000000000000000 1 74ecd4e43314be39 0 0000000000000000000000000000000000000000000000000000000000000000
0 0000000000000000 1 da3f151497fa4205 0 0000000000000000000000000000000000000000000000000000000000000000
0 0000000000000000 1 355e37b73feac3ff 0 0000000000000000000000000000000000000000000000000000000000000000
0 0000000000000000 1 29737a90ba056aed 0 0000000000000000000000000000000000000000000000000000000000000000
0 0000000000000000 1 7fa7dce2f87dedbd 0 0000000000000000000000000000000000000000000000000000000000000000
0 0000000000000000 1 3cc1d8fd80928fea 0 0000000000000000000000000000000000000000000000000000000000000000
0 0000000000000000 1 063dc1520a131230 0 0000000000000000000000000000000000000000000000000000000000000000
0 0000000000000000 1 6114911ab959e546 0 0000000000000000000000000000000000000000000000000000000000000000
0 0000000000000000 1 d61953e00588663f 0 0000000000000000000000000000000000000000000000000000000000000000
0 0000000000000000 1 a11dfc3f53f02f40 0 0000000000000000000000000000000000000000000000000000000000000000
0 0000000000000000 1 27ec7125166cfd49 0 0000000000000000000000000000000000000000000000000000000000000000
0 0000000000000000 1 ab1168fe5101fab4 0 0000000000000000000000000000000000000000000000000000000000000000
0 0000000000000000 1 cfbfa91fa92b7ead 0 0000000000000000000000000000000000000000000000000000000000000000
0 0000000000000000 1 8f937e55ad68304d 1 ffffd5acffffe99100002750ffffc477000001d6ffffe27000002458ffffdac4
0 0000000000000000 1 31b07cca300a29d4 1 ffffef7d00002f9700000b98fffff29bffffd7b800003704ffffeaa2ffffc5cf
0 0000000000000000 1 5d82bee882204f91 1 00000a9fffffd607fffffcb2000055d6000014cb000008bcfffff8e400002166
0 0000000000000000 1 b1b1bedebbcdf843 1 fffffedf00000f33ffffeb5fffffedddffffbb2f00003fcfffffe59affffa309
0 0000000000000000 1 e47efcf9f18fff03 1 000028ca00000494ffffef6d00007218ffff8c9e00008e87ffffe458ffffd46c
0 0000000000000000 1 385dab77f8697021 1 fffff1480000514200001eba00000319ffffc8aa000046490000154b00000ce2
0 0000000000000000 1 9b8af674380aaebb 1 00005f09ffffe104ffffc399fffff0b80000252bffffa89bfffffbd60000415c
0 0000000000000000 1 f1c3283d016814a1 1 ffffb113ffffdd8000003caa00002609000033f5fffffc1600000f470000068d
0 0000000000000000 1 933d0f6ad3a34a04 1 ffffc9f70000180700001a90000046550000119300003cb7ffffe4c1fffffd40
0 0000000000000000 1 690b33ba20ffe7f4 1 00003813ffffd629fffff60e0000279effffdf6d00000994fffff51efffff3a2
0 0000000000000000 1 8c0cd3e8777cd8a7 1 ffffcd4cffffe22500001e76fffff04a00002f3bffffdca6000003bcffffed8f
0 0000000000000000 1 d4b44ea102d7d96c 1 0000157900004fc80000064000004bf8ffffcb2400005e40ffffcbe2ffff8bb1
0 0000000000000000 1 6282f27224b5dff4 1 00000903000002f7fffff25dffffc755fffff186ffffe5a300000ff8ffffdef9
0 0000000000000000 1 f07636567fe78427 1 ffffdfe9ffffdf6100002cec000016870000350bffffd4910000433700009bbf
0 0000000000000000 1 12a6721acd216567 1 000056e500003c05ffffcfea000056d300001886000000c3ffffbd2bffffd96a
0 0000000000000000 1 65a4a7ae84ae75bc 1 000041db000039e40000012f000000a8ffff9db5000039ba00000a55ffffdae1
0 0000000000000000 1 f4505104c579f110 1 00001d3e00000904000022dc0000262effffef6200000401000042ed0000947c
0 0000000000000000 1 bbb87b93a1dfc748 1 00003b0efffffa67ffffb160ffffdf4f00002f19ffffbfbeffffd28c00002ce4
0 0000000000000000 0 0000000000000000 1 fffff434ffffacd1fffffaef000005d8000017f5ffffe0690000073800000a7d
0 0000000000000000 0 0000000000000000 1 ffff6d26ffffdf8600008d45000076e1000027cd00004054000031ef00001fd6
0 0000000000000000 0 0000000000000000 1 00000086fffffcfaffffff93ffff91ff000062f8ffff64cb00002b2400002f7e
0 0000000000000000 0 0000000000000000 1 fffff1c900001f350000243a000004510000085afffff6b300002a0900001dce
0 0000000000000000 0 0000000000000000 1 fffff5b8ffff960300001f0b0000294900005a3dffffa103000025e9000044f8
0 0000000000000000 0 0000000000000000 1 000017320000274effffff2300000707ffffa82600004ef0fffff6faffffc59a
0 0000000000000000 0 0000000000000000 1 ffffa5a200002781fffff3e4ffff81470000176bffffe93c00000abbfffff300
0 0000000000000000 0 0000000000000000 1 0000775d00003d3affff8b41ffffe58bffffcc2d000014dbffff9c32ffffa742
0 0000000000000000 0 0000000000000000 1 0000128bffffedaa00004b07ffffed55000021ccffffacea000048ca0000334c
0 0000000000000000 0 0000000000000000 1 ffffcab0ffffeac5000011ecffffd90300001fa8ffffe2fafffff317ffff8a05
0 0000000000000000 0 0000000000000000 1 000052420000328f000001230000756effffcec800004782ffffd560ffffd479
0 0000000000000000 0 0000000000000000 1 00002e36ffffdda2000018df0000224affffdf3e000002ac000040800000a2e0
0 0000000000000000 0 0000000000000000 1 0000014e00002b23ffffe2e8000054e4ffffe588000056f5ffffc3c5ffffae63
0 0000000000000000 0 0000000000000000 1 0000af2b00003d1dffff58ba00000403ffffcde400000e06ffff8661ffffb4d2
0 0000000000000000 0 0000000000000000 0 0000000000000000000000000000000000000000000000000000000000000000
0 0000000000000000 0 0000000000000000 0 0000000000000000000000000000000000000000000000000000000000000000
0 0000000000000000 0 0000000000000000 0 0000000000000000000000000000000000000000000000000000000000000000
0 0000000000000000 0 0000000000000000 0 0000000000000000000000000000000000000000000000000000000000000000
1 bfbaa7023effc2dd 0 0000000000000000 0 0000000000000000000000000000000000000000000000000000000000000000
1 a17188594cf7bc8a 0 0000000000000000 0 0000000000000000000000000000000000000000000000000000000000000000
1 ac1692bf3f5f01ed 0 0000000000000000 0 0000000000000000000000000000000000000000000000000000000000000000
1 a64f6acd997f033a 0 0000000000000000 0 0000000000000000000000000000000000000000000000000000000000000000
1 213f460767551747 0 0000000000000000 0 0000000000000000000000000000000000000000000000000000000000000000
1 e2081687867591da 0 0000000000000000 0 0000000000000000000000000000000000000000000000000000000000000000
1 504dbc6a046b1ea7 0 0000000000000000 0 0000000000000000000000000000000000000000000000000000000000000000
1 4939d6c005d21295 0 0000000000000000 0 0000000000000000000000000000000000000000000000000000000000000000
0 0000000000000000 1 e871a934687d8e2f 0 0000000000000000000000000000000000000000000000000000000000000000
0 0000000000000000 1 7f325f8edee28e97 0 0000000000000000000000000000000000000000000000000000000000000000
0 0000000000000000 1 8fe6c54405e59f2e 0 0000000000000000000000000000000000000000000000000000000000000000
0 0000000000000000 1 64db2d46ea7896fb 0 0000000000000000000000000000000000000000000000000000000000000000
0 0000000000000000 1 175ec5c4a9ae1ce3 0 0000000000000000000000000000000000000000000000000000000000000000
0 0000000000000000 1 a039d50eace2e74b 0 0000000000000000000000000000000000000000000000000000000000000000
0 0000000000000000 1 162fb23c69951615 0 0000000000000000000000000000000000000000000000000000000000000000
0 0000000000000000 1 29135f7ec9c56691 0 0000000000000000000000000000000000000000000000000000000000000000
0 0000000000000000 1 6facdd8960929a97 0 0000000000000000000000000000000000000000000000000000000000000000
0 0000000000000000 1 01d14ee6719606aa 0 0000000000000000000000000000000000000000000000000000000000000000
0 0000000000000000 1 d3f4a809df60670c 0 0000000000000000000000000000000000000000000000000000000000000000
0 0000000000000000 1 3e9a1fd82a3edfac 0 0000000000000000000000000000000000000000000000000000000000000000
0 0000000000000000 1 4e27b3974e945c7d 0 0000000000000000000000000000000000000000000000000000000000000000
0 0000000000000000 1 307aac761846d104 0 0000000000000000000000000000000000000000000000000000000000000000
0 0000000000000000 1 8b09a31dca072224 1 ffffcef6000046b000004c0affffbfa3ffffded000001933ffffb128ffffffb6
0 0000000000000000 1 8d3b33030bb96f33 1 ffff93acffff955bffff88050000094300006fa2ffffb2aaffffc83500000541
0 0000000000000000 1 90285bed3a180e40 1 00001468000010ca00007a3fffffd0bfffffc14cffffd1b5000026dd0000431c
0 0000000000000000 1 7ace2c416c54df83 1 ffff9984ffffcb2200001980ffff7696ffffb85a00003878ffffafd300001eee
0 0000000000000000 1 c37b74fe632329d0 1 fffffe9bfffff59cffffaaef0000730400002f0bffff977ffffffd82ffffbebe
0 0000000000000000 1 fa5544c410b8650a 1 000012ac0000279bffffffb8000009faffffd708ffffb3d500000fe9ffffcfb7
0 0000000000000000 1 17e51c0ec9dcc0d6 1 0000146900003c55000026e8000051ab000045f0fffff67700002a780000174a
0 0000000000000000 1 ee10b915abbd50b8 1 ffffa31e000022cfffffd73300003612fffff9ab0000724900000ba900000b92
0 0000000000000000 1 1bc1f1b6f4b93272 1 000013c2ffff72f800001bab00002ae40000809dffff905500001ee20000797b
0 0000000000000000 1 deacc6ac1c8be524 1 00000513fffff0d000000bb500002e3800006e57000018bb00003f0300005ac8
0 0000000000000000 1 1162ccf1e80756ac 1 00003db200001ec1000020b500000966ffff9f1400002e38ffffee2cffffd407
0 0000000000000000 1 d4896fa3105c0521 1 fffff5e2ffffa7fd000023bcffffc84dfffff9a700002696ffffead900004c34
0 0000000000000000 1 ee0b3d6277da8a20 1 0000730200001c31ffffa750000072a900008c7fffffa63100002aa0ffffa2b8
0 0000000000000000 1 8b0cf35d5aa77cba 1 ffffa5f6000040c50000237cfffff3b8ffffd35600002a7dffffb39affffed1b
0 0000000000000000 1 716cbb4e4b7c1413 1 00003bcc00002a1800003b5300001458ffffabf4ffffe5070000188dffffee70
0 0000000000000000 1 aadd2a8d0f711b68 1 0000307c00006c07ffffceb50000492300002a0000001b3900003cc8ffffc31b
0 0000000000000000 1 728d35f46690e204 1 000011b4000053b9ffffe8ecffffe5c000001c2800002ff400001194ffffdeb9
0 0000000000000000 1 1a7695555f30afb2 1 ffffa469ffffd7db0000370effffc449ffffffd8000084c6ffffc94b00006308
0 0000000000000000 0 0000000000000000 1 ffffc44500006b6dffffc3f100001c5f000049f300007099ffffe9aeffffe2a7
0 0000000000000000 0 0000000000000000 1 00000dad00003cc8ffff85e6000061fb00006b2e00000554000017a2ffffaed5
0 0000000000000000 0 0000000000000000 1 ffffd339ffffc9420000042fffffec68fffff805ffffdc47000002170000284a
0 0000000000000000 0 0000000000000000 1 00000fe9fffffd62ffffff86000063bcffffe40bffffe31c000019cefffff9c4
0 0000000000000000 0 0000000000000000 1 0000665effffe7efffffd2950000164b00002defffffb3d0000034daffffcfe0
0 0000000000000000 0 0000000000000000 1 00006b84ffffc87100002834000025e1000035a8ffff85f6000051f30000301d
0 0000000000000000 0 0000000000000000 1 ffffeca900001efdffffcd430000670a00000d2900001005ffffe074ffffce7b
0 0000000000000000 0 0000000000000000 1 000035dcffffd402fffff66affff9b67ffffee1100002aee00000610000006cf
0 0000000000000000 0 0000000000000000 1 ffffc21000002cfe000046d6ffffbd0700002742000026030000126a0000515c
0 0000000000000000 0 0000000000000000 1 000025a5000069f300004aa70000656700000dce00005ef600005279000038d2
0 0000000000000000 0 0000000000000000 1 ffffbd410000437efffffac5fffff362ffffeed500005f5fffff9d3effffc910
0 0000000000000000 0 0000000000000000 1 0000584200000eb0ffffe238ffffbb96ffffec0600000953fffff7c5ffffbd40
0 0000000000000000 0 0000000000000000 1 00001299ffffbc6300000c1cfffff8260000695dfffff2bc0000397f00005471
0 0000000000000000 0 0000000000000000 1 ffffa9e700002d290000513c00001155fffff95b00001fdaffffbfaf0000313d
0 0000000000000000 0 0000000000000000 0 0000000000000000000000000000000000000000000000000000000000000000
0 0000000000000000 0 0000000000000000 0 0000000000000000000000000000000000000000000000000000000000000000
0 0000000000000000 0 0000000000000000 0 0000000000000000000000000000000000000000000000000000000000000000
0 0000000000000000 0 0000000000000000 0 0000000000000000000000000000000000000000000000000000000000000000
1 8c623bbb450aeaa6 0 0000000000000000 0 0000000000000000000000000000000000000000000000000000000000000000
1 b6f321f336290e07 0 0000000000000000 0 0000000000000000000000000000000000000000000000000000000000000000
1 7ed6f703892da86f 0 0000000000000000 0 0000000000000000000000000000000000000000000000000000000000000000
1 48716235f331754e 0 0000000000000000 0 0000000000000000000000000000000000000000000000000000000000000000
1 9e62bd87bbb5ad04 0 0000000000000000 0 0000000000000000000000000000000000000000000000000000000000000000
1 be64fd695320bdea 0 0000000000000000 0 0000000000000000000000000000000000000000000000000000000000000000
1 c4b5e6d428f185b9 0 0000000000000000 0 0000000000000000000000000000000000000000000000000000000000000000
1 7b383d143733ddac 0 0000000000000000 0 0000000000000000000000000000000000000000000000000000000000000000
0 0000000000000000 1 4222ddc1f66185a5 0 0000000000000000000000000000000000000000000000000000000000000000
0 0000000000000000 1 fb1b53605a193a46 0 0000000000000000000000000000000000000000000000000000000000000000
0 0000000000000000 1 c8973b94777f64e8 0 0000000000000000000000000000000000000000000000000000000000000000
0 0000000000000000 1 59f81e70ea6027fa 0 0000000000000000000000000000000000000000000000000000000000000000
0 0000000000000000 1 dee71883e2e45237 0 0000000000000000000000000000000000000000000000000000000000000000
0 0000000000000000 1 8b6d4466dee7fda0 0 0000000000000000000000000000000000000000000000000000000000000000
0 0000000000000000 1 c499533df5379650 0 0000000000000000000000000000000000000000000000000000000000000000
0 0000000000000000 1 a4c819c4521509ea 0 0000000000000000000000000000000000000000000000000000000000000000
0 0000000000000000 1 ffae002d2f73e5c0 0 0000000000000000000000000000000000000000000000000000000000000000
0 0000000000000000 1 037d224c86d397e7 0 0000000000000000000000000000000000000000000000000000000000000000
0 0000000000000000 1 3257557a6b129317 0 0000000000000000000000000000000000000000000000000000000000000000
0 0000000000000000 1 048cacb0b66bd595 0 0000000000000000000000000000000000000000000000000000000000000000
0 0000000000000000 1 719348d9760d7576 0 0000000000000000000000000000000000000000000000000000000000000000
0 0000000000000000 1 d28b5fbde035739f 0 0000000000000000000000000000000000000000000000000000000000000000
0 0000000000000000 1 097c0a11a91066f0 1 ffff913f000033aafffff4ff00001993000027cefffff9f200001cd2fffffed6
0 0000000000000000 1 d03cf6ceef390f07 1 00002974000044030000171afffff00affffe0d700001866ffffc81700001bf0
0 0000000000000000 1 c960c80972785a3a 1 ffffc520fffff329ffff89a2ffffe78affffd863ffffc511ffff44d8ffffec94
0 0000000000000000 1 8a6855aaa2c96ee7 1 ffffebe600005f5500003c8b00002a8f00002c8700002bdffffffce1fffffe2f
0 0000000000000000 1 dc8e62614ab6fe92 1 00001933ffff96baffffd134ffffe9bc00000464fffff267ffffa250ffffc8bd
0 0000000000000000 1 074244a37f73c595 1 000039b4ffffc4a400000a5d00002ebfffffbea2000020400000476400008aa0
0 0000000000000000 1 fc46cfd952d8d8e2 1 0000a84800003d66000019640000573bffffc5d8000027ac00001c090000471a
0 0000000000000000 1 aa23487d698593b9 1 000003d2ffffe12fffffafdeffffee1affffc034ffffd20affffbf6e00001b92
0 0000000000000000 1 f06956e45e8dc5ed 1 ffffdcc000005078ffffec4500002658fffff2ccfffff0e1fffff88e00001f29
0 0000000000000000 1 5ea902d21fe776b8 1 00004785ffffefc8000051de0000404700000407000047f3000086d300004f8c
0 0000000000000000 1 ce9858c45d6f56e0 1 0000135700008b96000036cafffff1b3ffffcf070000240d000024d3000051a3
0 0000000000000000 1 35b1468ee6d2dea2 1 ffffb749fffff48dffffd3480000412900002ca6ffffdfc2000010e7ffffe34f
0 0000000000000000 1 9e3ba65e45a78b6b 1 fffff18600003d8dffffebbbffffa284fffff805ffffe7dbffff53bfffffa230
0 0000000000000000 1 2fd413d933ff856c 1 0000079bffff98b7ffffae4a00000f1affffc91affffe547ffff90ca00001ca1
0 0000000000000000 1 5c9ec2c47dc726c0 1 ffffdf5effffc693000020a0000017d10000403500002b8cfffff38affffeff8
0 0000000000000000 1 fee51da2cdba4346 1 ffffe915ffffe30bffffedcf00001cce000021d100000907ffffe26cfffff353
0 0000000000000000 1 b87af33dcfb9b9fb 1 ffffa05600004011ffffea8dfffffb8e000041b4fffff8fdffffa9cdffffcbe6
0 0000000000000000 1 3dc51023029188f0 1 0000356dffff3a7affffd66b00000abaffffe64f000013c4ffffc6be000023ef
0 0000000000000000 0 0000000000000000 1 00003f26fffffab1ffffde30ffffdb25ffff67e3ffffdb67000012e100007dc0
0 0000000000000000 0 0000000000000000 1 ffff7d370000228affffae0affffdd3affffd7c5ffffdc4effffa4d500002c11
0 0000000000000000 0 0000000000000000 1 ffffb060000006a9ffffe2d1ffffc23efffff6aeffffda5200000a65fffffbd9
0 0000000000000000 0 0000000000000000 1 0000526500001137fffffe20ffffd93cffff63ecfffff0ef000065e90000a63c
0 0000000000000000 0 0000000000000000 1 000009b7ffffde44ffffe651ffffa740ffff9f5cffffefb5fffffb5300004734
0 0000000000000000 0 0000000000000000 1 ffff9eeeffffe38dffffd3cfffffaec5fffffae6ffffcbd2ffffab18ffffc8f5
0 0000000000000000 0 0000000000000000 1 ffffeb68fffff7fcffffa302fffff7a8ffffc836ffffd897ffff64ca00000d2c
0 0000000000000000 0 0000000000000000 1 fffff1d4ffffb3f9ffffc854ffffd6deffffc175ffffdd09ffffdc9e000012a5
0 0000000000000000 0 0000000000000000 1 000054db0000411400002c880000012dffffec59000004a00000800e00001fc0
0 0000000000000000 0 0000000000000000 1 0000334200004eb000000e74fffff2c7fffff27300000452fffffd42ffffea30
0 0000000000000000 0 0000000000000000 1 ffff7a7000001856ffffc0a0ffff810affffe802ffffa2cbffffc982ffffc120
0 0000000000000000 0 0000000000000000 1 0000340cffff9f2cffffef19ffffe4230000019efffffeeaffffc2dcffffcb91
0 0000000000000000 0 0000000000000000 1 00003b6bffffe08400002a9e00001f8afffff34b000022c30000727900004444
0 0000000000000000 0 0000000000000000 1 0000376c00001c3c00001c71ffffdee4ffffc011fffff7d400005a4600002aa5
0 0000000000000000 0 0000000000000000 0 0000000000000000000000000000000000000000000000000000000000000000
0 0000000000000000 0 0000000000000000 0 0000000000000000000000000000000000000000000000000000000000000000
0 0000000000000000 0 0000000000000000 0 0000000000000000000000000000000000000000000000000000000000000000
0 0000000000000000 0 0000000000000000 0 0000000000000000000000000000000000000000000000000000000000000000
1 78e5032f7c9788e5 0 0000000000000000 0 0000000000000000000000000000000000000000000000000000000000000000
1 b9329a5f207ed50c 0 0000000000000000 0 0000000000000000000000000000000000000000000000000000000000000000
1 d99a5854c2e3f5f2 0 0000000000000000 0 0000000000000000000000000000000000000000000000000000000000000000
1 51cab74c947b13d8 0 0000000000000000 0 0000000000000000000000000000000000000000000000000000000000000000
1 ecff7481e7dfb5d8 0 0000000000000000 0 0000000000000000000000000000000000000000000000000000000000000000
1 d781d48ccbb6cdac 0 0000000000000000 0 0000000000000000000000000000000000000000000000000000000000000000
1 2982563a98906f90 0 0000000000000000 0 0000000000000000000000000000000000000000000000000000000000000000
1 2416991b31af4b5b 0 0000000000000000 0 0000000000000000000000000000000000000000000000000000000000000000
0 0000000000000000 1 b82e2dbf6a411ded 0 0000000000000000000000000000000000000000000000000000000000000000
0 0000000000000000 1 dab36e90dab14f39 0 0000000000000000000000000000000000000000000000000000000000000000
0 0000000000000000 1 314eaf7bc272879a 0 0000000000000000000000000000000000000000000000000000000000000000
0 0000000000000000 1 64d41a63a49b5269 0 0000000000000000000000000000000000000000000000000000000000000000
0 0000000000000000 1 bfedb4e4d5b6858b 0 0000000000000000000000000000000000000000000000000000000000000000
0 0000000000000000 1 c033853fb577ab73 0 0000000000000000000000000000000000000000000000000000000000000000
0 0000000000000000 1 84b2a788c645fbbb 0 0000000000000000000000000000000000000000000000000000000000000000
0 0000000000000000 1 a4f77c023ead9926 0 0000000000000000000000000000000000000000000000000000000000000000
0 0000000000000000 1 c047d3371233f356 0 0000000000000000000000000000000000000000000000000000000000000000
0 0000000000000000 1 001e5348f9b9e88c 0 0000000000000000000000000000000000000000000000000000000000000000
0 0000000000000000 1 dad0d96f89bb8bb1 0 0000000000000000000000000000000000000000000000000000000000000000
0 0000000000000000 1 e383ab303770ba8f 0 0000000000000000000000000000000000000000000000000000000000000000
0 0000000000000000 1 a671adc1976c5e4f 0 0000000000000000000000000000000000000000000000000000000000000000
0 0000000000000000 1 257f3cf473c6eac7 0 0000000000000000000000000000000000000000000000000000000000000000
0 0000000000000000 1 df9d0c47d78e2999 1 ffffa55affffdbcb00004514ffffb1d9ffffcc2cffffe8b7ffffee45ffffd81d
0 0000000000000000 1 52494b6747885d56 1 fffff3a3ffffe61f000063f300002ddafffff776ffff8e8d00005f8800001d71
0 0000000000000000 1 cfe361e4cc691b70 1 0000057500000adfffff7348fffff4cf00000d4c000092d1ffff91a5ffffe4a9
0 0000000000000000 1 19d75ea2b5ed9704 1 000089b4ffffe0bfffffd8620000a10300000b8effffd1e80000502300001377
0 0000000000000000 1 399577ba07b3d79a 1 ffffd49400007eb2fffff3a8ffffda6c00002b740000823bffffe694000039b8
0 0000000000000000 1 c90e3e9b41781540 1 ffffefe300002d68ffff2d6cffffd9ad000011d1000047a000001a7f000038c3
0 0000000000000000 1 97bce1b599e2b5f4 1 ffffb2130000152500001531ffff808fffffee92ffffe87200002f02fffffd1f
0 0000000000000000 1 1da6a27c81216942 1 ffffc269000035030000250800000893ffffefaf000045420000044d00004e4e
0 0000000000000000 1 61b5ca3b9c925347 1 ffffe70100000f5dffff9c3bfffff63fffffe6ff0000362200001c37000014a8
0 0000000000000000 1 17f99f8f04c57b4b 1 fffff994fffffab200002bb000004db7ffffd43400006c96ffffe08bffffeb46
0 0000000000000000 1 def5ca85e414d2eb 1 00001b1000004840ffffb40a000032d4fffffc870000a12e00000a86000032e3
0 0000000000000000 1 900b21f82b19293b 1 ffffffe0ffffe35a0000222effff54d6ffffccea000009faffffc3ecffffc376
0 0000000000000000 1 57a294c9be53ca55 1 ffffc041fffff147ffff850200000c41ffffee0afffff3dc00005f3ffffffd19
0 0000000000000000 1 5b7ea006f244892b 1 ffffd5f3000021c80000338000001c48000017220000405fffffa57bfffff712
0 0000000000000000 1 d1729b22f98adbd6 1 00002e2bfffff81200004f2b000034a4ffffba040000327400003b2dffffe85a
0 0000000000000000 1 0a2d819009e4fabd 1 00005004ffffe6df000011b9000092a0ffffefd1000000ed00001659fffff8be
0 0000000000000000 1 26b6ef479de7703a 1 ffffe0c2ffffa736ffffe6b5ffffffe8ffffd2c5ffffa67c00003c6e0000048d
0 0000000000000000 1 1205f0b63513042f 1 ffffe3ad000021790000082500000ec300004e8effffe596ffffdd8e0000464d
0 0000000000000000 0 0000000000000000 1 000006fefffff607000093d70000006500001b56ffffcc69ffffca93ffffff41
0 0000000000000000 0 0000000000000000 1 ffffad00ffffc48400002206ffffa658ffffe73bffff9d65fffffe2dffffeee1
0 0000000000000000 0 0000000000000000 1 ffffcdc900004d22ffffe6b6ffffe17c0000183b000023a20000388600004bc9
0 0000000000000000 0 0000000000000000 1 00007ad8ffffb8c7ffffaa07000038b2ffffccccffffd20c00006e43ffffdd07
0 0000000000000000 0 0000000000000000 1 00008ddf00000467ffffe08b0000738500002635ffffc7ad000051d4000014a2
0 0000000000000000 0 0000000000000000 1 00001f21000021da00001909fffffcc7000039a4ffff8ad00000481000000bca
0 0000000000000000 0 0000000000000000 1 ffffc91600003becfffffd5effffb7a200003c63ffffec26fffff519000023b7
0 0000000000000000 0 0000000000000000 1 ffffc864ffffe6d200000d27ffffe6d3ffffb7c5fffffa6500004220ffffffe3
0 0000000000000000 0 0000000000000000 1 00003d1200001410ffffb085ffffb13000006b38ffff8d1bffffebdb000025d6
0 0000000000000000 0 0000000000000000 1 0000016d00005095ffff60d8fffff37400007c6900003b0effff944e00002fd8
0 0000000000000000 0 0000000000000000 1 ffffec1c00008576ffffbb31000036c2000021b50000a7a7000006f500003395
0 0000000000000000 0 0000000000000000 1 ffffe18400005d030000044dffffc7690000530200000961ffffdd9c00000c17
0 0000000000000000 0 0000000000000000 1 00006539ffffbffcffffe991000056f3ffffdbc4ffffc0ab00006428ffffe9a6
0 0000000000000000 0 0000000000000000 1 fffff22400000d8000001101ffffcce700002ab3ffffbc64ffffee1c00000b37
0 0000000000000000 0 0000000000000000 0 0000000000000000000000000000000000000000000000000000000000000000
0 0000000000000000 0 0000000000000000 0 0000000000000000000000000000000000000000000000000000000000000000
0 0000000000000000 0 0000000000000000 0 0000000000000000000000000000000000000000000000000000000000000000
0 0000000000000000 0 0000000000000000 0 0000000000000000000000000000000000000000000000000000000000000000
1 ba4d5d501f7f6c25 0 0000000000000000 0 0000000000000000000000000000000000000000000000000000000000000000
1 b2fc5981d9d0b64a 0 0000000000000000 0 0000000000000000000000000000000000000000000000000000000000000000
1 4cb784be4506be27 0 0000000000000000 0 0000000000000000000000000000000000000000000000000000000000000000
1 4c20128c79f2c464 0 0000000000000000 0 0000000000000000000000000000000000000000000000000000000000000000
1 8c1a61e4912c2891 0 0000000000000000 0 0000000000000000000000000000000000000000000000000000000000000000
1 907df372e85bf422 0 0000000000000000 0 0000000000000000000000000000000000000000000000000000000000000000
1 d0c3beb244ba8f84 0 0000000000000000 0 0000000000000000000000000000000000000000000000000000000000000000
1 4a204caf1e3af485 0 0000000000000000 0 0000000000000000000000000000000000000000000000000000000000000000
0 0000000000000000 1 d12cac84ba341077 0 0000000000000000000000000000000000000000000000000000000000000000
0 0000000000000000 1 bcb77702238b0743 0 0000000000000000000000000000000000000000000000000000000000000000
0 0000000000000000 1 92a62f99c025e8bf 0 0000000000000000000000000000000000000000000000000000000000000000
0 0000000000000000 1 67d8d946e91b8786 0 0000000000000000000000000000000000000000000000000000000000000000
0 0000000000000000 1 f5d6a87ccae74fd9 0 0000000000000000000000000000000000000000000000000000000000000000
0 0000000000000000 1 58161017eccfa3e3 0 0000000000000000000000000000000000000000000000000000000000000000
0 0000000000000000 1 a5f9bf6347c527c6 0 0000000000000000000000000000000000000000000000000000000000000000
0 0000000000000000 1 3cec023aa3ee9a2c 0 0000000000000000000000000000000000000000000000000000000000000000
0 0000000000000000 1 86e72299d1933c92 0 0000000000000000000000000000000000000000000000000000000000000000
0 0000000000000000 1 6493db6a3ea9b89a 0 0000000000000000000000000000000000000000000000000000000000000000
0 0000000000000000 1 e6994740b2b86ae5 0 0000000000000000000000000000000000000000000000000000000000000000
0 0000000000000000 1 4596a08481d7a491 0 0000000000000000000000000000000000000000000000000000000000000000
0 0000000000000000 1 3565c0f0b15d5449 0 0000000000000000000000000000000000000000000000000000000000000000
0 0000000000000000 1 bf0e7d60f9b35938 0 0000000000000000000000000000000000000000000000000000000000000000
0 0000000000000000 1 cc30f485288a1ac3 1 ffffea10000016f90000203b00001d9dffffce0700000249fffff828ffffad06
0 0000000000000000 1 ea39373eb3c4bc4a 1 00008224ffff9c23ffffb9b5ffffa01e00002969ffffd853ffffddfdffffb1af
0 0000000000000000 1 80335e3d526ced79 1 00002766ffffcf34ffff73810000602fffffe6aaffffdb07fffff98a00000088
0 0000000000000000 1 4f1dd4b37d7ed92c 1 ffffeb4200004be8000020370000786000000225000040f2000066ef00009b83
0 0000000000000000 1 afb5bad0ce328a8a 1 000023d0fffffc8dffffed9cffffdef100005221ffffc8f8ffffd8d1000015de
0 0000000000000000 1 11e0b32ecd7d9862 1 0000145e0000110400002bc3000013eb000007a7000024a700003ed500005ba5
0 0000000000000000 1 cb0ba2e224c08c9d 1 000006acffffdd8200000594ffffaf5dfffffda1ffffaca8ffffd48dffffeff3
0 0000000000000000 1 2a9454b9bf0e771e 1 0000595c0000249c000016fd0000153000003a5700002dde00002e4200005c0d
0 0000000000000000 1 8cc7a68d7f771f3b 1 00002e6effff6f15ffff76e1fffff14fffffef29ffff7671ffffcb92ffffe1c7
0 0000000000000000 1 d1146f6555b2aeac 1 00001456000017ce00002800000037850000130a000027b100006cb800004029
0 0000000000000000 1 5ea1549820c7c446 1 000075bcffffa5d5ffff779dffffcc6200007f7effffba7affffbb2afffff42c
0 0000000000000000 1 6e07bd87018ba702 1 000008c40000096affffe2b90000d5dfffffd97c0000163e00008d7400003fc9
0 0000000000000000 1 b2036e8aceab0c79 1 ffffbb720000391c0000319afffff7920000169f000013c8ffffd436fffff7b3
0 0000000000000000 1 cd51749d8c29a49e 1 0000737affffa012ffffb265ffff4aa800006d85ffffb296ffff8269ffffe5fd
0 0000000000000000 1 d476249d0306e6d0 1 ffffe282ffffa048fffff74cffffe539ffffae7fffffaba6ffffff46ffffc42f
0 0000000000000000 1 382f902ea5debc79 1 000076aaffffe4e5000002eaffff9d9500003e67ffffe918ffffdadc000044b2
0 0000000000000000 1 d66d4af1735fbf83 1 0000139c0000163dfffffc65ffff9174fffffa5a00000ae6ffff9f31ffffdc3f
0 0000000000000000 1 8e191f4a33e815b8 1 ffff61e80000733e000076c3000060efffff8dae00007bd70000531dffffc74e
0 0000000000000000 0 0000000000000000 1 fffffec400001779ffffccf0000098b7ffffbbe2fffff5930000404400004f5f
0 0000000000000000 0 0000000000000000 1 00000c2600007e35000041d10000521e0000022d0000606c000034fa00002973
0 0000000000000000 0 0000000000000000 1 ffffeb26fffffa9d00002d660000320affff9c5effffdbcf0000463200003120
0 0000000000000000 0 0000000000000000 1 000022f8ffffd51fffff8ceb00002cd00000489e00000f00ffffeb2dffffade7
0 0000000000000000 0 0000000000000000 1 ffff91dc000030480000192700004e54ffff78f300001a5700000f83ffff5180
0 0000000000000000 0 0000000000000000 1 00003866ffffca1cffffe796ffffa48a000007c0ffffd849ffffeb2c00005837
0 0000000000000000 0 0000000000000000 1 0000273afffff7450000046400004539ffffef130000599b000064b6ffffbc48
0 0000000000000000 0 0000000000000000 1 ffffebfa000001630000603300004d47ffffb422000029ad000086d9fffff2a0
0 0000000000000000 0 0000000000000000 1 00006e9cffff980fffffb954ffffb4ec00000afdffffd319ffffcebaffffa2b3
0 0000000000000000 0 0000000000000000 1 000011dcffffd3daffff9713000030d1ffffe87dffffdd3cffffe58600008e6f
0 0000000000000000 0 0000000000000000 1 ffffc864ffffddb6fffff9edfffff4beffffb536ffffd930ffffe72a00001db7
0 0000000000000000 0 0000000000000000 1 0000369c00003b48000072deffffeb7600001df00000201c000027da00002054
0 0000000000000000 0 0000000000000000 1 ffff862c0000149e000004230000099affff9c7b00000445ffffef4700005526
0 0000000000000000 0 0000000000000000 1 0000115effffc930ffffcf38ffffa691000002ffffffa99effffb28b00001780
0 0000000000000000 0 0000000000000000 0 0000000000000000000000000000000000000000000000000000000000000000
0 0000000000000000 0 0000000000000000 0 0000000000000000000000000000000000000000000000000000000000000000
0 0000000000000000 0 0000000000000000 0 0000000000000000000000000000000000000000000000000000000000000000
0 0000000000000000 0 0000000000000000 0 0000000000000000000000000000000000000000000000000000000000000000
1 2460de22f20bdeda 0 0000000000000000 0 0000000000000000000000000000000000000000000000000000000000000000
1 f10367cc92825b13 0 0000000000000000 0 0000000000000000000000000000000000000000000000000000000000000000
1 5799032d22eb9112 0 0000000000000000 0 0000000000000000000000000000000000000000000000000000000000000000
1 67e473cde185dc17 0 0000000000000000 0 0000000000000000000000000000000000000000000000000000000000000000
1 8211738327eb9fff 0 0000000000000000 0 0000000000000000000000000000000000000000000000000000000000000000
1 206a578adc589458 0 0000000000000000 0 0000000000000000000000000000000000000000000000000000000000000000
1 17bfd957ff74763c 0 0000000000000000 0 0000000000000000000000000000000000000000000000000000000000000000
1 61f47fdd0ab1de86 0 0000000000000000 0 0000000000000000000000000000000000000000000000000000000000000000
0 0000000000000000 1 99df57d2c51823b5 0 0000000000000000000000000000000000000000000000000000000000000000
0 0000000000000000 1 4dd36067cbc1c72a 0 0000000000000000000000000000000000000000000000000000000000000000
0 0000000000000000 1 4c9b8d556b677258 0 0000000000000000000000000000000000000000000000000000000000000000
0 0000000000000000 1 f01efa185a02c19e 0 0000000000000000000000000000000000000000000000000000000000000000
0 0000000000000000 1 7267c5dbb49f6fe7 0 0000000000000000000000000000000000000000000000000000000000000000
0 0000000000000000 1 875ec241b59fe6d9 0 0000000000000000000000000000000000000000000000000000000000000000
0 0000000000000000 1 71eb08e6e773e559 0 0000000000000000000000000000000000000000000000000000000000000000
0 0000000000000000 1 900b1ae14562a61e 0 0000000000000000000000000000000000000000000000000000000000000000
0 0000000000000000 1 0c016d72bd71008c 0 0000000000000000000000000000000000000000000000000000000000000000
0 0000000000000000 1 a58fcb4115653feb 0 0000000000000000000000000000000000000000000000000000000000000000
0 0000000000000000 1 4485306a66e844dd 0 0000000000000000000000000000000000000000000000000000000000000000
0 0000000000000000 1 6ac2eb1fa7482f68 0 0000000000000000000000000000000000000000000000000000000000000000
0 0000000000000000 1 4ff43f3802a69276 0 0000000000000000000000000000000000000000000000000000000000000000
0 0000000000000000 1 20b6a2d9ef0e2c17 0 0000000000000000000000000000000000000000000000000000000000000000
0 0000000000000000 1 8c071d2adb61ebbb 1 00000546ffffbbaaffffafdf000039600000158200004ee00000090500004340
0 0000000000000000 1 3f266636a1055510 1 00007489ffffd95b0000035d00002d870000120dffffa7ffffffbc7affffca69
0 0000000000000000 1 942ac44b9e736015 1 00000f85000050f900005f77ffffb0730000127c000048b3ffffccc70000008b
0 0000000000000000 1 66e94dacdd4e14f3 1 ffffacc50000158900001affffffbd11fffffa21ffffe082ffffd90c0000269c
0 0000000000000000 1 8b2c169f96e070be 1 000000d7ffffff85ffffa8920000722effffcace000007b90000b076fffff422
0 0000000000000000 1 b7bf15a818656906 1 fffff63cffffc0d900000052000012d1ffffceeaffff9774000081c3000005dc
0 0000000000000000 1 644fd926d2a3f2bf 1 0000435b00005a6500002913ffffdbb7fffff6a800001ce9ffffaa68ffffe2c8
0 0000000000000000 1 2715345529ac086e 1 ffffd98a000011aa00006293ffff8816000006dcffffec86ffff9aea00000e83
0 0000000000000000 1 5f8cf4998e827ac0 1 000057b0fffffbf70000020efffffa54ffffe0f500001072ffffb89700006e96
0 0000000000000000 1 54b291bac83df1d7 1 000001f5000006f8000012f1ffffd41300001a8d00005cd9ffffdf05000042a5
0 0000000000000000 1 6cc833db54e8d7c8 1 00000f60ffffe65dffffff9a00000a7d00003bf400002197ffffaeff000011a5
0 0000000000000000 1 741b0ccc7ce63c56 1 0000784f0000332d0000039400001cd4fffffa7f00002b27ffffebd4ffffdf86
0 0000000000000000 1 219d9620bbddc5f3 1 00004e59ffffef470000382fffffffd70000146cffff73deffffb0e3ffff8be2
0 0000000000000000 1 11a2e5226d411d1d 1 ffffeffc00002da3ffffcd2f0000182f000012740000534b00002173ffffefe0
0 0000000000000000 1 aa1f10dcff8184c9 1 00000c56fffff298000016beffffd38effffec360000112bffffe3ff00005500
0 0000000000000000 1 9e485a34237b05bc 1 00007c1bffffce8efffff26300004e9affffe45afffff8c800001843000013e1
0 0000000000000000 1 a5ce6b07de40ed85 1 00004754fffff7ae00003715ffffe83cffffc42700001c2a00004ad200004a13
0 0000000000000000 1 4342ab581c4994c1 1 00001fe9000029b1ffffc5a800002633000007d100005c81ffffcc01000012da
0 0000000000000000 0 0000000000000000 1 ffffeea5ffffa8c4ffff89a10000704ffffff37f000056ee0000955600003c95
0 0000000000000000 0 0000000000000000 1 ffffe9cbfffff583ffffe85800000152000022a5000093e4fffff1c2000037f5
0 0000000000000000 0 0000000000000000 1 fffffc9900000f00ffffd0bc00003444ffffd264ffffbfe000005536fffff399
0 0000000000000000 0 0000000000000000 1 000043d8ffffc96800005549ffffff80000007c8ffff8badffffe8c4ffffb77b
0 0000000000000000 0 0000000000000000 1 000001b5ffffdaa4ffff05ef0000da8b000034e7000098b800007eecffffef6b
0 0000000000000000 0 0000000000000000 1 ffffe0cd00006e2cffff9e3c0000152b000004010000742800000d1b000004dc
0 0000000000000000 0 0000000000000000 1 ffffcfab0000200cffffd325000005d300002b8e00001d5cffffabadfffff493
0 0000000000000000 0 0000000000000000 1 ffffe395000016e1000034a1ffffee7600000f9efffffd3cffffe885ffffc89d
0 0000000000000000 0 0000000000000000 1 000006a700002ee1ffffb89100001f09000010ea00000e5f00001154ffffdbc8
0 0000000000000000 0 0000000000000000 1 ffffec79000025d9000037e7ffffbc8a0000283e00003278ffffa80c0000068d
0 0000000000000000 0 0000000000000000 1 ffffb9aeffffcb06ffffd3e8000010ac00000de9ffffaa3e000018acffffde74
0 0000000000000000 0 0000000000000000 1 00000657ffffe95e0000596dffffab08ffffdd70fffff6a5ffffc27500006a9d
0 0000000000000000 0 0000000000000000 1 000005bcffffd44effffc8b800000cf2000014ea00003eb2ffffc46500005e3f
0 0000000000000000 0 0000000000000000 1 ffffe5d8000070ef00004ec7ffff8f9cffffc1feffffb863ffffd43900001a94
0 0000000000000000 0 0000000000000000 0 0000000000000000000000000000000000000000000000000000000000000000
0 0000000000000000 0 0000000000000000 0 0000000000000000000000000000000000000000000000000000000000000000
0 0000000000000000 0 0000000000000000 0 0000000000000000000000000000000000000000000000000000000000000000
0 0000000000000000 0 0000000000000000 0 0000000000000000000000000000000000000000000000000000000000000000
1 87e5ccb14b7c0f44 0 0000000000000000 0 0000000000000000000000000000000000000000000000000000000000000000
1 3e0cb95f25c6b93f 0 0000000000000000 0 0000000000000000000000000000000000000000000000000000000000000000
1 d18dbc36a832387b 0 0000000000000000 0 0000000000000000000000000000000000000000000000000000000000000000
1 e4b0d46b779d7f96 0 0000000000000000 0 0000000000000000000000000000000000000000000000000000000000000000
1 65ebe8156bf36e5b 0 0000000000000000 0 0000000000000000000000000000000000000000000000000000000000000000
1 2591055df38283ba 0 0000000000000000 0 0000000000000000000000000000000000000000000000000000000000000000
1 d82392f9bf3ff991 0 0000000000000000 0 0000000000000000000000000000000000000000000000000000000000000000
1 7b3d13ffaf98ff1c 0 0000000000000000 0 0000000000000000000000000000000000000000000000000000000000000000
0 0000000000000000 1 c4aa1eb1ae9c1987 0 0000000000000000000000000000000000000000000000000000000000000000
0 0000000000000000 1 2cb8c8d4e9b1fd85 0 0000000000000000000000000000000000000000000000000000000000000000
0 0000000000000000 1 e206da2a97131205 0 0000000000000000000000000000000000000000000000000000000000000000
0 0000000000000000 1 1fca15b3ea50ede0 0 0000000000000000000000000000000000000000000000000000000000000000
0 0000000000000000 1 2520fa818c48e2e0 0 0000000000000000000000000000000000000000000000000000000000000000
0 0000000000000000 1 4c48e70e18ecba77 0 0000000000000000000000000000000000000000000000000000000000000000
0 0000000000000000 1 71bed9ab09587508 0 0000000000000000000000000000000000000000000000000000000000000000
0 0000000000000000 1 fcd391e52c2eb641 0 0000000000000000000000000000000000000000000000000000000000000000
0 0000000000000000 1 1e2f2d3ca40e0f2c 0 0000000000000000000000000000000000000000000000000000000000000000
0 0000000000000000 1 17c86d5257884e75 0 0000000000000000000000000000000000000000000000000000000000000000
0 0000000000000000 1 126a41aae991edcb 0 0000000000000000000000000000000000000000000000000000000000000000
0 0000000000000000 1 92386ed5c6866dad 0 0000000000000000000000000000000000000000000000000000000000000000
0 0000000000000000 1 3da7f9077aff367f 0 0000000000000000000000000000000000000000000000000000000000000000
0 0000000000000000 1 1e9b2b6773fa6221 0 0000000000000000000000000000000000000000000000000000000000000000
0 0000000000000000 1 04487d6dea7654db 1 ffff9dd10000262e00001ba9ffffaca5ffffb5b30000878600000117fffff025
0 0000000000000000 1 74fa872230773ee1 1 ffff99bd0000255000001a3effff9b7a0000235c000084fc000011b9fffff28e
0 0000000000000000 1 3a2ec1a91c327276 1 ffffeaed00000b6b00000a28000012cdffffe5a9ffffd6d3ffffd232ffffa415
0 0000000000000000 1 d894e98e52feaad9 1 ffffdf50ffffddb9000019c0ffffe28bffffd7f500001f32ffffbf5100000bf6
0 0000000000000000 1 b19c721be121d8ff 1 ffffd7350000068d00001dd4ffffdbb2ffffb418000022afffff64ec00000ffe
0 0000000000000000 1 01360da2f3991f8b 1 00003b4400001bb400000519ffffffff000026f1ffffd1420000077d00004d77
0 0000000000000000 1 8589403d3849181c 1 ffffcce500000814ffffe384ffffb65cffffdc8400004cb7ffffbbe5ffffd783
0 0000000000000000 1 1c60da4919607d48 1 000051200000266e000050d0ffffe3ed00002035ffffb787ffffe4c9fffff3f8
0 0000000000000000 1 04102b2df4df514e 1 ffffdee7ffffe616ffffdc53000027b6ffffe31cffffe511ffffed62ffffea17
0 0000000000000000 1 06328139989eed72 1 00000798000003ccffffbc7bfffff657fffff0ed000027b70000aeca00003576
0 0000000000000000 1 cd79af4a380f0c6a 1 ffffdf0600002389ffffe0aeffffe210ffffe7e400006750fffff44100007a53
0 0000000000000000 1 0eddebc9f3930c6d 1 ffffd0a300001f08ffffbf0b00000839ffff9a9b00005fae00000cbf00000b9f
0 0000000000000000 1 80d7cc62e5e2f1c7 1 000032b40000126cfffff3b7ffffd545000007d1000001a10000512300001628
0 0000000000000000 1 3bf39b5eb0566c3e 1 fffff33fffffd307ffffc63c000009d40000285600000dce00008bcfffffdcc3
0 0000000000000000 1 f5c1444750abce22 1 ffffd626ffff7a0cffff94cf00008852fffffa78ffffcaa1fffff876ffffd127
0 0000000000000000 1 9604ff95b644252a 1 ffffe5c5ffffe8c5ffffe548fffffc420000629afffff39cffffd7ceffffa75f
0 0000000000000000 1 b1437ee0ebaf1f22 1 00003df700004741ffffdd46ffffde67ffffcbbdfffff919ffffadbdfffff83d
0 0000000000000000 1 436366df5df8e4d3 1 000024340000123400005a1dffffb845fffffc2300002430000004bd00003dab
0 0000000000000000 0 0000000000000000 1 fffff38cffffb68600001d8600002125ffffbb9bffffe41c0000211afffffb31
0 0000000000000000 0 0000000000000000 1 ffffc36d0000300cffffe6baffffc84ffffff4e1000085a8fffff19c00003807
0 0000000000000000 0 0000000000000000 1 0000353effffbd4a0000127200003f24ffffd5deffffa80d000039b6ffffc023
0 0000000000000000 0 0000000000000000 1 00002fcffffff260ffffac66000052b500001421ffffa527ffffdb16ffffaee4
0 0000000000000000 0 0000000000000000 1 0000047c00000be7ffffcb0f00001117ffffd909fffffa68000023f7fffff132
0 0000000000000000 0 0000000000000000 1 00001ce70000748a00002150ffffe1ae00000966ffffcb42fffff638ffffc3d0
0 0000000000000000 0 0000000000000000 1 000085810000281dffffef5a000053c9000032d9ffff6d1cfffffe71ffffe0de
0 0000000000000000 0 0000000000000000 1 0000186400006372000017ebffffa9dbffffc74300002cdc00001988000027b1
0 0000000000000000 0 0000000000000000 1 0000095e000003e700002680000029cc00002016ffffbed600002ccbffff9139
0 0000000000000000 0 0000000000000000 1 ffffe302000007faffffe1ab00001070000008faffffc292ffffd00affff5906
0 0000000000000000 0 0000000000000000 1 00000d1effffe9080000044a000000f4000024fe0000066d0000900a00003ded
0 0000000000000000 0 0000000000000000 1 000039fd000024e800002290000006b8ffff7710ffffcf44ffff8134ffffd84e
0 0000000000000000 0 0000000000000000 1 0000196f00000e0effffd71600001e51ffffa10f0000124a0000120600004a41
0 0000000000000000 0 0000000000000000 1 fffffb7bffffc75bffffc15400001d7300002c290000355000001b380000934c
0 0000000000000000 0 0000000000000000 0 0000000000000000000000000000000000000000000000000000000000000000
0 0000000000000000 0 0000000000000000 0 0000000000000000000000000000000000000000000000000000000000000000
0 0000000000000000 0 0000000000000000 0 0000000000000000000000000000000000000000000000000000000000000000
0 0000000000000000 0 0000000000000000 0 0000000000000000000000000000000000000000000000000000000000000000
1 c6d8c76c0f9e73dd 0 0000000000000000 0 0000000000000000000000000000000000000000000000000000000000000000
1 e708a7fd4f4ff886 0 0000000000000000 0 0000000000000000000000000000000000000000000000000000000000000000
1 86ed7ae1b72c4f7b 0 0000000000000000 0 0000000000000000000000000000000000000000000000000000000000000000
1 d3549b4b768e0b45 0 0000000000000000 0 0000000000000000000000000000000000000000000000000000000000000000
1 15cf9d7575a06578 0 0000000000000000 0 0000000000000000000000000000000000000000000000000000000000000000
1 0543df92e6b89b3a 0 0000000000000000 0 0000000000000000000000000000000000000000000000000000000000000000
1 1ad1cbdb11948d1a 0 0000000000000000 0 0000000000000000000000000000000000000000000000000000000000000000
1 cd3af9af69f12517 0 0000000000000000 0 0000000000000000000000000000000000000000000000000000000000000000
0 0000000000000000 1 e89e698ebd42a5cd 0 0000000000000000000000000000000000000000000000000000000000000000
0 0000000000000000 1 fdc4ecbec035a8a4 0 0000000000000000000000000000000000000000000000000000000000000000
0 0000000000000000 1 3619566b70c663fd 0 0000000000000000000000000000000000000000000000000000000000000000
0 0000000000000000 1 a6d46871c8a58f30 0 0000000000000000000000000000000000000000000000000000000000000000
0 0000000000000000 1 5e5c0dd1930d651d 0 0000000000000000000000000000000000000000000000000000000000000000
0 0000000000000000 1 049d61e00e4b580a 0 0000000000000000000000000000000000000000000000000000000000000000
0 0000000000000000 1 7e5ae32c8a3870ee 0 0000000000000000000000000000000000000000000000000000000000000000
0 0000000000000000 1 90db22565947fe84 0 0000000000000000000000000000000000000000000000000000000000000000
0 0000000000000000 1 d0ef32dc9f91438e 0 0000000000000000000000000000000000000000000000000000000000000000
0 0000000000000000 1 ac2f69960bd3d300 0 0000000000000000000000000000000000000000000000000000000000000000
0 0000000000000000 1 e3d8f0aaff55ee6c 0 0000000000000000000000000000000000000000000000000000000000000000
0 0000000000000000 1 ba4a409e4fc799c4 0 0000000000000000000000000000000000000000000000000000000000000000
0 0000000000000000 1 43cd2990269573a3 0 0000000000000000000000000000000000000000000000000000000000000000
0 0000000000000000 1 dfbeb90fd8b8dc27 0 0000000000000000000000000000000000000000000000000000000000000000
0 0000000000000000 1 ff4f649876664aeb 1 ffffedb8fffff6bd0000ac11ffffab38ffff4d9400005fb3000000d20000276e
0 0000000000000000 1 106f3cd68139dbbe 1 000020d9ffffffdb00004cb0ffffe454ffff866100003c32ffffe398ffffde69
0 0000000000000000 1 21293f27d25ba7bc 1 ffffc83dffffdd99ffffb1ce00006a2c00006219ffff8ee600004cc700006402
0 0000000000000000 1 564100860a5fa559 1 ffffb7da00003c9200005fc9fffffdb6ffffff6900004fe20000456700003bab
0 0000000000000000 1 25b475e80145ebb3 1 ffffdf94fffff018fffff699ffffc80fffffe7fe0000087bffffd008ffff9d99
0 0000000000000000 1 a2ded0e60ba74bae 1 ffffe9b8ffffeda400003aceffffc404ffffc000ffffbec9ffffe34c00007601
0 0000000000000000 1 f3939efd8c1636f4 1 ffffe72000000c51ffffb532ffffec0500000425ffffc144ffffb52bffffa0f1
0 0000000000000000 1 4f19abe68bcdc775 1 00001edb00000fdcffffec4f000017f4fffffa70ffffd1c5ffffd31c000076ec
0 0000000000000000 1 e49707d75e2cab90 1 00000e6dffffc6d500005fb2fffff919ffff8db9000053c3ffffcfcdffffd2ee
0 0000000000000000 1 0d1a13b2fcd97ae3 1 ffffea7dffffde6600006916ffffcf1cffffc16400008b6d00001ef40000015b
0 0000000000000000 1 7df8b4d1e8604fbf 1 00000b7400001a76000024dfffff986dfffff0e400000c0affffe15b000012d3
0 0000000000000000 1 944209ac92628b9e 1 00000238ffffcf9f00003ac900001b9cffffddc2000089a600004909fffff2e8
0 0000000000000000 1 fb6adca879ce84dd 1 0000152fffff7eaf00002c5f0000433cffffb299fffff45000001fa30000018d
0 0000000000000000 1 f261d7b6a4568fbe 1 00001d020000118b000015ad0000055d0000077f0000158900000068ffffe2ae
0 0000000000000000 1 f470ac81c0b96f32 1 fffff282ffffcad8fffff3ebffffda20fffff3bdfffff156fffff9820000428e
0 0000000000000000 1 e52329baac990d5b 1 ffffdc6900000dcd0000363effffb993ffffa15d00006c37ffffd2ebffffa21e
0 0000000000000000 1 7ef8dffac558c97f 1 ffffd227000025cd00001361fffff77effffce8800001aab00000ac3000000a3
0 0000000000000000 1 517b92ddacca38e1 1 ffffe35100000862000006aeffffcc85fffffa3f00002c2c00003391ffffcd59
0 0000000000000000 0 0000000000000000 1 ffffda23ffffeb9000005095fffff982ffff96c3fffff2c50000198c000057f5
0 0000000000000000 0 0000000000000000 1 00004b2effffcee900000e1100001150ffffe31e000016e4ffffc0d1fffff03a
0 0000000000000000 0 0000000000000000 1 00003b9c0000143e00001a71ffffc44effffbf94ffffe311ffff8ec2ffffd8d8
0 0000000000000000 0 0000000000000000 1 fffff10c0000203c000003e4ffffe75f00001482000031da000017d6ffff7bc3
0 0000000000000000 0 0000000000000000 1 00002ab8ffffe2e0000028e300003056ffffbbf9fffff893000020d300005184
0 0000000000000000 0 0000000000000000 1 00001040ffffbd5e00000a01fffff280ffffddc1000003bfffffda5affffe503
0 0000000000000000 0 0000000000000000 1 000025d2ffffe2edffffc39a00000531ffffdabbffffa607ffffc2b4ffffce39
0 0000000000000000 0 0000000000000000 1 00001d08000024b000005f57ffff8b80ffff78900000a974ffffa0ecffffaaf3
0 0000000000000000 0 0000000000000000 1 00001abcffffd47bffffe01b00005102000027e900005aad000061a9ffffc2ce
0 0000000000000000 0 0000000000000000 1 0000160d00001de400001cbeffffbe75ffffb15700007b0dffffc9d8ffff82ff
0 0000000000000000 0 0000000000000000 1 000030d0ffffd28effffef5dffffbffc0000051d00004b7cffffafdbffff635b
0 0000000000000000 0 0000000000000000 1 ffffe1c1fffff2a700005195ffffc1ecffffe78500006d0200000b3bffffbea1
0 0000000000000000 0 0000000000000000 1 ffffd302000035bdffffecc1ffffd67a00001818ffffd76f00001f7affffdf38
0 0000000000000000 0 0000000000000000 1 00002021ffffe482ffffb94a000016530000100900001c82ffffd39fffff4b51
0 0000000000000000 0 0000000000000000 0 0000000000000000000000000000000000000000000000000000000000000000
0 0000000000000000 0 0000000000000000 0 0000000000000000000000000000000000000000000000000000000000000000
0 0000000000000000 0 0000000000000000 0 0000000000000000000000000000000000000000000000000000000000000000
0 0000000000000000 0 0000000000000000 0 0000000000000000000000000000000000000000000000000000000000000000
1 543eb95f1e79b1ab 0 0000000000000000 0 0000000000000000000000000000000000000000000000000000000000000000
1 1e59f8fd755b9b82 0 0000000000000000 0 0000000000000000000000000000000000000000000000000000000000000000
1 2c81eea4cee13e95 0 0000000000000000 0 0000000000000000000000000000000000000000000000000000000000000000
1 02717ff915eb5811 0 0000000000000000 0 0000000000000000000000000000000000000000000000000000000000000000
1 7b75ccf0737ef20f 0 0000000000000000 0 0000000000000000000000000000000000000000000000000000000000000000
1 cd0a82711abea8c8 0 0000000000000000 0 0000000000000000000000000000000000000000000000000000000000000000
1 78f8f13eecd6c480 0 0000000000000000 0 0000000000000000000000000000000000000000000000000000000000000000
1 061475a15fcac99e 0 0000000000000000 0 0000000000000000000000000000000000000000000000000000000000000000
0 0000000000000000 1 25da9e30207c836e 0 0000000000000000000000000000000000000000000000000000000000000000
0 0000000000000000 1 6eff8d74db771246 0 0000000000000000000000000000000000000000000000000000000000000000
0 0000000000000000 1 e21b142eff3c2013 0 0000000000000000000000000000000000000000000000000000000000000000
0 0000000000000000 1 c20ab183a6557a89 0 0000000000000000000000000000000000000000000000000000000000000000
0 0000000000000000 1 68eaf2964f24ade7 0 0000000000000000000000000000000000000000000000000000000000000000
0 0000000000000000 1 0cc0eadca4d9ed0c 0 0000000000000000000000000000000000000000000000000000000000000000
0 0000000000000000 1 d68d4cf09b381ff5 0 0000000000000000000000000000000000000000000000000000000000000000
0 0000000000000000 1 49c023ec5af3a280 0 0000000000000000000000000000000000000000000000000000000000000000
0 0000000000000000 1 1315d1f3ce6d4524 0 0000000000000000000000000000000000000000000000000000000000000000
0 0000000000000000 1 787e20052403e255 0 0000000000000000000000000000000000000000000000000000000000000000
0 0000000000000000 1 8a291eb38fc30d99 0 0000000000000000000000000000000000000000000000000000000000000000
0 0000000000000000 1 409e7a1eab6503ed 0 0000000000000000000000000000000000000000000000000000000000000000
0 0000000000000000 1 8ba999303db4f7f4 0 0000000000000000000000000000000000000000000000000000000000000000
0 0000000000000000 1 1f85ed87e23a57d1 0 0000000000000000000000000000000000000000000000000000000000000000
0 0000000000000000 1 4110abc0ed6f031f 1 ffffb5e00000618600000bb200001db90000579afffff8ffffffd5a100002db5
0 0000000000000000 1 ca8cb938e11775d9 1 fffff1b600007f3100000f0a0000703600004072fffff570ffffb055ffffd3be
0 0000000000000000 1 5913321a6bfd750e 1 0000002100000ee00000065f0000075a000012e3ffffdc01fffff31cffffd2e9
0 0000000000000000 1 0b27ea1a8eb7e777 1 ffffd87fffffb18effff835600007d89ffffacfeffffbcf2ffffb5c300000112
0 0000000000000000 1 591f6aee58c6cb42 1 0000139b00000fd9ffff87ea00002ee90000208600006438ffffc8e3000016ef
0 0000000000000000 1 5ae93df24ebfd104 1 ffffcb51ffffbda400001ad7fffff993ffffbe26ffffd1e60000182800002a5e
0 0000000000000000 1 3c3ae4b6495b7d77 1 ffffc445ffff7348fffff41200000182ffff882dffff78770000349c00000843
0 0000000000000000 1 1675d741f307e24a 1 00001515000002cdffffa07f00001d2effffe1c80000633a0000356700005f6c
0 0000000000000000 1 772221e9924c57ee 1 fffff3f700000b8bffffd7d900004ea400001084ffffcf94ffffa75cffffb715
0 0000000000000000 1 f7c1b1f5601cfde2 1 0000404f00005359fffffad4fffff7af0000742c00006529ffffa47fffff7d03
0 0000000000000000 1 e48ae39b18aed82f 1 ffffbc2effff8253fffffc47ffffe090ffff988affffc53000002f4400002900
0 0000000000000000 1 2f02d6e02f9eddde 1 ffffe2b8ffff99abffffce50000025e8ffffa222ffffa9d200002015ffffd4af
0 0000000000000000 1 581e643a92eae28b 1 ffffe609000025f500005648ffffd638fffff284ffffe7ef0000597600009d33
0 0000000000000000 1 eca5aa33d0de892f 1 00000542ffff9eedffff8f8600005912ffffa561ffffcd14ffffdc2d00000a33
0 0000000000000000 1 6d6072657f3cb916 1 ffffeafc00002134ffffaeeb00005fa30000284a000006f4ffff8e90ffffdb0f
0 0000000000000000 1 586c46120a07014e 1 fffff760fffff290000015ac00003c34ffffb3eaffffa1170000273b00003a00
0 0000000000000000 1 1599c629a2d05fd2 1 0000936800003d0effffdb6400001d410000374c000047ecffffced6ffff8cfe
0 0000000000000000 1 e3c66aa30105fa1c 1 ffffd371fffff9bd00007d1dffffbf8200000d08ffffd94efffffc73ffffdc4f
0 0000000000000000 0 0000000000000000 1 0000517400001091000001e8ffffb6a2000040b100005ec4fffff928ffffb8c5
0 0000000000000000 0 0000000000000000 1 000041b300000c40fffff141ffffddb20000149100005a240000137ffffffbc5
0 0000000000000000 0 0000000000000000 1 0000636c00003a3bffffbe400000376400006d5e0000194cffff5c3fffff5aa3
0 0000000000000000 0 0000000000000000 1 fffffa6c0000601600003c25fffff4ed00005e11000020bbffffcce7ffffc4f1
0 0000000000000000 0 0000000000000000 1 000014e4ffffdab0ffffb3d1000064b4ffffddfbffffee03ffffa951ffff7cc1
0 0000000000000000 0 0000000000000000 1 00000e70000034f9ffffd5bf00002adb000013c000001eacfffffcfe00004ec5
0 0000000000000000 0 0000000000000000 1 ffffed6effffbeb0000016b2ffffc35affffdb30fffff2380000279b00005e24
0 0000000000000000 0 0000000000000000 1 00002117000022e1ffffff2efffff75500000d4700005bf300000a290000358c
0 0000000000000000 0 0000000000000000 1 fffff0c2ffffcc66ffffe9db00001c19ffffac8700001086000032e9ffffe83a
0 0000000000000000 0 0000000000000000 1 ffff996c00000cd200005eadffffdce3ffffeac5ffffd72e000046e2000088e5
0 0000000000000000 0 0000000000000000 1 000053b300007020ffffdfbffffff4c8000077860000759affffe729ffff9903
0 0000000000000000 0 0000000000000000 1 00003b6900002afc00000657ffffeb810000518c00003888ffffbd6effff7242
0 0000000000000000 0 0000000000000000 1 fffff906ffffdcc0000025f10000357dffff9a7cffffc13300002b7600002dca
0 0000000000000000 0 0000000000000000 1 fffffe82ffff8a34ffffdec0ffffc8abffffd194ffffd2c000001327ffffeaf1
0 0000000000000000 0 0000000000000000 0 0000000000000000000000000000000000000000000000000000000000000000
0 0000000000000000 0 0000000000000000 0 0000000000000000000000000000000000000000000000000000000000000000
0 0000000000000000 0 0000000000000000 0 0000000000000000000000000000000000000000000000000000000000000000
0 0000000000000000 0 0000000000000000 0 0000000000000000000000000000000000000000000000000000000000000000
1 d15c14b04cc06aad 0 0000000000000000 0 0000000000000000000000000000000000000000000000000000000000000000
1 ae76c3bd90d72373 0 0000000000000000 0 0000000000000000000000000000000000000000000000000000000000000000
1 8fd859ddfdab31c7 0 0000000000000000 0 0000000000000000000000000000000000000000000000000000000000000000
1 fa1a229983d22137 0 0000000000000000 0 0000000000000000000000000000000000000000000000000000000000000000
1 b7c5e52a745f01d8 0 0000000000000000 0 0000000000000000000000000000000000000000000000000000000000000000
1 35a4beaf55dfd02a 0 0000000000000000 0 0000000000000000000000000000000000000000000000000000000000000000
1 48205100edbc0429 0 0000000000000000 0 0000000000000000000000000000000000000000000000000000000000000000
1 b09d3f2a9122bd2d 0 0000000000000000 0 0000000000000000000000000000000000000000000000000000000000000000
0 0000000000000000 1 89a1e040a4ec2290 0 0000000000000000000000000000000000000000000000000000000000000000
0 0000000000000000 1 72dc1f82dcedc17f 0 0000000000000000000000000000000000000000000000000000000000000000
0 0000000000000000 1 c711ccf38dd963bb 0 0000000000000000000000000000000000000000000000000000000000000000
0 0000000000000000 1 566fd4df877510cb 0 0000000000000000000000000000000000000000000000000000000000000000
0 0000000000000000 1 21ea0cccf4974e14 0 0000000000000000000000000000000000000000000000000000000000000000
0 0000000000000000 1 d40334862fed39ec 0 0000000000000000000000000000000000000000000000000000000000000000
0 0000000000000000 1 0d9877170ab7d3f3 0 0000000000000000000000000000000000000000000000000000000000000000
0 0000000000000000 1 15fa4dbb3277afbe 0 0000000000000000000000000000000000000000000000000000000000000000
0 0000000000000000 1 e4fee1c66b39ad1f 0 0000000000000000000000000000000000000000000000000000000000000000
0 0000000000000000 1 defa8a4cd7e07156 0 0000000000000000000000000000000000000000000000000000000000000000
0 0000000000000000 1 b37d3c3c2f3a3b42 0 0000000000000000000000000000000000000000000000000000000000000000
0 0000000000000000 1 795023082a7662dd 0 0000000000000000000000000000000000000000000000000000000000000000
0 0000000000000000 1 47e1e9c31a677812 0 0000000000000000000000000000000000000000000000000000000000000000
0 0000000000000000 1 c41d81413f2fa234 0 0000000000000000000000000000000000000000000000000000000000000000
0 0000000000000000 1 f6f7995010444631 1 0000838f000000e6000008c500000d89ffffe512fffff49fffffe51900000da2
0 0000000000000000 1 9a570588dd05529c 1 ffffb8ccffffdcdf00001f8b00002932000025be00000c4e0000012cffffb7a3
0 0000000000000000 1 fda114c02b288b79 1 00006667000049bc00000838000007dbffffc41cffffd605fffff99000003233
0 0000000000000000 1 c9ae05f1a9c1b58d 1 000030a400005deeffffbf35ffff99cdffffff69ffffa5fd00001dd200003809
0 0000000000000000 1 33fac8ffeb8a267e 1 fffffa480000251400003f0600003143fffff5e9fffff7a7000015e0ffffde3b
0 0000000000000000 1 96154571b42444f3 1 fffff7f8ffffe7e900000ac7000041620000400400001145fffff24affffe4fa
0 0000000000000000 1 afaf1a48651fed8a 1 ffffcf4dffffdbcf0000468d0000143d00001a01fffff91c00002155ffffa07b
0 0000000000000000 1 1b793cdba1bc8fc0 1 ffffe5ebffffcadaffffc6daffffe3f700008a72fffffe820000079cffffc9aa
0 0000000000000000 1 69f34fe358258b34 1 ffffe115ffffb076ffffbf3200002974000051600000568fffffd30bfffff369
0 0000000000000000 1 cff9559229a2f8fe 1 0000447100000cfd0000255600000f42ffff89ed0000054dffffd5690000554d
0 0000000000000000 1 9d3f8e182f45abdb 1 ffffc4c8ffffe8d700000807ffffd731ffff9c03ffffe396ffffe962000067df
0 0000000000000000 1 34e3d0fa583c96fa 1 fffff37a00003167fffff72affff990f00003eb8ffffa9930000398000000cf9
0 0000000000000000 1 fdfa5569d6f4f986 1 00003283ffffe5a8000009f0fffff43e00005df7ffffe4b3fffff6d9fffff64a
0 0000000000000000 1 f571f5f952626192 1 00000557ffffd2fbffffad2d0000065effffdfd500005a0affffc38c000042ad
0 0000000000000000 1 c9a05e7d11f8af4e 1 00003e33ffffea27fffff72bffffe886ffffde80000008daffffd8cf000043cd
0 0000000000000000 1 1a43a1ee352901ca 1 000038cb00002dabffffd8d7000020f900000d44ffffeec6ffffed8700002f1a
0 0000000000000000 1 fda0e5d36fda8df2 1 ffffccf4ffff73cefffffec400003f1100003cac00004ec6ffffc485ffffc678
0 0000000000000000 1 94410b453501aa02 1 00003d1e000011ecfffff46000001ecb000015e70000086700000570ffffcbb1
0 0000000000000000 0 0000000000000000 1 ffffe22c00001b7b00003d7b00003041ffffa8c30000150bffffff1c0000052e
0 0000000000000000 0 0000000000000000 1 00001ff1fffff66300002ac3ffffcabdffff8977ffffb74afffff02c00004f1a
0 0000000000000000 0 0000000000000000 1 000024cdffffc9a5ffffe9e1000001640000549000002283fffffad0ffffdd13
0 0000000000000000 0 0000000000000000 1 ffffbbe600006d4dffffdd45ffffda02ffffc6f4ffffd3a000003dcdfffffea2
0 0000000000000000 0 0000000000000000 1 ffff8c1bffffcc24fffff7dfffffeeb800005864000014af00001f0dffffaf05
0 0000000000000000 0 0000000000000000 1 ffffc785ffffead100001dab000055ec00001e0f0000221bffffff07ffffcab9
0 0000000000000000 0 0000000000000000 1 0000244bffffedc4ffff8a1000000030ffffff3900004a69ffffc87f00004acc
0 0000000000000000 0 0000000000000000 1 ffffec76ffffd770ffffbdb9fffffac9000065e200003cf1fffffc9dffffd593
0 0000000000000000 0 0000000000000000 1 00000824000035d6000013faffffb588ffffebdfffffb63d00003da6ffffeff0
0 0000000000000000 0 0000000000000000 1 00001d68000031b0ffffc12bffffc69500003d09ffffdefc00001423000036bd
0 0000000000000000 0 0000000000000000 1 ffffc6c4ffff94a900003db2fffffd49ffffc4c600000eabffffea18ffffe967
0 0000000000000000 0 0000000000000000 1 00001aa700002f4dffffb184ffffed6f000031470000187e0000061700001c11
0 0000000000000000 0 0000000000000000 1 ffffe8c9ffffbd6fffffdd8900004bcc000073af00006bf4fffff017ffffa5bc
0 0000000000000000 0 0000000000000000 1 ffffd0d1ffffe457ffffd47ffffffc2effffbf8b00002b30ffffe5520000370d
0 0000000000000000 0 0000000000000000 0 0000000000000000000000000000000000000000000000000000000000000000
0 0000000000000000 0 0000000000000000 0 0000000000000000000000000000000000000000000000000000000000000000
0 0000000000000000 0 0000000000000000 0 0000000000000000000000000000000000000000000000000000000000000000
0 0000000000000000 0 0000000000000000 0 0000000000000000000000000000000000000000000000000000000000000000
1 ae7ae2ff258b036f 0 0000000000000000 0 0000000000000000000000000000000000000000000000000000000000000000
1 5b94a648b4a1950c 0 0000000000000000 0 0000000000000000000000000000000000000000000000000000000000000000
1 847a781b86f6efe1 0 0000000000000000 0 0000000000000000000000000000000000000000000000000000000000000000
1 6f7097af090e73ba 0 0000000000000000 0 0000000000000000000000000000000000000000000000000000000000000000
1 79964fe2dcf52b71 0 0000000000000000 0 0000000000000000000000000000000000000000000000000000000000000000
1 63fab2b9294718bf 0 0000000000000000 0 0000000000000000000000000000000000000000000000000000000000000000
1 813665e7c1775968 0 0000000000000000 0 0000000000000000000000000000000000000000000000000000000000000000
1 d9566573f8a9d00e 0 0000000000000000 0 0000000000000000000000000000000000000000000000000000000000000000
0 0000000000000000 1 3f3d740e6f238aeb 0 0000000000000000000000000000000000000000000000000000000000000000
0 0000000000000000 1 915d53449145eec8 0 0000000000000000000000000000000000000000000000000000000000000000
0 0000000000000000 1 eeef1276305bcd1e 0 0000000000000000000000000000000000000000000000000000000000000000
0 0000000000000000 1 46d0c268f761860e 0 0000000000000000000000000000000000000000000000000000000000000000
0 0000000000000000 1 476ab4635c574ddc 0 0000000000000000000000000000000000000000000000000000000000000000
0 0000000000000000 1 e23e1d918d0ad852 0 0000000000000000000000000000000000000000000000000000000000000000
0 0000000000000000 1 b1adb238aea17d4e 0 0000000000000000000000000000000000000000000000000000000000000000
0 0000000000000000 1 8bf7f939aa2ce741 0 0000000000000000000000000000000000000000000000000000000000000000
0 0000000000000000 1 00422f0e7d467743 0 0000000000000000000000000000000000000000000000000000000000000000
0 0000000000000000 1 38decb6155ead08c 0 0000000000000000000000000000000000000000000000000000000000000000
0 0000000000000000 1 113fef4e1e6f0369 0 0000000000000000000000000000000000000000000000000000000000000000
0 0000000000000000 1 2d1e9f28b41f9fc9 0 0000000000000000000000000000000000000000000000000000000000000000
0 0000000000000000 1 25071efe257e8cbf 0 0000000000000000000000000000000000000000000000000000000000000000
0 0000000000000000 1 fddc465351cf4651 0 0000000000000000000000000000000000000000000000000000000000000000
0 0000000000000000 1 083e9b46f8bd2f5e 1 00004f20fffff2f8fffff48e00000417ffffd3e6ffff9e07ffffd6ab00000353
0 0000000000000000 1 2723bccbdb8e617a 1 00003193fffffee8ffffa2dbfffff04dffffd00600003344ffffe8eeffff6ab2
0 0000000000000000 1 18ea4f16950d2a17 1 000078c70000241cffffcaedffffcb72000011740000098f000033f2ffffbff5
0 0000000000000000 1 4f5b4ececa3646fb 1 00007f4a000031fcffff7603ffffc323000067f5ffffd7c000002243ffffb9c6
0 0000000000000000 1 848ce2e868196c5a 1 00008b17ffffd83affff983effffbb98000001aa000004cd00003f2d000041b8
0 0000000000000000 1 1cbfc33e8da757c7 1 ffffb656fffff74c000012e000006b2efffff097ffffc8c1ffff8249ffffcfac
0 0000000000000000 1 86a530e9b5b4f6ff 1 ffffa4790000497200003ea3000009cf00000f7b000051ca00004641fffffef6
0 0000000000000000 1 99d077d7caf36dec 1 00002940000014c8ffffde0d000008ab00000e5d00002a64fffffd43ffff8660
0 0000000000000000 1 d6642b929fcb1936 1 000017adfffffae4000053b700000381ffffb0c10000150700001ff3000052fc
0 0000000000000000 1 8fd6c9dc7be18cdd 1 00006edcffffe670ffffa4feffff9ea800002ed1000001c100004f3d000013d8
0 0000000000000000 1 49018fc1ae68c689 1 000062a000001c6effffd1f2000003c100000423ffffe0fd000006d6ffffef13
0 0000000000000000 1 a8503895b3acd062 1 00005d25ffffe3deffff5570ffffe27300005679ffffd7beffffeb21ffffc1e5
0 0000000000000000 1 5cf9df01bfb345e3 1 00006ce7ffffdb86ffffa5b4ffffcc7800002275ffffecbcfffff081ffffcaf2
0 0000000000000000 1 09b500948bbddee3 1 ffffda8400005d0400006f47000004a8ffffc4d10000047a000041cf00002ee7
0 0000000000000000 1 7df68c0edf1c8e99 1 00001f6c00000686ffffe6c9000029c30000093cffffd0c60000036c0000252e
0 0000000000000000 1 b861afc56f91a9c0 1 ffff89a000001baa000052b500006493fffff10dffffc68cffffd87b000063f8
0 0000000000000000 1 caee82199f7f04fe 1 ffff8de1000080940000159800000a41ffffeb3300000f39000007a6ffffd995
0 0000000000000000 1 e9cdb36209bcd99d 1 ffffa4fa000030bc0000085900001f9affffc8a5ffffe7e1ffffd4840000215d
0 0000000000000000 0 0000000000000000 1 fffffa25ffffe66a000099b0ffffef0dfffff5f5000079a900004eba00002759
0 0000000000000000 0 0000000000000000 1 ffff9d1b000057baffffe103ffffd79e000024e20000392b000048ac00000397
0 0000000000000000 0 0000000000000000 1 ffffa9c800001774000049e50000119efffff2910000403b00000013ffffb563
0 0000000000000000 0 0000000000000000 1 ffff72ef000030e000007bf4000002bbffffb0860000722d000017e4ffffe48b
0 0000000000000000 0 0000000000000000 1 ffff9581ffffe6fc0000346c00007383ffffc132ffffd521ffff8abffffffb19
0 0000000000000000 0 0000000000000000 1 00008d53ffff5b7a000004d2fffff00200001c7600000b80fffff3b3ffffeaaa
0 0000000000000000 0 0000000000000000 1 000034c1ffffbc42ffff5d24ffffc4fc00006c1200000d15ffffe9c4ffffe1f0
0 0000000000000000 0 0000000000000000 1 ffffb31cffffd8d6000049e200008fa3ffffc335ffffb6e3ffff71e0ffffd945
0 0000000000000000 0 0000000000000000 1 ffff96260000410afffffafc0000031500000bdffffff143000011ef00003c97
0 0000000000000000 0 0000000000000000 1 ffff77b4000015c800001d10000023a1000022c4fffffe4fffffce9fffffebe3
0 0000000000000000 0 0000000000000000 1 00005624ffffe0feffff506cffffc50000007535ffffc713fffffc66fffff654
0 0000000000000000 0 0000000000000000 1 000085a5ffff2124ffffe11100002336fffff359ffffc69affffb77b0000259b
0 0000000000000000 0 0000000000000000 1 0000545bffffe21cffff8380ffffccce00005b8600004f94000017deffffa69e
0 0000000000000000 0 0000000000000000 1 0000516affffe51effffa963ffffb3c20000347e0000221300004653ffffe225
0 0000000000000000 0 0000000000000000 0 0000000000000000000000000000000000000000000000000000000000000000
0 0000000000000000 0 0000000000000000 0 0000000000000000000000000000000000000000000000000000000000000000
0 0000000000000000 0 0000000000000000 0 0000000000000000000000000000000000000000000000000000000000000000
0 0000000000000000 0 0000000000000000 0 0000000000000000000000000000000000000000000000000000000000000000
1 166a99514995272a 0 0000000000000000 0 0000000000000000000000000000000000000000000000000000000000000000
1 0424f3f52ad4beb3 0 0000000000000000 0 0000000000000000000000000000000000000000000000000000000000000000
1 0b12db69174c2d56 0 0000000000000000 0 0000000000000000000000000000000000000000000000000000000000000000
1 6fb29c6fc2410c63 0 0000000000000000 0 0000000000000000000000000000000000000000000000000000000000000000
1 18d9138f1a71d7f2 0 0000000000000000 0 0000000000000000000000000000000000000000000000000000000000000000
1 3d456b91b7e76ce2 0 0000000000000000 0 0000000000000000000000000000000000000000000000000000000000000000
1 ba96a93263f1cc90 0 0000000000000000 0 0000000000000000000000000000000000000000000000000000000000000000
1 869ef5e5984bfabd 0 0000000000000000 0 0000000000000000000000000000000000000000000000000000000000000000
0 0000000000000000 1 f39df6d50521477f 0 0000000000000000000000000000000000000000000000000000000000000000
0 0000000000000000 1 22bad4a7ac18f9bc 0 0000000000000000000000000000000000000000000000000000000000000000
0 0000000000000000 1 caf75ee433c97ba1 0 0000000000000000000000000000000000000000000000000000000000000000
0 0000000000000000 1 0716c5cfca8bf9d2 0 0000000000000000000000000000000000000000000000000000000000000000
0 0000000000000000 1 02429a1f60b57ff8 0 0000000000000000000000000000000000000000000000000000000000000000
0 0000000000000000 1 23f09080d8f402dd 0 0000000000000000000000000000000000000000000000000000000000000000
0 0000000000000000 1 77d5114998f9efb9 0 0000000000000000000000000000000000000000000000000000000000000000
0 0000000000000000 1 3cccd1ef4f50ad1f 0 0000000000000000000000000000000000000000000000000000000000000000
0 0000000000000000 1 526b4d186a3daf49 0 0000000000000000000000000000000000000000000000000000000000000000
0 0000000000000000 1 4b7c53216c6fa2b3 0 0000000000000000000000000000000000000000000000000000000000000000
0 0000000000000000 1 f43261737c54e927 0 0000000000000000000000000000000000000000000000000000000000000000
0 0000000000000000 1 b8ad620c9506a2c9 0 0000000000000000000000000000000000000000000000000000000000000000
0 0000000000000000 1 6fd5557dd5e3c488 0 0000000000000000000000000000000000000000000000000000000000000000
0 0000000000000000 1 24c0eb8a4599dd21 0 0000000000000000000000000000000000000000000000000000000000000000
0 0000000000000000 1 d953511bb866564d 1 ffffa2a8ffffb33600000d14ffffd95affffd4870000289800000f7effffc337
0 0000000000000000 1 e385a3c77b061892 1 fffff98300004c7400002819fffff59b0000195bffff9f3a000025ea00000013
0 0000000000000000 1 b408f1d994100285 1 fffff66fffffd25cffffda9d00002d1800006960000025c2ffffd32dfffff54e
0 0000000000000000 1 b06a33250333e28f 1 ffffe00f00000df9ffffe72e000021e000003808ffffc1dcffffc884fffff387
0 0000000000000000 1 620b537b29fa75b2 1 ffffe27affffa521ffffbb70fffff13200004e3a00000553ffff9630ffffa445
0 0000000000000000 1 e5b815db1e048731 1 ffffcff800003acc00002dc2ffffc14400002aa5ffff9784fffff187ffffbf4f
0 0000000000000000 1 ab346a5921904415 1 000045010000465bffffb1840000833c0000186effffac3500003672000062ed
0 0000000000000000 1 458d3909d7d0d178 1 00001d580000336f00003a1cffffa188ffffccfe00000698000032b8000011a0
0 0000000000000000 1 fc02cc4852d1cd07 1 00002244000034fdfffffed3ffffde94ffffe66f00002b4100001711000013ce
0 0000000000000000 1 02dba66c799c2615 1 00007d3b00007e2300001c4effffd8b700000f710000002400002e0600003a04
0 0000000000000000 1 f861dbae5fcb7a86 1 00004920ffffe430fffff9cdffffeff1ffffcd8c000071b900001b0f00002b48
0 0000000000000000 1 9d35939ee535527b 1 00002d3e000027a500002b3500003a41ffffc92a000012140000444500006f62
0 0000000000000000 1 35d8baef9d61407a 1 0000815f00004d52ffffa2a500009e8600001f69ffffe22e00003a730000ab72
0 0000000000000000 1 30d07128559dbe51 1 ffffb5cc000003f800000a71ffffd640000023e500000bfeffffdc98fffff371
0 0000000000000000 1 a3a9ece0300472f1 1 ffffe27affffde5efffff9fa00001941ffffe0d0000008b700001774ffffc47f
0 0000000000000000 1 408954d57766c69d 1 000019b2fffffc9300003dd4ffff94a5000029c000000b41fffff4cffffff5d0
0 0000000000000000 1 69b044a5280ed67a 1 00001bcc00002f82000032da000006a5000016f3ffffbaa60000086b0000005a
0 0000000000000000 1 f3ad21832299829c 1 0000578100002b1000002992fffff5b700000a44000004c0000000f6000016fe
0 0000000000000000 0 0000000000000000 1 00004916fffff009ffff78180000857e00005a3a000001ff0000016a000037e8
0 0000000000000000 0 0000000000000000 1 fffffaea0000134c000044daffffc758ffffb68b000036cc000024b800002ffa
0 0000000000000000 0 0000000000000000 1 fffff075ffff890bffffa919000062000000195100006c54ffffb99c00001084
0 0000000000000000 0 0000000000000000 1 ffffcedeffffec7fffffd20900004721ffffca59000022a200002ba700004190
0 0000000000000000 0 0000000000000000 1 000023c5ffffde4ffffff05fffffee06ffffe83e000031ffffffe25800001e9f
0 0000000000000000 0 0000000000000000 1 000009acffff8f3bffffb5430000074b0000073a00004954ffffb94f000005f8
0 0000000000000000 0 0000000000000000 1 fffff0be00000024fffff05affffd850000097acffffd716ffff9feeffffa0f1
0 0000000000000000 0 0000000000000000 1 ffff8234ffffb60400004e2cffff7f2effffd64bfffff52affffd2a5ffff4c80
0 0000000000000000 0 0000000000000000 1 ffffbbbefffff09a000003abffffefaeffffc7daffffc27200002e34ffffb4c1
0 0000000000000000 0 0000000000000000 1 fffff566ffffdd92ffffbf0c000040eafffff0b600006aadfffffd8e00005a5f
0 0000000000000000 0 0000000000000000 1 ffffd558ffffa5e80000185dffffd129000013130000317cffffe671ffffc6c6
0 0000000000000000 0 0000000000000000 1 0000571b0000640d00003c61ffffc7880000117a000018af00005b4100005ab5
0 0000000000000000 0 0000000000000000 1 ffffbbab0000211a00000563ffffec4cffffeb3b000015700000317b00000b8f
0 0000000000000000 0 0000000000000000 1 0000058f000050dd00003c18ffffe661000028a3000000e9fffffe6600004d16
0 0000000000000000 0 0000000000000000 0 0000000000000000000000000000000000000000000000000000000000000000
0 0000000000000000 0 0000000000000000 0 0000000000000000000000000000000000000000000000000000000000000000
0 0000000000000000 0 0000000000000000 0 0000000000000000000000000000000000000000000000000000000000000000
0 0000000000000000 0 0000000000000000 0 0000000000000000000000000000000000000000000000000000000000000000
1 61e29d74b57aacc4 0 0000000000000000 0 0000000000000000000000000000000000000000000000000000000000000000
1 cd382ebb182caa3f 0 0000000000000000 0 0000000000000000000000000000000000000000000000000000000000000000
1 0ac708c23f08c010 0 0000000000000000 0 0000000000000000000000000000000000000000000000000000000000000000
1 2185adceaf2eab09 0 0000000000000000 0 0000000000000000000000000000000000000000000000000000000000000000
1 f70fa82f23c503dd 0 0000000000000000 0 0000000000000000000000000000000000000000000000000000000000000000
1 9d7bec9e77f760bc 0 0000000000000000 0 0000000000000000000000000000000000000000000000000000000000000000
1 0613437c82d80877 0 0000000000000000 0 0000000000000000000000000000000000000000000000000000000000000000
1 e7826bd198270020 0 0000000000000000 0 0000000000000000000000000000000000000000000000000000000000000000
0 0000000000000000 1 a3a52808de9d2902 0 0000000000000000000000000000000000000000000000000000000000000000
0 0000000000000000 1 6a813798323faf53 0 0000000000000000000000000000000000000000000000000000000000000000
0 0000000000000000 1 ff2c9c01d76d7741 0 0000000000000000000000000000000000000000000000000000000000000000
0 0000000000000000 1 a8e73cfb62a6f3c5 0 0000000000000000000000000000000000000000000000000000000000000000
0 0000000000000000 1 d380baa5c5146fd3 0 0000000000000000000000000000000000000000000000000000000000000000
0 0000000000000000 1 bcf2799e4221ae7e 0 0000000000000000000000000000000000000000000000000000000000000000
0 0000000000000000 1 15cd1d1610c9eb30 0 0000000000000000000000000000000000000000000000000000000000000000
0 0000000000000000 1 f7f44d4cf78626fb 0 0000000000000000000000000000000000000000000000000000000000000000
0 0000000000000000 1 ba3797a4f08ae882 0 0000000000000000000000000000000000000000000000000000000000000000
0 0000000000000000 1 38e16f6d4280cbc8 0 0000000000000000000000000000000000000000000000000000000000000000
0 0000000000000000 1 eb38eb902d9ed44c 0 0000000000000000000000000000000000000000000000000000000000000000
0 0000000000000000 1 cb630ab1e522c4bc 0 0000000000000000000000000000000000000000000000000000000000000000
0 0000000000000000 1 5576cc4d471c765f 0 0000000000000000000000000000000000000000000000000000000000000000
0 0000000000000000 1 24c858dade3b591a 0 0000000000000000000000000000000000000000000000000000000000000000
0 0000000000000000 1 06a3d4e337814670 1 000019bbffffbabe0000314200001649ffffd25effffcbf100000c3000003470
0 0000000000000000 1 072fe1d87237ce8b 1 00001215ffffefdbffffdb02000013d800002dc00000174800003258ffff94d6
0 0000000000000000 1 632f0d30953a284a 1 ffffc6cf00003a56000044bc0000082affffc394000001110000365400002cf1
0 0000000000000000 1 82996732a774c1f2 1 00000a27fffff076ffffea5100000a4a000029b7ffffb85dfffff6ed00000f23
0 0000000000000000 1 92745797bd97c5e8 1 fffffb520000491f000032ae00005c60ffffe9a1ffffb6b6000073c200001433
0 0000000000000000 1 8f33311387bb6528 1 ffffc3cfffffe8ac00004146ffff9b6e00005ceeffffdeff000027e4ffffe874
0 0000000000000000 1 6c239ba63850c002 1 0000259dffffaeaffffff5da000010f3ffffd4b300000ef1ffffe698fffff9c6
0 0000000000000000 1 6861004dfca8461f 1 00003ca9ffff92e8ffffff9200001e0affffb1cd00000960ffffadd500003951
0 0000000000000000 1 7644c8ddb8e7d17e 1 0000047f00005a6b0000134600003299000022e5ffffccac0000101a00001ac5
0 0000000000000000 1 046885921878655f 1 00006130ffff8391ffff92f000001f49ffffe3e000002174ffff8737ffffef5b
0 0000000000000000 1 ed0ffc3564e191f3 1 fffff97efffff4140000424700000cddfffff90dfffff65dfffff8eb00001661
0 0000000000000000 1 454c5ed749811da8 1 ffffc77000006b5e00001ab6ffffb7c200007989ffffedeb0000126cfffff8e7
0 0000000000000000 1 8f9473e38a8640f7 1 fffffcc2ffffe20c000005bd00002e4cffff830d000033b0ffffbeec00003a28
0 0000000000000000 1 9083d075b5265dea 1 000001430000025c0000205300001b06fffff24bffffff450000162000000f8b
0 0000000000000000 1 a48c37d017bcdc7b 1 0000353affff96f500002d250000742affff7067ffffea340000051c00002cb1
0 0000000000000000 1 0ace1b76c3c4455f 1 ffffe3e600007a90ffffa844000002f6000078adffffdd0a00001758ffffc285
0 0000000000000000 1 6acbfa0b26ae4446 1 000009e3ffffd8de00001ca7ffffef9cffffb5ff00005befffffd249000011ee
0 0000000000000000 1 cd5242d0532e7ee4 1 ffffc568fffffe030000106bffff67440000733cffffd69900004a15ffffdab3
0 0000000000000000 0 0000000000000000 1 ffffe0ff00001667000069e8ffffb20d00004e8effffe810ffffe03c00003eb3
0 0000000000000000 0 0000000000000000 1 ffffecc9ffffcfed00008a5fffffdd40ffffb95bffffec7cffffe94000008196
0 0000000000000000 0 0000000000000000 1 ffffefcd000060b7ffffcd2200001dd5000032cb000020be00002498ffffab6b
0 0000000000000000 0 0000000000000000 1 00003ecbffffaf75fffff7c60000431cffff79c300004ddfffff84dd00003e8a
0 0000000000000000 0 0000000000000000 1 00001742ffffcc9900002b40000005feffffaf94000067e5ffffd05ffffffabc
0 0000000000000000 0 0000000000000000 1 ffffa3a700007a520000617a00000f01ffffefdffffff11d00004f76000024c5
0 0000000000000000 0 0000000000000000 1 000003a1ffffe20fffffb64cffffd4d000003065fffffc54ffffe2adffffcf19
0 0000000000000000 0 0000000000000000 1 00004136fffffc08ffffd6d70000583ffffffb7000000b38ffff981400002133
0 0000000000000000 0 0000000000000000 1 00002129ffffb1980000645f00000d69ffffd7c5ffffca150000091b0000533d
0 0000000000000000 0 0000000000000000 1 fffff3f1ffffe3d900001360fffff87cffffc6d6ffffc6bb0000442c0000253e
0 0000000000000000 0 0000000000000000 1 fffffcd8ffff9db000004769ffffe7defffff016ffffcec400002cfd00000853
0 0000000000000000 0 0000000000000000 1 00002fb4ffff6b25000021280000102cffff6ce800002614ffffca8700003b6a
0 0000000000000000 0 0000000000000000 1 00004d0affffa175fffff22100007813ffff78310000255cffffd0b100001312
0 0000000000000000 0 0000000000000000 1 ffffc9b6000052610000293b00000bfb00002426ffffc28700000ac900004213
0 0000000000000000 0 0000000000000000 0 0000000000000000000000000000000000000000000000000000000000000000
0 0000000000000000 0 0000000000000000 0 0000000000000000000000000000000000000000000000000000000000000000
0 0000000000000000 0 0000000000000000 0 0000000000000000000000000000000000000000000000000000000000000000
0 0000000000000000 0 0000000000000000 0 0000000000000000000000000000000000000000000000000000000000000000
1 9a8330fa7e905948 0 0000000000000000 0 0000000000000000000000000000000000000000000000000000000000000000
1 f6085e80cb3263d6 0 0000000000000000 0 0000000000000000000000000000000000000000000000000000000000000000
1 324934614ada0b71 0 0000000000000000 0 0000000000000000000000000000000000000000000000000000000000000000
1 e36e38e92cfc48f6 0 0000000000000000 0 0000000000000000000000000000000000000000000000000000000000000000
1 71861d4bff25e715 0 0000000000000000 0 0000000000000000000000000000000000000000000000000000000000000000
1 a0ba0030494faf99 0 0000000000000000 0 0000000000000000000000000000000000000000000000000000000000000000
1 95cd6880f0746623 0 0000000000000000 0 0000000000000000000000000000000000000000000000000000000000000000
1 0567db174959dc9b 0 0000000000000000 0 0000000000000000000000000000000000000000000000000000000000000000
0 0000000000000000 1 e1bdfbf15e0123e5 0 0000000000000000000000000000000000000000000000000000000000000000
0 0000000000000000 1 1721d4c4b7115104 0 0000000000000000000000000000000000000000000000000000000000000000
0 0000000000000000 1 d89ef35e4d79aeec 0 0000000000000000000000000000000000000000000000000000000000000000
0 0000000000000000 1 05bcb1f71ce14a39 0 0000000000000000000000000000000000000000000000000000000000000000
0 0000000000000000 1 1a82c1f576700db1 0 0000000000000000000000000000000000000000000000000000000000000000
0 0000000000000000 1 1867bf0d76c08991 0 0000000000000000000000000000000000000000000000000000000000000000
0 0000000000000000 1 7dd9ab0f6cc87d25 0 0000000000000000000000000000000000000000000000000000000000000000
0 0000000000000000 1 7b53e85ebc8f5701 0 0000000000000000000000000000000000000000000000000000000000000000
0 0000000000000000 1 0a3b632b9c4f6251 0 0000000000000000000000000000000000000000000000000000000000000000
0 0000000000000000 1 0f92852be19e77f7 0 0000000000000000000000000000000000000000000000000000000000000000
0 0000000000000000 1 2cc45076aa153063 0 0000000000000000000000000000000000000000000000000000000000000000
0 0000000000000000 1 56e85d204a6a98f8 0 0000000000000000000000000000000000000000000000000000000000000000
0 0000000000000000 1 772b2aad9c75e3e7 0 0000000000000000000000000000000000000000000000000000000000000000
0 0000000000000000 1 35cf17eeb5f084b2 0 0000000000000000000000000000000000000000000000000000000000000000
0 0000000000000000 1 5d339d3f90d7451b 1 000029a7ffffc644fffffa0f0000297bfffff09f000015d2ffffdf2000001766
0 0000000000000000 1 5b0b09c1f9f7a1c6 1 ffffab60ffffdf160000126dffffa957ffffeeab000024a400002374ffffeca5
0 0000000000000000 1 c3c6667e063e4fd7 1 00001d13fffff7a9ffffd0bd0000790400002ea00000032effff9a69ffffcdbb
0 0000000000000000 1 a6059cfa3f4ca03c 1 ffffec6cffffe45dffffeef3ffffe745fffffad600002c3afffffe0fffffec71
0 0000000000000000 1 e4207e4dbd1b5599 1 fffff29dffff5f71ffffe5790000517b00001aeb00000395ffffb3d7fffffe2b
0 0000000000000000 1 6a608f7cda84ce94 1 00005fe7ffffaedd00000d07fffffa3dffffbb02ffffb3db000019f60000179b
0 0000000000000000 1 5171138525e2e3c1 1 ffffce91ffff81c8000034cdffffc8fb000021f4000011e9000050b700002555
0 0000000000000000 1 6dc1544eb50d545e 1 ffffa46e00001675000060b9ffff6d8f00000f77ffffd7900000b12f00003a19
0 0000000000000000 1 b8daebe2be59496a 1 ffff9708000052ca000045d5ffffcbb50000449b00004a4600003711ffffe89b
0 0000000000000000 1 50c73572922b4a96 1 ffffc694fffff2e2fffff8faffffac6affffdc2a0000059c0000343300001700
0 0000000000000000 1 683852bf3ed9a693 1 ffffb31b000073ab000017bb00000c5100006d0a00000588000023ad000004ec
0 0000000000000000 1 6788af0d12717f3c 1 00001170ffffcec70000007e0000872f000071d6ffffc0e2ffffd08900001449
0 0000000000000000 1 3579b8596c028e21 1 ffff9421ffffbaef000008fb000003fa00004bfbffffcf380000012bfffffed1
0 0000000000000000 1 14e937c4317e5193 1 00000a87000004daffffc91500003f9c00001506ffff7907ffffe15a00002fe8
0 0000000000000000 1 ded24b264bc22a31 1 ffff801b000010ba00002947ffff70930000098ffffffacc00007120ffffe9b8
0 0000000000000000 1 8f3e79da8db707e3 1 00000b11ffffbccbffffea25000027fd00001525ffff96fcfffff86500002b2a
0 0000000000000000 1 852c2141738b7136 1 ffffe9cc00003b270000363f00001bf500002227000027cb00000d39000022fc
0 0000000000000000 1 6dc9f8c09412acdb 1 0000396b00000578ffffb2cd0000305bffffe14400004135ffff8fc6ffff7bc1
0 0000000000000000 0 0000000000000000 1 ffffcc8e000031dc00005ac4ffffd72900000287fffffff300004c1000004b62
0 0000000000000000 0 0000000000000000 1 ffffde6afffff6d30000324affff8479ffffd610ffff8b4000008e35000029e3
0 0000000000000000 0 0000000000000000 1 0000136effff8f8c00002326ffffe5e8ffffe7f9ffffcac8000029440000356e
0 0000000000000000 0 0000000000000000 1 ffff97590000378d00002b79000000ad000081effffff63c00003e8a0000260a
0 0000000000000000 0 0000000000000000 1 ffffc28500003250ffffe094fffff1cd00000c8100007385ffffc766ffffa0d3
0 0000000000000000 0 0000000000000000 1 ffff7e1c0000068700003eb2ffffddc700003feeffffc245000051a300004c68
0 0000000000000000 0 0000000000000000 1 0000393cffff9d9d00001cb70000348800000f4effff808800001ccf00006e46
0 0000000000000000 0 0000000000000000 1 ffff7404ffff8fcf0000069afffffa1400005faf00003b33fffffa3bffffda19
0 0000000000000000 0 0000000000000000 1 00002d3affffeb960000145dfffffaf600000c34fffff1c9000019eaffffc33f
0 0000000000000000 0 0000000000000000 1 ffffccddffff759f00002f90000018f3000013c90000184efffff27f00002b6c
0 0000000000000000 0 0000000000000000 1 0000417200002d70000012c200002a8d00000e60000015f00000067000002f1d
0 0000000000000000 0 0000000000000000 1 00002ba9000088fe00000bdaffffdf6dffffbaebfffffe1f0000146600002d47
0 0000000000000000 0 0000000000000000 1 00005ed500004b2d00004125ffffcba7ffffb59600006afc0000392c000014de
0 0000000000000000 0 0000000000000000 1 ffffc85fffffdbacffffc79b00002613000033faffff8ac7ffffe6de000019a9
0 0000000000000000 0 0000000000000000 0 0000000000000000000000000000000000000000000000000000000000000000
0 0000000000000000 0 0000000000000000 0 0000000000000000000000000000000000000000000000000000000000000000
0 0000000000000000 0 0000000000000000 0 0000000000000000000000000000000000000000000000000000000000000000
0 0000000000000000 0 0000000000000000 0 0000000000000000000000000000000000000000000000000000000000000000
1 062a21b417f1706a 0 0000000000000000 0 0000000000000000000000000000000000000000000000000000000000000000
1 495635ce7caaea66 0 0000000000000000 0 0000000000000000000000000000000000000000000000000000000000000000
1 59001c4d57d07f1a 0 0000000000000000 0 0000000000000000000000000000000000000000000000000000000000000000
1 f11d6466f18c0c20 0 0000000000000000 0 0000000000000000000000000000000000000000000000000000000000000000
1 913dd742f6fd5fe2 0 0000000000000000 0 0000000000000000000000000000000000000000000000000000000000000000
1 4933f985b1dddeb2 0 0000000000000000 0 0000000000000000000000000000000000000000000000000000000000000000
1 892bfd237545d9ac 0 0000000000000000 0 0000000000000000000000000000000000000000000000000000000000000000
1 013007a7a6153d9f 0 0000000000000000 0 0000000000000000000000000000000000000000000000000000000000000000
0 0000000000000000 1 09cad7c37d64855c 0 0000000000000000000000000000000000000000000000000000000000000000
0 0000000000000000 1 68fb0fc7f95907dd 0 0000000000000000000000000000000000000000000000000000000000000000
0 0000000000000000 1 be06f15724af8c11 0 0000000000000000000000000000000000000000000000000000000000000000
0 0000000000000000 1 4a0e275929314e61 0 0000000000000000000000000000000000000000000000000000000000000000
0 0000000000000000 1 3c025540b985f0ed 0 0000000000000000000000000000000000000000000000000000000000000000
0 0000000000000000 1 7b07cd32fe2b36ba 0 0000000000000000000000000000000000000000000000000000000000000000
0 0000000000000000 1 9ef105e5717968a7 0 0000000000000000000000000000000000000000000000000000000000000000
0 0000000000000000 1 7c7017b7c8856096 0 0000000000000000000000000000000000000000000000000000000000000000
0 0000000000000000 1 765a39977fe5be7b 0 0000000000000000000000000000000000000000000000000000000000000000
0 0000000000000000 1 536e7bfa2bb2e372 0 0000000000000000000000000000000000000000000000000000000000000000
0 0000000000000000 1 42b2f4ffb7ba97a8 0 0000000000000000000000000000000000000000000000000000000000000000
0 0000000000000000 1 1211ef2ffb54681f 0 0000000000000000000000000000000000000000000000000000000000000000
0 0000000000000000 1 3e1a4b6b0a19e993 0 0000000000000000000000000000000000000000000000000000000000000000
0 0000000000000000 1 fc05f3c55206df6d 0 0000000000000000000000000000000000000000000000000000000000000000
0 0000000000000000 1 9cfacd75da61c7a8 1 000005fc000016b9ffffc6dfffffa29effff5ffe00000c3300003b25ffffbace
0 0000000000000000 1 91afe6a08b889863 1 000022970000139afffff565ffffb076000003ac0000058800001ae000001423
0 0000000000000000 1 aedc274708c35093 1 00000522ffffe9300000175a00004b01ffffcf61ffffca0600000d160000247f
0 0000000000000000 1 08793e35890c4477 1 ffffe66300004dbf00002d4dfffff2750000064bffffdd1f00004aa1ffffe139
0 0000000000000000 1 a1a068dc78172399 1 00001edaffffe218000038d900004e1300004798ffffdaa700003b2500006485
0 0000000000000000 1 daca333589bf4011 1 ffffe3f90000203b00001bdbffffe93e00001e47ffffec4efffffee5000032ba
0 0000000000000000 1 7b09525c234934bc 1 ffffbd9000001ba3ffffcd34000026ed00001847000018f1ffffcc71ffff9c11
0 0000000000000000 1 324835498876143f 1 fffff7490000081a0000157b00000dc80000c6c5000012870000084900008de2
0 0000000000000000 1 9ff80dbdb874d717 1 000016cb00004a8fffffef99ffffaca1000009affffffa3f00009d5300002dc7
0 0000000000000000 1 2b7fb7e97d6f1dd0 1 0000317700003d1a00002b49fffff972000047f3ffffcd890000917f00004afc
0 0000000000000000 1 cebf3d6440a65ede 1 00002359ffffaf0900000316000016afffffe388fffffff2000006d000005c96
0 0000000000000000 1 691a016ba5f20968 1 ffffe681000034d000001479ffffdebe00000c3afffffa46ffffeab7ffffcb7f
0 0000000000000000 1 939e00655c798949 1 000029bb00000e1700003a610000430600003916ffffa26900002d0900006115
0 0000000000000000 1 666c3c7808b657e7 1 ffffee3100001df8ffffde1fffffcca5ffffc6a5000019fe0000313dffffcdbb
0 0000000000000000 1 da2778ff6a274d25 1 000029a6ffffeb0700001bb000001c89ffffc45cffffb906ffff99aefffff898
0 0000000000000000 1 d453819cfb156de7 1 00002421ffff9503ffffd286ffffed8fffffa2d900004ff5ffffd0f4ffffd203
0 0000000000000000 1 5f238550847f2c54 1 ffffc2bcffffdd4000000a720000979900004daffffffe48ffffdacefffffd3d
0 0000000000000000 1 9f1fde49d3cfaa91 1 00004d04000037bc00004ac1ffffc93d0000437bffffcf16fffffe9600000755
0 0000000000000000 0 0000000000000000 1 ffffca85ffffdfd4ffffc61e00007c5f000016d700001f1000001c32ffffbef3
0 0000000000000000 0 0000000000000000 1 000001b7ffffd24300001ec100003dad000020a300000fb7ffffe693ffffecdd
0 0000000000000000 0 0000000000000000 1 000009c50000347e0000348e00001bbf00003daaffffbac100004d33000038b4
0 0000000000000000 0 0000000000000000 1 0000707b000032bf00004925ffffa5520000085effffb5b3fffffd2a00000b93
0 0000000000000000 0 0000000000000000 1 00005756ffffe930ffffe28fffffafadffffbff200000c1dffffbb29ffffb76d
0 0000000000000000 0 0000000000000000 1 ffffe8fa00005ee2fffff629ffffbadb000020e9ffffde2afffff26500001252
0 0000000000000000 0 0000000000000000 1 ffff9a66fffff406000010030000aa2500003b150000021e00001ff1ffffe60e
0 0000000000000000 0 0000000000000000 1 000023a40000229f00004e85ffffd306fffff786ffffce61000028b7000027e2
0 0000000000000000 0 0000000000000000 1 00000dcc0000005dfffff67600000fadffff47d6ffffcdd600001310ffff942f
0 0000000000000000 0 0000000000000000 1 ffffede800003fb3000057fc000048b0000091e9ffffb38a0000405200006ce5
0 0000000000000000 0 0000000000000000 1 ffffed8500003ba7fffffdfa00002d9d00003e53fffff04b000046c0ffffcc47
0 0000000000000000 0 0000000000000000 1 ffffc5bc000019f3ffffd4d3ffffbb060000334500004456ffff86b8ffffd559
0 0000000000000000 0 0000000000000000 1 0000229d0000374d00003775ffff63aaffffbf3bffffe454ffffbbb7ffffec5c
0 0000000000000000 0 0000000000000000 1 0000238dffffcb070000193b0000506000000711ffffc782ffffadea00004457
0 0000000000000000 0 0000000000000000 0 0000000000000000000000000000000000000000000000000000000000000000
0 0000000000000000 0 0000000000000000 0 0000000000000000000000000000000000000000000000000000000000000000
0 0000000000000000 0 0000000000000000 0 0000000000000000000000000000000000000000000000000000000000000000
0 0000000000000000 0 0000000000000000 0 0000000000000000000000000000000000000000000000000000000000000000
1 1caa14d4c95d4467 0 0000000000000000 0 0000000000000000000000000000000000000000000000000000000000000000
1 cecdab84661986dd 0 0000000000000000 0 0000000000000000000000000000000000000000000000000000000000000000
1 be0a358681f3e0c0 0 0000000000000000 0 0000000000000000000000000000000000000000000000000000000000000000
1 49af8deb26640f88 0 0000000000000000 0 0000000000000000000000000000000000000000000000000000000000000000
1 2ccfaa2857fb41cd 0 0000000000000000 0 0000000000000000000000000000000000000000000000000000000000000000
1 c7294df7f6cd9610 0 0000000000000000 0 0000000000000000000000000000000000000000000000000000000000000000
1 e4b427822a79c99b 0 0000000000000000 0 0000000000000000000000000000000000000000000000000000000000000000
1 f2f6261486afddb6 0 0000000000000000 0 0000000000000000000000000000000000000000000000000000000000000000
0 0000000000000000 1 bc8a3daaa89384b7 0 0000000000000000000000000000000000000000000000000000000000000000
0 0000000000000000 1 cd95f23dcbc00ac4 0 0000000000000000000000000000000000000000000000000000000000000000
0 0000000000000000 1 0e57ade31ec7eaaf 0 0000000000000000000000000000000000000000000000000000000000000000
0 0000000000000000 1 f4013356e7eb907c 0 0000000000000000000000000000000000000000000000000000000000000000
0 0000000000000000 1 c9dc831336996aac 0 0000000000000000000000000000000000000000000000000000000000000000
0 0000000000000000 1 c54ad84f8ab404a0 0 0000000000000000000000000000000000000000000000000000000000000000
0 0000000000000000 1 dd6168405952ce02 0 0000000000000000000000000000000000000000000000000000000000000000
0 0000000000000000 1 447998e719ab9a92 0 0000000000000000000000000000000000000000000000000000000000000000
0 0000000000000000 1 8315863668023ca5 0 0000000000000000000000000000000000000000000000000000000000000000
0 0000000000000000 1 91407940013b5d8c 0 0000000000000000000000000000000000000000000000000000000000000000
0 0000000000000000 1 b8c8159f06cd3959 0 0000000000000000000000000000000000000000000000000000000000000000
0 0000000000000000 1 58438a8efb6cc522 0 0000000000000000000000000000000000000000000000000000000000000000
0 0000000000000000 1 5454fad237c473c3 0 0000000000000000000000000000000000000000000000000000000000000000
0 0000000000000000 1 ab253c774aa695b9 0 0000000000000000000000000000000000000000000000000000000000000000
0 0000000000000000 1 283759847c4bf32d 1 0000020f000072ff0000342e00005c3dffffa95dffffab01000054eb00005e94
0 0000000000000000 1 bccfbd39bf846f9e 1 00002ba7000011dffffff86a00002e9fffffff0c0000210f00003ddefffff4f9
0 0000000000000000 1 d61c57f4699da000 1 0000165affffeab9ffffb57400000894000073f100002078000011f4000032a3
0 0000000000000000 1 e1299fbcb123c755 1 00000fb700000871ffffe61500001fddffffa14cffffc33e00000475ffffd1fc
0 0000000000000000 1 184323b8188ef56b 1 00003fe0ffffd7bcffffb7cd0000263a00008e1a0000566b0000405bffffe267
0 0000000000000000 1 b140a4c2f2b69b45 1 00000d63fffff77fffffba31ffffd9a50000530100004465ffffe477fffff00b
0 0000000000000000 1 9722bba33e9d842f 1 ffffe310fffff31cffffc949ffffc402000015f6ffffe623ffffbe57ffffb333
0 0000000000000000 1 c15d084b1369fcd7 1 00002be2ffffe514ffff910100001dd2000080fd000023130000326e00006e48
0 0000000000000000 1 8882818d17942a2d 1 00002cecffffee1dffff970b00002c900000c03d000026a700000055ffffbe10
0 0000000000000000 1 a08a03e8f6a59cb7 1 ffffc99ffffffb32ffffecbdffff7c6900004365000035abffff9c58ffff8eab
0 0000000000000000 1 1dbf63e6f49a09a5 1 ffffe346000025240000416e00001314ffffc34fffffc23efffffd7bffffde4f
0 0000000000000000 1 1f5dc552af010bee 1 ffffe624000016fe000029a200002d200000119bffffc3e9ffffd98e00008261
0 0000000000000000 1 03d68f899f7520e8 1 fffffac8ffffad79ffffe209ffff9cd80000508b00006997000002c7000002ee
0 0000000000000000 1 dfdd4b4cf8b98e9d 1 00003249fffff7d6ffff75450000142d000041d90000048c00003003ffffbc55
0 0000000000000000 1 5e602bf1e183ef6d 1 ffffc2e7000008b200002c98ffffd8e5ffffde65ffffb933ffffdb180000108e
0 0000000000000000 1 2dc9bd7227e9645a 1 00002d51ffffe769ffffd662fffffa9700005474000069a000002965ffffd71b
0 0000000000000000 1 f0076e6ab9c8a1f3 1 00000ead00000846ffffbb2600001451ffffff0affffceab00003433ffffe5eb
0 0000000000000000 1 70b5ba5af2913077 1 ffffe66f0000364d0000236e00003a65ffffeef3ffffa7d7ffffca71000035e4
0 0000000000000000 0 0000000000000000 1 fffff0d8ffffeaf9fffff713ffffe62effffd14dffffe08c000006e2fffff300
0 0000000000000000 0 0000000000000000 1 0000063e00002feeffffd6af0000570600001b97ffff9f73fffffbbc00001d98
0 0000000000000000 0 0000000000000000 1 000010d600003e7cffffc97b000077f6000026baffff85620000240800001ebf
0 0000000000000000 0 0000000000000000 1 ffffe8d6fffffb30ffffceabffffd1dc00004efe000004e1ffffa627ffffc4fd
0 0000000000000000 0 0000000000000000 1 0000206100003cea00001eb200008dd9000012feffffbc4f000048b100000db1
0 0000000000000000 0 0000000000000000 1 0000266700005359fffff90000007759fffff319ffffc23b00005f8f00002cde
0 0000000000000000 0 0000000000000000 1 00000792000002250000113dffffe3a0ffffd7a600002a9b00004a7a00001ac3
0 0000000000000000 0 0000000000000000 1 00000975ffffd3e9ffffcd02ffffcf81000036a7000043a6ffffd336fffff922
0 0000000000000000 0 0000000000000000 1 ffffd6d2000045570000715500002e8c0000002bffffd58cffffcf4c00006fee
0 0000000000000000 0 0000000000000000 1 000025e1000018d0ffffc3b300001e45fffffbc00000023700004463000007e2
0 0000000000000000 0 0000000000000000 1 fffffa92ffffc66dffffe984ffffbe84ffffbe1c000012770000059afffffa8a
0 0000000000000000 0 0000000000000000 1 00003d69ffffa8cdffffdd45000006330000063f00005185000026dbffffaa43
0 0000000000000000 0 0000000000000000 1 00000a1e00000812ffffda30ffffe6dcffffc00f0000027200000c39ffffdf4d
0 0000000000000000 0 0000000000000000 1 00005129ffffa81cffffe70600001e71ffffc8e200004f7f00005f57ffffe525
0 0000000000000000 0 0000000000000000 0 0000000000000000000000000000000000000000000000000000000000000000
0 0000000000000000 0 0000000000000000 0 0000000000000000000000000000000000000000000000000000000000000000
0 0000000000000000 0 0000000000000000 0 0000000000000000000000000000000000000000000000000000000000000000
0 0000000000000000 0 0000000000000000 0 0000000000000000000000000000000000000000000000000000000000000000
1 b7fc87775d465fc8 0 0000000000000000 0 0000000000000000000000000000000000000000000000000000000000000000
1 1afbdc6c11a71d54 0 0000000000000000 0 0000000000000000000000000000000000000000000000000000000000000000
1 cc7f0fc8c0f7a8e7 0 0000000000000000 0 0000000000000000000000000000000000000000000000000000000000000000
1 c860df84c8e616b9 0 0000000000000000 0 0000000000000000000000000000000000000000000000000000000000000000
1 87a23ca2debf532b 0 0000000000000000 0 0000000000000000000000000000000000000000000000000000000000000000
1 e32de6a784010872 0 0000000000000000 0 0000000000000000000000000000000000000000000000000000000000000000
1 af3c6d0f35a0c091 0 0000000000000000 0 0000000000000000000000000000000000000000000000000000000000000000
1 5f03d71b7e7cd3f9 0 0000000000000000 0 0000000000000000000000000000000000000000000000000000000000000000
0 0000000000000000 1 bb1bd9e103391344 0 0000000000000000000000000000000000000000000000000000000000000000
0 0000000000000000 1 1b6ac89470b6e5ed 0 0000000000000000000000000000000000000000000000000000000000000000
0 0000000000000000 1 e9832acf44b5f73e 0 0000000000000000000000000000000000000000000000000000000000000000
0 0000000000000000 1 ab9168eb8dab4b00 0 0000000000000000000000000000000000000000000000000000000000000000
0 0000000000000000 1 0e0234ec4643c04e 0 0000000000000000000000000000000000000000000000000000000000000000
0 0000000000000000 1 bc3ddd47a175764d 0 0000000000000000000000000000000000000000000000000000000000000000
0 0000000000000000 1 db9b72a7ed79c9c5 0 0000000000000000000000000000000000000000000000000000000000000000
0 0000000000000000 1 8eb779851637deee 0 0000000000000000000000000000000000000000000000000000000000000000
0 0000000000000000 1 730dc2e3fb292a65 0 0000000000000000000000000000000000000000000000000000000000000000
0 0000000000000000 1 d0cc745350a88657 0 0000000000000000000000000000000000000000000000000000000000000000
0 0000000000000000 1 b59d69bf5bd22138 0 0000000000000000000000000000000000000000000000000000000000000000
0 0000000000000000 1 2f75d7e8fecd4a46 0 0000000000000000000000000000000000000000000000000000000000000000
0 0000000000000000 1 07f84dfa477ea891 0 0000000000000000000000000000000000000000000000000000000000000000
0 0000000000000000 1 8bcd0ab3482feb32 0 0000000000000000000000000000000000000000000000000000000000000000
0 0000000000000000 1 9b16569622437150 1 00003078ffffefbf000016a4fffff63b000002a70000018affffe63f00003426
0 0000000000000000 1 310d7241e8740763 1 fffffb01ffff7c8b00000849000066d900003c80ffffd3aa00004c1600003e62
0 0000000000000000 1 dab3e2cbb23a9629 1 fffffe43ffffddba00002f05ffffd63d0000278300003884ffffe1b6ffffd1bc
0 0000000000000000 1 3765b3c94adbe886 1 000024b000005c1400004e33ffffe94100000c5100000e91ffff73a3ffff9027
0 0000000000000000 1 d35f116b4fe775f8 1 fffffe8bfffff607ffffe096ffffd925ffffebfc00002f9b00000ce800004146
0 0000000000000000 1 5443f240b724b976 1 0000280d00005d240000101fffffe8a2fffff6d7ffffe3d8ffffb9a10000017e
0 0000000000000000 1 7105e38fd098de58 1 fffff3630000286500001322ffffa9d4ffff824f00001b5fffffcdbc000040a8
0 0000000000000000 1 2966bf10faa88491 1 00000edf00000a8500004b12ffffae3bffffa0ef0000011bffffadc7000042b4
0 0000000000000000 1 a53217ba7f50555b 1 00000960ffffe863ffffc44b0000573f000067b2000042a700002260fffff5a7
0 0000000000000000 1 79e126fa6adb147f 1 000009bb00001205fffff3e8ffff956bffffed8400003baeffffedf3ffffefdc
0 0000000000000000 1 fd952d97ae561453 1 ffffe8c3fffffdb600005efcffffb24efffffebd00000849ffffb93fffffe2a8
0 0000000000000000 1 eb8b62fae874b09a 1 00001558ffffe993fffff308000079fc00007316ffffee85000009aeffffedb9
0 0000000000000000 1 50094dfe929952ce 1 ffffb1af00000a26fffff341ffff9b34ffff60c3ffffdc4c00002b2d00006337
0 0000000000000000 1 c53b8d3c5f7f5d23 1 00001cd7ffffd46600004423ffffb079ffffd46300000734ffffda0600004600
0 0000000000000000 1 35c360e70464ae76 1 0000070700001ec7000063d0ffffe625fffff842ffffd87bffff9925000022ad
0 0000000000000000 1 2da27a4a353ffd79 1 ffffeeb300006feaffffc708ffffcf2dffffe51f00003225ffffdabf00000645
0 0000000000000000 1 9699a16329f1d214 1 000063c1ffffedd0ffffd5fefffff4adffffecad00006675ffffeac000003a3e
0 0000000000000000 1 d820465134c5a581 1 ffffd1c8ffff999dfffff8cd000053140000010cffffaf31000067e000003594
0 0000000000000000 0 0000000000000000 1 ffffb1200000295500004344ffffcd4ffffff035ffff834cfffffa67ffffd94e
0 0000000000000000 0 0000000000000000 1 000044600000204fffff7fe900003df300003c1a000060200000178a0000128e
0 0000000000000000 0 0000000000000000 1 00004cc7ffffbdc8ffffb97f0000b0c90000a66000006cd0000010faffffe10e
0 0000000000000000 0 0000000000000000 1 00001338ffffb77effffbceb00005262fffffd89ffffe2530000604e00002b04
0 0000000000000000 0 0000000000000000 1 ffffeb74ffffe6060000599cffffcbcdfffff298ffffc84effffdc6700004718
0 0000000000000000 0 0000000000000000 1 ffffced5ffffe811ffffdef200001a450000683400004618000021b3ffffce7f
0 0000000000000000 0 0000000000000000 1 0000394e000023f9ffffffe80000049e000011c000006352ffffaec9000003db
0 0000000000000000 0 0000000000000000 1 ffffd92d00003a3dfffffdc3ffff8363ffff61a60000133dffffea8600002b66
0 0000000000000000 0 0000000000000000 1 ffffee0f00004cf1fffff94b000064d7000043b7fffff4cdffffd179ffff87f5
0 0000000000000000 0 0000000000000000 1 ffffd553ffffe6de0000307affffb3aaffffd875ffffafc2000022d800003a16
0 0000000000000000 0 0000000000000000 1 0000152d000024e3ffffb958ffffd96bfffff4ce00007a25ffffedca00002b7b
0 0000000000000000 0 0000000000000000 1 ffffce51000051bcffffe6edffff91f4fffff0cc00004fb4ffffe11bffffd9d3
0 0000000000000000 0 0000000000000000 1 000015b4ffffdd6d0000229affff7dadffffd6e30000109400000af8fffff6d1
0 0000000000000000 0 0000000000000000 1 ffffca7d00000cd2000007d7ffffb30dffff94b3ffffb66d00001fc500000f57
0 0000000000000000 0 0000000000000000 0 0000000000000000000000000000000000000000000000000000000000000000
0 0000000000000000 0 0000000000000000 0 0000000000000000000000000000000000000000000000000000000000000000
0 0000000000000000 0 0000000000000000 0 0000000000000000000000000000000000000000000000000000000000000000
0 0000000000000000 0 0000000000000000 0 0000000000000000000000000000000000000000000000000000000000000000
1 1ad064ec4bc187fc 0 0000000000000000 0 0000000000000000000000000000000000000000000000000000000000000000
1 dcfd516167834131 0 0000000000000000 0 0000000000000000000000000000000000000000000000000000000000000000
1 e65ceff07e66bbdf 0 0000000000000000 0 0000000000000000000000000000000000000000000000000000000000000000
1 58c0a6722310408a 0 0000000000000000 0 0000000000000000000000000000000000000000000000000000000000000000
1 a5eae827e1551115 0 0000000000000000 0 0000000000000000000000000000000000000000000000000000000000000000
1 de8af288577a24b5 0 0000000000000000 0 0000000000000000000000000000000000000000000000000000000000000000
1 17f0e165252289b4 0 0000000000000000 0 0000000000000000000000000000000000000000000000000000000000000000
1 9f36e30f0aa44d12 0 0000000000000000 0 0000000000000000000000000000000000000000000000000000000000000000
0 0000000000000000 1 59eed224cfa066bb 0 0000000000000000000000000000000000000000000000000000000000000000
0 0000000000000000 1 0ae186fdaef1238e 0 0000000000000000000000000000000000000000000000000000000000000000
0 0000000000000000 1 525ed48b650e4653 0 0000000000000000000000000000000000000000000000000000000000000000
0 0000000000000000 1 6e59e6f12fe4f707 0 0000000000000000000000000000000000000000000000000000000000000000
0 0000000000000000 1 dd4609509bbe5421 0 0000000000000000000000000000000000000000000000000000000000000000
0 0000000000000000 1 6b2c8b13cd92bcaf 0 0000000000000000000000000000000000000000000000000000000000000000
0 0000000000000000 1 10d296955e7abea0 0 0000000000000000000000000000000000000000000000000000000000000000
0 0000000000000000 1 45f27942af6e4646 0 0000000000000000000000000000000000000000000000000000000000000000
0 0000000000000000 1 521b21220c1bd7cc 0 0000000000000000000000000000000000000000000000000000000000000000
0 0000000000000000 1 4adcfae59560cacb 0 0000000000000000000000000000000000000000000000000000000000000000
0 0000000000000000 1 f81b026dc30518f9 0 0000000000000000000000000000000000000000000000000000000000000000
0 0000000000000000 1 934948977c35b4d6 0 0000000000000000000000000000000000000000000000000000000000000000
0 0000000000000000 1 b4087ddf46444801 0 0000000000000000000000000000000000000000000000000000000000000000
0 0000000000000000 1 14b9fca22515b346 0 0000000000000000000000000000000000000000000000000000000000000000
0 0000000000000000 1 82c03bd3632927e1 1 00005e18fffff186000018c700004edefffff278ffffcb22ffff91d7ffffe579
0 0000000000000000 1 3c01e91d59db8e58 1 00005e37ffffc71f00001470fffffb6effffbf70ffffe71fffffd96cfffff648
0 0000000000000000 1 1668b9e9688bf5a9 1 ffff9870fffffaf600004db70000152a00001e14ffffb8c1ffffe0d20000418d
0 0000000000000000 1 9ee5331982d10eb2 1 ffffebb1ffffefa500004b8d00002538000024f4ffffacbaffffeb56000028ce
0 0000000000000000 1 b179ff892e25758d 1 000034e600001dcaffffeaec000072f200002482ffffad54000006c8ffffdc58
0 0000000000000000 1 cdb91bc9e093e5d9 1 0000506affffe6e0000055040000244effffcdddffff717afffff1460000379c
0 0000000000000000 1 e81bf624ea432a4b 1 ffffdae8ffffa1c2000027bcffff79c4ffffc02b000054b0000007c8000026be
0 0000000000000000 1 e441633066882253 1 00000d53ffffecdcffffe875ffffeaf300008f34000033dcffffca53ffff977e
0 0000000000000000 1 5c9adb4486a542f6 1 00001509ffffddc9000022affffff2da0000378b00000c01ffffe7b7fffff18d
0 0000000000000000 1 daf59caf6b0c2d73 1 00002c6cffffcc4800002cbbffff8b380000244200001163ffffde4effffec93
0 0000000000000000 1 f88611fe00300d9d 1 00003a7cffffe69dffffe24c000038b1000024b0fffff03a000014bdffffc4b5
0 0000000000000000 1 b7bda3c7069c9880 1 ffff953a0000208300000c17ffffca85000008e4000054bc00003ec80000450c
0 0000000000000000 1 c79195ac37f5d533 1 ffffc34b000019aeffffd508fffff9b700003f0b00007f64ffffe90effffde55
0 0000000000000000 1 a5174e661b3858bd 1 ffffbaba000019dd00000f70ffff9b71ffffd4bc0000093000000c5b0000369b
0 0000000000000000 1 f052062ece133c37 1 ffffcd5b00001472ffffb9b3ffffe34dffffde98000097af0000010afffff135
0 0000000000000000 1 621da4469771c059 1 ffffcbf30000085100000c9a00000120ffffe63cffffc68c0000418300002f06
0 0000000000000000 1 6aba3a4e5e020582 1 fffffd760000023800003e2300005d22ffffd0dbffffb2a8fffffecb00004f46
0 0000000000000000 1 12a2c11faa05a1c3 1 00004f1a00002defffffda8600000929fffff335000018d7fffff306ffffe40f
0 0000000000000000 0 0000000000000000 1 ffffdefafffff635000029da00001c2d00001c3300002a4cffffd5dd00001d7d
0 0000000000000000 0 0000000000000000 1 0000155c0000504dfffff7cefffff02fffffb3ab00000266ffffe06b00002ba9
0 0000000000000000 0 0000000000000000 1 ffffed6fffffe7cbffffe3fe00000ef800002644fffffa3d000028e4ffffd99c
0 0000000000000000 0 0000000000000000 1 ffffc9bf000059ffffffe1a90000841200001c43ffffe0f700000e1d00001142
0 0000000000000000 0 0000000000000000 1 000073feffffffd8fffff7c500002448ffffe1ffffffc928ffff9f01ffffccd2
0 0000000000000000 0 0000000000000000 1 ffff9cd7fffffe49fffff3a100000426ffffb644ffffe7b600002c56000030b4
0 0000000000000000 0 0000000000000000 1 00002e3cffffddb8ffffdcddffffb946ffffe2fd0000805effffc2a7ffffce9f
0 0000000000000000 0 0000000000000000 1 00002a2a0000146100000880ffffd801ffff6359fffffc960000187d00004e3e
0 0000000000000000 0 0000000000000000 1 ffffce8900000853ffffe620ffffbb3cffff73df0000095300002c080000383e
0 0000000000000000 0 0000000000000000 1 00001eecffffe38fffffb2080000410700003ccb00007809000001f0ffff9fba
0 0000000000000000 0 0000000000000000 1 000001d9fffffc16fffff94700003ecd00003ce1ffffcdd200001a45ffffe25b
0 0000000000000000 0 0000000000000000 1 00001620ffffa66f00001e4affffcf4100003203ffffa3f2000044c7ffffdf27
0 0000000000000000 0 0000000000000000 1 0000380bffffca66fffff8bb0000044700001b3300007230ffff9e4bffffc24c
0 0000000000000000 0 0000000000000000 1 00004c96ffffdd7efffffcc7ffffb438ffffc0af0000017000000d29fffff6f4
0 0000000000000000 0 0000000000000000 0 0000000000000000000000000000000000000000000000000000000000000000
0 0000000000000000 0 0000000000000000 0 0000000000000000000000000000000000000000000000000000000000000000
0 0000000000000000 0 0000000000000000 0 0000000000000000000000000000000000000000000000000000000000000000
0 0000000000000000 0 0000000000000000 0 0000000000000000000000000000000000000000000000000000000000000000
1 f36bbc135a9a1cf5 0 0000000000000000 0 0000000000000000000000000000000000000000000000000000000000000000
1 f32fb8238b6406e7 0 0000000000000000 0 0000000000000000000000000000000000000000000000000000000000000000
1 88e84286253083ca 0 0000000000000000 0 0000000000000000000000000000000000000000000000000000000000000000
1 c5504eec91202fec 0 0000000000000000 0 0000000000000000000000000000000000000000000000000000000000000000
1 b966d1f0086dacb0 0 0000000000000000 0 0000000000000000000000000000000000000000000000000000000000000000
1 452b3d3bcb70ca9d 0 0000000000000000 0 0000000000000000000000000000000000000000000000000000000000000000
1 66d0ba73245c80fe 0 0000000000000000 0 0000000000000000000000000000000000000000000000000000000000000000
1 bf544130cab328fb 0 0000000000000000 0 0000000000000000000000000000000000000000000000000000000000000000
0 0000000000000000 1 e98fe114b05c622f 0 0000000000000000000000000000000000000000000000000000000000000000
0 0000000000000000 1 dd5bbdebf4c8da58 0 0000000000000000000000000000000000000000000000000000000000000000
0 0000000000000000 1 a04643e9c976887d 0 0000000000000000000000000000000000000000000000000000000000000000
0 0000000000000000 1 cd35b7aa6729b0cd 0 0000000000000000000000000000000000000000000000000000000000000000
0 0000000000000000 1 09460025f293b0c3 0 0000000000000000000000000000000000000000000000000000000000000000
0 0000000000000000 1 2eb92c35f3d3d4f8 0 0000000000000000000000000000000000000000000000000000000000000000
0 0000000000000000 1 572410aac2037250 0 0000000000000000000000000000000000000000000000000000000000000000
0 0000000000000000 1 f6ff2c820b92eb11 0 0000000000000000000000000000000000000000000000000000000000000000
0 0000000000000000 1 b20e4eae4a93eb50 0 0000000000000000000000000000000000000000000000000000000000000000
0 0000000000000000 1 6cc628357127f093 0 0000000000000000000000000000000000000000000000000000000000000000
0 0000000000000000 1 6d5f88e4bfe47dc1 0 0000000000000000000000000000000000000000000000000000000000000000
0 0000000000000000 1 bdfb06d18c0058dc 0 0000000000000000000000000000000000000000000000000000000000000000
0 0000000000000000 1 50076ca913afce26 0 0000000000000000000000000000000000000000000000000000000000000000
0 0000000000000000 1 9afd1b88290c7a7e 0 0000000000000000000000000000000000000000000000000000000000000000
0 0000000000000000 1 7b15d8f6fa48f5ab 1 00005aedffffd76c000039bd00004b1800000cbafffff4fbffffead5000004bd
0 0000000000000000 1 e6d0deae78f8ce0a 1 fffff0270000179cffffeda000001eb0ffffbcd7ffffdc9200004baa00002060
0 0000000000000000 1 8cc9ec337112e01d 1 ffffc6b9000014ae000076d8ffffe47affff8c86000016c400001ae4ffffd301
0 0000000000000000 1 dfb0e854f0364ded 1 0000117f00000e93ffffd1670000027bffffead3000040f80000051bffffe4b6
0 0000000000000000 1 8b17b8f169dd8387 1 ffffc994ffffff46ffffe42effffbfbaffffeae0ffffdc55000043790000263b
0 0000000000000000 1 610752c1b82c4286 1 ffffc86800000b84000024e8ffffc1c600002469ffffba2f00001a1f00000d80
0 0000000000000000 1 599b5927e5f09881 1 00003130fffffb46ffffc9ed0000514000003255ffffdb78ffffd9f800000bda
0 0000000000000000 1 5125b21a09efbc0f 1 ffffdb97ffffcb8fffffd5b8ffffd3b600004a83ffffc3fefffff30400002806
0 0000000000000000 1 c371d80296a8255b 1 ffffa301ffffea65fffffe67ffffc52e0000120ffffff922ffffd85e00000991
0 0000000000000000 1 acd778655a3e7d2b 1 ffffdef80000421dffffeb55ffffcf2f00003f7a000028a6ffffca51ffffc44e
0 0000000000000000 1 fce4493d5787849c 1 000080a0fffff6caffff73f200007a6700001855fffff7a00000167e00002cef
0 0000000000000000 1 422a89f5c1587fdd 1 0000580dffff894cfffffa86000023300000105200000d0effffe16f00002a0a
0 0000000000000000 1 6de1b55bd7254a76 1 ffffa45600000d38ffffeaa6ffffb70800005093ffffb37dffffedff000004ee
0 0000000000000000 1 194f53d1626caaa6 1 00001cd0ffffd19bfffff84d0000432900000ad200003a2fffff9843fffff37d
0 0000000000000000 1 2cae7f23be5184d5 1 00003403000027c4ffffcbbf00001bef0000217d0000010100000aa4ffffe9a9
0 0000000000000000 1 ac4f52bef7c6f2a9 1 ffffecb200001102ffffeaeefffff030000027b40000019afffff274fffff12c
0 0000000000000000 1 016dd05b1b736a92 1 ffffd7b4000016cb00003852ffffe991ffffcc8a00003f20fffff0cfffffe000
0 0000000000000000 1 ff1743d59567df61 1 00003420ffffee0b00002899000023f6fffff43a00002619ffffe60cfffff79e
0 0000000000000000 0 0000000000000000 1 fffff058ffffe913ffffe951ffffc07affffdaed00003d18000024ab00000334
0 0000000000000000 0 0000000000000000 1 00003be7ffffc4c0ffffcce4fffffb6a00005dba00001498ffffb173fffff620
0 0000000000000000 0 0000000000000000 1 ffffc7e3fffff2e2000024eeffff82ce00005809ffffb8fa00000f7600000223
0 0000000000000000 0 0000000000000000 1 fffff29900004a7dffffe49700000dffffffec18ffffc2400000599000000b54
0 0000000000000000 0 0000000000000000 1 00000cf7ffffdd88fffff233000031dbffffb12dffffdb7d000040f0000040f5
0 0000000000000000 0 0000000000000000 1 ffffd57500000e9f0000468bfffffbf6ffffd93e00009603ffff6b69ffffb07e
0 0000000000000000 0 0000000000000000 1 ffff809700000a2f00000a0effff688b00001aebffffed97000011d000000545
0 0000000000000000 0 0000000000000000 1 00009983fffffd66ffffb58c00008eebfffffca200002244fffffd6e0000045f
0 0000000000000000 0 0000000000000000 1 00001f1700005a0f00000e3a000062f1ffffeac4ffffbb9b0000339c000002ad
0 0000000000000000 0 0000000000000000 1 ffffd52900002e44fffff2a0ffffc408fffff8a7000073baffffb96effffa36a
0 0000000000000000 0 0000000000000000 1 ffffbffbfffffed100006d30ffff8fd300001cedffffd25500000728ffffdfb4
0 0000000000000000 0 0000000000000000 1 ffffec67ffffa7d5ffffe2b2ffffbf3d000002f100003f62ffffcd1a00000ace
0 0000000000000000 0 0000000000000000 1 0000599d00001b79ffffcdf60000528dffffaf490000b18bffffc381ffffc4bd
0 0000000000000000 0 0000000000000000 1 fffffd0cfffffcc500004bcf0000084affffdfb2ffffe70a000004dcffffeafe
0 0000000000000000 0 0000000000000000 0 0000000000000000000000000000000000000000000000000000000000000000
0 0000000000000000 0 0000000000000000 0 0000000000000000000000000000000000000000000000000000000000000000
0 0000000000000000 0 0000000000000000 0 0000000000000000000000000000000000000000000000000000000000000000
0 0000000000000000 0 0000000000000000 0 0000000000000000000000000000000000000000000000000000000000000000
1 c3195548bff1768a 0 0000000000000000 0 0000000000000000000000000000000000000000000000000000000000000000
1 8643e40955d8c3a8 0 0000000000000000 0 0000000000000000000000000000000000000000000000000000000000000000
1 16ea16eab4fdcc59 0 0000000000000000 0 0000000000000000000000000000000000000000000000000000000000000000
1 87f346904c823920 0 0000000000000000 0 0000000000000000000000000000000000000000000000000000000000000000
1 e4512011f6da8e78 0 0000000000000000 0 0000000000000000000000000000000000000000000000000000000000000000
1 80df314a516a824b 0 0000000000000000 0 0000000000000000000000000000000000000000000000000000000000000000
1 5e94757710999e7b 0 0000000000000000 0 0000000000000000000000000000000000000000000000000000000000000000
1 541fa85c11a62290 0 0000000000000000 0 0000000000000000000000000000000000000000000000000000000000000000
0 0000000000000000 1 9400283afc69a036 0 0000000000000000000000000000000000000000000000000000000000000000
0 0000000000000000 1 63cfe8c7a18520f0 0 0000000000000000000000000000000000000000000000000000000000000000
0 0000000000000000 1 e04d84965cc19a5d 0 0000000000000000000000000000000000000000000000000000000000000000
0 0000000000000000 1 15d693e309edbdae 0 0000000000000000000000000000000000000000000000000000000000000000
0 0000000000000000 1 efc56bcfeba4ca36 0 0000000000000000000000000000000000000000000000000000000000000000
0 0000000000000000 1 67264eaf9c6fd6ee 0 0000000000000000000000000000000000000000000000000000000000000000
0 0000000000000000 1 6cce1b78bc456578 0 0000000000000000000000000000000000000000000000000000000000000000
0 0000000000000000 1 d93967aa4dbca246 0 0000000000000000000000000000000000000000000000000000000000000000
0 0000000000000000 1 b41a32cd1a4b8040 0 0000000000000000000000000000000000000000000000000000000000000000
0 0000000000000000 1 2a3272cd4bda7e32 0 0000000000000000000000000000000000000000000000000000000000000000
0 0000000000000000 1 5e41c929bb92508e 0 0000000000000000000000000000000000000000000000000000000000000000
0 0000000000000000 1 ceac8c46b63304ae 0 0000000000000000000000000000000000000000000000000000000000000000
0 0000000000000000 1 8383840d2a2b0e45 0 0000000000000000000000000000000000000000000000000000000000000000
0 0000000000000000 1 ccbc60f0d6013d43 0 0000000000000000000000000000000000000000000000000000000000000000
0 0000000000000000 1 a3749c37c338a447 1 ffffbc2a00000f4fffffc499ffffc9ae00003fbb00002906ffffcd0800001e13
0 0000000000000000 1 c9760b52a5227e99 1 00006708ffffe4290000054a00001462ffffaa87fffff21d000089f6ffff998d
0 0000000000000000 1 f79170332c3700a3 1 000018e000007c97ffff762b000018a500000f4f00000c12000009edffff7ae5
0 0000000000000000 1 f984a8e1bcb5ea82 1 ffffe85c00001988fffff553ffffd8fafffff47a0000437700003779ffffdd93
0 0000000000000000 1 5f6536afbdd74107 1 00006eb600000abaffffbd21ffffe3b4ffffa656000000d80000380effffe4d3
0 0000000000000000 1 ea8cc887440f688c 1 ffffc072fffff30100000a5600003a7effffe67800006f0300000821ffffb9cb
0 0000000000000000 1 75211df61bf43a76 1 fffff918ffffba8f0000561400004f4d0000165bffff99f200003886ffffe829
0 0000000000000000 1 4b7ad5c129a5a712 1 00002da9000057e3ffff97bdfffff2baffffcaf800000820ffffe4d5ffffdbd3
0 0000000000000000 1 e78a8e32bbe08e0f 1 ffffdfc7000039fcffff9b61fffff076000010e90000511affffca45ffffedc3
0 0000000000000000 1 ca286fc3c7185af0 1 00004989fffff78200002ed40000609fffffd132ffffae5affffaca500003b66
0 0000000000000000 1 e3e158ee3921f1fe 1 ffffe909ffffe5a100004ca8ffffe75afffff789ffffc1630000573effffc813
0 0000000000000000 1 5139ac48acfe2c1b 1 ffffde0cffffc1f100002049ffffc88c000035db00002a4800001f8c00002665
0 0000000000000000 1 f5a2a3b38bb0f19c 1 00004a3effffe745ffffd93a00000bf10000305400000397ffffdc30000043ed
0 0000000000000000 1 f7b29d5a9c5f3634 1 00006d16ffffc2a6fffff9d600001fabffffdf98ffffeaf9ffffe4ee00003b52
0 0000000000000000 1 4442aefb4630eae5 1 ffff9c7a00002ff8ffff9b85ffffd55700007f36000005b90000064dffff8fa6
0 0000000000000000 1 832d697fc3374889 1 ffffb47bffffb19900005053ffffe93300005992ffffd566ffffb46e000047c5
0 0000000000000000 1 60823fb209d19048 1 ffffe9bcffffd16d000050b8ffffcb07ffffd4d400002865ffffcfe40000a50b
0 0000000000000000 1 ef576c2f9102dcb0 1 00003f5effffd62d0000059affffbd18ffffcab6000044430000602d00000217
0 0000000000000000 0 0000000000000000 1 00001a26fffff8b200000e1100004d7fffffdb82ffffee3e000010c8ffffaae4
0 0000000000000000 0 0000000000000000 1 00006217ffffc41c0000424300003efeffffcca900004aaeffffa50d00009869
0 0000000000000000 0 0000000000000000 1 00001aad000011fd00001605000067a4ffffe848ffffaec60000194dffffb8f1
0 0000000000000000 0 0000000000000000 1 ffffdc5000006e94ffffbb7bfffffe28ffffecc4fffff9c500003f33ffff6297
0 0000000000000000 0 0000000000000000 1 00000f5f00000623ffffc079ffffab4f0000024c0000223700008efeffffaba6
0 0000000000000000 0 0000000000000000 1 00003635ffffc1b800000ea800002a9bfffff65000000d73ffffa271000048a9
0 0000000000000000 0 0000000000000000 1 000008db00000246000003adfffffcb3ffffe4bf00001a50ffffbffd0000526c
0 0000000000000000 0 0000000000000000 1 ffffcb7dfffff0c70000211300001881000033ddffffc057000051fbffff943c
0 0000000000000000 0 0000000000000000 1 00005a4cffffd1bdffffe72affffd97affffcc0300004fc100006703ffffd1b0
0 0000000000000000 0 0000000000000000 1 fffff499ffffb2460000222200001c780000494affffefc000002698fffff7f2
0 0000000000000000 0 0000000000000000 1 ffff9b11000035300000181c00001d46000024cb000010f4ffffed33ffffdcf4
0 0000000000000000 0 0000000000000000 1 ffffb3e6ffffa8ec00004a0affffa06400004598ffffed40ffff97560000a8b4
0 0000000000000000 0 0000000000000000 1 00005478000027d2ffffc9ef00000c1bffff827d000032ab000073acffffac5a
0 0000000000000000 0 0000000000000000 1 ffffb154ffffeb9000000487ffffac2800000c80000016eb00000b90fffff39c
0 0000000000000000 0 0000000000000000 0 0000000000000000000000000000000000000000000000000000000000000000
0 0000000000000000 0 0000000000000000 0 0000000000000000000000000000000000000000000000000000000000000000
0 0000000000000000 0 0000000000000000 0 0000000000000000000000000000000000000000000000000000000000000000
0 0000000000000000 0 0000000000000000 0 0000000000000000000000000000000000000000000000000000000000000000
1 9d1ee273c063bebd 0 0000000000000000 0 0000000000000000000000000000000000000000000000000000000000000000
1 d415b2f76e7d4b7b 0 0000000000000000 0 0000000000000000000000000000000000000000000000000000000000000000
1 6baea8f2baa6ea7d 0 0000000000000000 0 0000000000000000000000000000000000000000000000000000000000000000
1 ac0b49273cadcfd9 0 0000000000000000 0 0000000000000000000000000000000000000000000000000000000000000000
1 32878467b0e3e448 0 0000000000000000 0 0000000000000000000000000000000000000000000000000000000000000000
1 7a8d731010d7ee13 0 0000000000000000 0 0000000000000000000000000000000000000000000000000000000000000000
1 6f804a8cd7ab3fc2 0 0000000000000000 0 0000000000000000000000000000000000000000000000000000000000000000
1 522679b508deeda7 0 0000000000000000 0 0000000000000000000000000000000000000000000000000000000000000000
0 0000000000000000 1 594c9b9379d3e5fe 0 0000000000000000000000000000000000000000000000000000000000000000
0 0000000000000000 1 63164842f3227085 0 0000000000000000000000000000000000000000000000000000000000000000
0 0000000000000000 1 a4666234648d8421 0 0000000000000000000000000000000000000000000000000000000000000000
0 0000000000000000 1 b08ceb13773f71ef 0 0000000000000000000000000000000000000000000000000000000000000000
0 0000000000000000 1 1b89c7d2f096f80c 0 0000000000000000000000000000000000000000000000000000000000000000
0 0000000000000000 1 0f8c366c56f657dd 0 0000000000000000000000000000000000000000000000000000000000000000
0 0000000000000000 1 6dd60f8930d79996 0 0000000000000000000000000000000000000000000000000000000000000000
0 0000000000000000 1 9fc03d78bcd373b1 0 0000000000000000000000000000000000000000000000000000000000000000
0 0000000000000000 1 5fc5997903a18f90 0 0000000000000000000000000000000000000000000000000000000000000000
0 0000000000000000 1 a5c7eae7174d5e8d 0 0000000000000000000000000000000000000000000000000000000000000000
0 0000000000000000 1 ca6ab3ed4eef2dd8 0 0000000000000000000000000000000000000000000000000000000000000000
0 0000000000000000 1 a73994a2adad1e40 0 0000000000000000000000000000000000000000000000000000000000000000
0 0000000000000000 1 a9342dd408b90ffb 0 0000000000000000000000000000000000000000000000000000000000000000
0 0000000000000000 1 55a4ccd8f93c9dfe 0 0000000000000000000000000000000000000000000000000000000000000000
0 0000000000000000 1 e0e6eaa78c511ede 1 ffffbfe90000148fffff8a7a000054ebffffe81d0000911b00000c4c00001270
0 0000000000000000 1 1ab1faedf2980879 1 fffff533ffffa5cbffffe39300001fffffffdce4ffffe97efffffdd300001844
0 0000000000000000 1 e01b4c940976b169 1 ffffdb7a000027b9ffff608000002537000022ac000006cbffffff690000972a
0 0000000000000000 1 207e8b1120379f1e 1 000084aeffff6515000034a5ffffe9c7ffffb879ffff6ed0fffffc6fffffe0be
0 0000000000000000 1 46894f2d1ee4ead8 1 ffffcc04000046a500000310ffffff78ffffcaf400000724ffffea39ffff9c55
0 0000000000000000 1 22fa3903f4aa14a5 1 000027d0ffff96bc0000084700001d20ffffaa6dffff76c8ffffd024ffffdccc
0 0000000000000000 1 28ff127975271424 1 ffffb19b00001ee8ffff5f6400007df8ffffae550000685cffffd93c00003100
0 0000000000000000 1 62e3222b69b6fa41 1 00001877ffffd021000034beffffaa7c000005bfffff721b000016d0ffffef4a
0 0000000000000000 1 50c66a2c723c8398 1 ffff111700007d9effffcb060000941a00000f250000482effffbac5ffffc229
0 0000000000000000 1 562be56451778ffc 1 0000591bffff891a000018bbffffdbafffffe964ffffb1f10000252d000012e5
0 0000000000000000 1 82067b8dce07407a 1 fffff68cffffe08cffffc7c4fffffafb000029c10000305d00003df00000360b
0 0000000000000000 1 1b63c023ab9d8c93 1 fffff41100005fd100002d39ffff86ad000048300000421800005477ffffd13f
0 0000000000000000 1 27efe7c88bcb8738 1 00001e95fffffda3ffffbc8affffc76000000bfbfffffc570000326600004784
0 0000000000000000 1 66b0a6c7a728876f 1 ffffd5fe00002ae9000019520000548cffffddcb00002b85ffffbf97ffffc569
0 0000000000000000 1 3b5dbd5c07ea0660 1 000036eafffffbbc00004f08ffffb8f10000116e0000063e00002475ffffe8a4
0 0000000000000000 1 91b378ac7e6c077a 1 fffffd2e000040f80000253cffffd8afffffd51effffeb44ffffe823ffff9b8b
0 0000000000000000 1 d2d7bb16eb6de9a9 1 0000844fffffdf4e00000e0bffffec19fffffa0100000179fffff9c9000044d4
0 0000000000000000 1 22cbbc3ace98e2f2 1 ffffa7800000416afffffe460000466900005c0700007d4f0000020000001297
0 0000000000000000 0 0000000000000000 1 ffffedcdffffea88ffffd95b0000462cffffa776ffffc44effffb7eeffffedd1
0 0000000000000000 0 0000000000000000 1 ffffcaeb00000629ffffa50e00001438ffffde5e000009c90000030a000020a1
0 0000000000000000 0 0000000000000000 1 00000e2affffb690000007940000415bffffe8ceffffc280ffffcf66fffffdd9
0 0000000000000000 0 0000000000000000 1 ffffe2a6fffffc53ffffc6d000004708ffffb960fffff729ffffc681ffffe55d
0 0000000000000000 0 0000000000000000 1 ffffe43fffffc2c8ffff7eda0000af9cffffb14dffffefe1ffffa11f00006332
0 0000000000000000 0 0000000000000000 1 ffffc182fffff6b7fffffa490000923c00001be500002924ffffb8de00001e1b
0 0000000000000000 0 0000000000000000 1 0000c53dffffcbfc00002964ffff5a85ffffef1effffab560000395b000029fb
0 0000000000000000 0 0000000000000000 1 ffff295100009fc2ffffa64d00003d970000610a00009469000010a5000026a7
0 0000000000000000 0 0000000000000000 1 ffffa92100009cb300001197fffffefd00001f0900005835ffffec6cffffcef2
0 0000000000000000 0 0000000000000000 1 ffffc429000084d8000069ac000021df0000048900004f9dffffc1d1ffff7c42
0 0000000000000000 0 0000000000000000 1 ffffb73e000039c800002fda00000b8300003f92000031f1fffffb51ffffcc05
0 0000000000000000 0 0000000000000000 1 0000fc12ffff652b00001270ffffd004ffffa83bffff6e6dffffef1e00003eca
0 0000000000000000 0 0000000000000000 1 fffffec8ffffe5d700003b3e0000162d0000203fffffef6efffffcfffffff94c
0 0000000000000000 0 0000000000000000 1 ffff7fb000006b2f00000e4a000014c500000e6800001a83ffffe8e3ffffa9f3
0 0000000000000000 0 0000000000000000 0 0000000000000000000000000000000000000000000000000000000000000000
0 0000000000000000 0 0000000000000000 0 0000000000000000000000000000000000000000000000000000000000000000
0 0000000000000000 0 0000000000000000 0 0000000000000000000000000000000000000000000000000000000000000000
0 0000000000000000 0 0000000000000000 0 0000000000000000000000000000000000000000000000000000000000000000
1 b2e35f3bc115b033 0 0000000000000000 0 0000000000000000000000000000000000000000000000000000000000000000
1 3fbc94038cb8994a 0 0000000000000000 0 0000000000000000000000000000000000000000000000000000000000000000
1 4555dca73783408a 0 0000000000000000 0 0000000000000000000000000000000000000000000000000000000000000000
1 31e311f146ef4533 0 0000000000000000 0 0000000000000000000000000000000000000000000000000000000000000000
1 45b12a4d491fc8e0 0 0000000000000000 0 0000000000000000000000000000000000000000000000000000000000000000
1 b1ab6af3ea2d2fbb 0 0000000000000000 0 0000000000000000000000000000000000000000000000000000000000000000
1 6e77372b5dec4316 0 0000000000000000 0 0000000000000000000000000000000000000000000000000000000000000000
1 e0e38fd973e4e76d 0 0000000000000000 0 0000000000000000000000000000000000000000000000000000000000000000
0 0000000000000000 1 57402d16ec12330d 0 0000000000000000000000000000000000000000000000000000000000000000
0 0000000000000000 1 05a02ba64680d302 0 0000000000000000000000000000000000000000000000000000000000000000
0 0000000000000000 1 119686d9ba23db03 0 0000000000000000000000000000000000000000000000000000000000000000
0 0000000000000000 1 1248debbf9bfbbd4 0 0000000000000000000000000000000000000000000000000000000000000000
0 0000000000000000 1 f4661cb8a7689aa9 0 0000000000000000000000000000000000000000000000000000000000000000
0 0000000000000000 1 6c7e78d23ab35288 0 0000000000000000000000000000000000000000000000000000000000000000
0 0000000000000000 1 1129ecb6f5a37b02 0 0000000000000000000000000000000000000000000000000000000000000000
0 0000000000000000 1 a8bf6726637450c5 0 0000000000000000000000000000000000000000000000000000000000000000
0 0000000000000000 1 46d3bcc68fb38abb 0 0000000000000000000000000000000000000000000000000000000000000000
0 0000000000000000 1 731aae3cfd6d6d90 0 0000000000000000000000000000000000000000000000000000000000000000
0 0000000000000000 1 42dc09e5bdf12a77 0 0000000000000000000000000000000000000000000000000000000000000000
0 0000000000000000 1 ea50e8876243360e 0 0000000000000000000000000000000000000000000000000000000000000000
0 0000000000000000 1 91d46fa3a3ac23ba 0 0000000000000000000000000000000000000000000000000000000000000000
0 0000000000000000 1 765c74d29bbefa72 0 0000000000000000000000000000000000000000000000000000000000000000
0 0000000000000000 1 b278dcf6b591eafa 1 00000eed00000806000009cf00000386ffffee64ffffd90afffff00000001b0a
0 0000000000000000 1 006b72784932eb83 1 000007ff00003129ffffea4400000a0b00002a69000001aaffffe4c5ffffd63b
0 0000000000000000 1 722ed014e94126ea 1 ffff8a72ffffee9500003b54000011dfffffe3e900005d9b00000816000012a0
0 0000000000000000 1 5b44b97ceb5cf3fb 1 ffffefe3ffffe404ffffd10a0000112affff978800000057ffffaa250000140e
0 0000000000000000 1 42e82ae56ad33112 1 ffffbd7dffffcb18fffff4bfffffd4fcffff589cfffff26dffffe2abffffc121
0 0000000000000000 1 b892e64934db2482 1 00006f4500003abb00000f36000028c1ffffb892ffffae17ffffc383ffffdaeb
0 0000000000000000 1 4f6482da6a7befbd 1 00003fb100005026ffffe4240000257500000325ffffe909ffffe29300002f94
0 0000000000000000 1 fdf9f5a84b550d96 1 00004e7d00001fef00005a4ffffff33c00006873fffff6d4000073fcffff75e3
0 0000000000000000 1 ddd5b68d6c22442f 1 ffff91650000016b0000055b00000342ffff813a00002d00ffffce0900001016
0 0000000000000000 1 408bc7e81b4ca6d0 1 fffff322ffffe6220000a4b8000050bcffffc1c500003cb50000096800000cda
0 0000000000000000 1 a36594dfa486b44b 1 ffffd608000027d5ffffe7eaffffeec700002d85fffff1e40000001b00003be9
0 0000000000000000 1 71ca7307bc03d0ef 1 000017f4ffffd602000002ab00002c50ffffeb0400000d58ffffc3b4fffff1fe
0 0000000000000000 1 b631d38925d5f0ed 1 00003bc100009871ffffc7f7ffffbd99000007a4ffffbe2400004bfeffff9ef2
0 0000000000000000 1 c7be96120e1bb68c 1 fffff17700002b4dffff921affffc93dffffdf85ffff9663ffffc3fc000041e8
0 0000000000000000 1 966470442e63db2f 1 00002f0400001098ffff787cffffe8d4ffffbbd1ffffcfe0ffffd34100004499
0 0000000000000000 1 318c268221c7d2d3 1 00005ae0ffffd91b00001e24fffff586ffffd98fffffc337000011b7ffffb4a9
0 0000000000000000 1 3574287a542f1eb5 1 ffffd84cffffda56000047fe000029d8ffffc20900001a9affffe0510000295f
0 0000000000000000 1 f51e5e4c263067b8 1 ffffd298ffffa0770000395d00001ac7ffffc89500001df7ffffea72000045cc
0 0000000000000000 0 0000000000000000 1 00002966000012df00001c420000299100003841fffff894ffffe3dffffff83a
0 0000000000000000 0 0000000000000000 1 00003a7c00002fb8000054c100001da40000386c00002ba40000537effffbd4e
0 0000000000000000 0 0000000000000000 1 ffffcefdffff6d180000609100006266ffff892b00005584ffff96d3000012c3
0 0000000000000000 0 0000000000000000 1 fffff834ffffe73300005ea000002cc8ffffccac00002f8afffff63dffffa49e
0 0000000000000000 0 0000000000000000 1 00000016fffff1830000219500003aea0000367200003d98ffffe691fffffafd
0 0000000000000000 0 0000000000000000 1 ffff8ae7ffffc1a80000754800001f0fffffdd5e0000607efffffb89ffffcc64
0 0000000000000000 0 0000000000000000 1 fffff496ffffe8a9ffff4cd5ffffe590ffffbf3afffff00affffb30b00007ba9
0 0000000000000000 0 0000000000000000 1 ffffcadd0000268900002449ffffd6f1ffffea8fffffddbe00001593ffffcf9e
0 0000000000000000 0 0000000000000000 1 00001271fffff77bffffc782000013a8ffffd1b300000a46ffffc5c4fffff9f5
0 0000000000000000 0 0000000000000000 1 ffffd225ffffd0360000479300001df8ffffccc30000595c00001093ffffd53c
0 0000000000000000 0 0000000000000000 1 00003c2fffffc957ffffb716ffffb941000023b6ffffb4b30000210fffffd21c
0 0000000000000000 0 0000000000000000 1 ffffd2fe00002c9c00002d340000100efffff79900001cf3ffffed92ffffb1bd
0 0000000000000000 0 0000000000000000 1 00004cefffffc78f00002e0000001fddffffe578ffffe062fffff114fffffd6f
0 0000000000000000 0 0000000000000000 1 0000634e00002c400000371cfffffdf2000029e0ffffd095000045d7ffffc2cd
0 0000000000000000 0 0000000000000000 0 0000000000000000000000000000000000000000000000000000000000000000
0 0000000000000000 0 0000000000000000 0 0000000000000000000000000000000000000000000000000000000000000000
0 0000000000000000 0 0000000000000000 0 0000000000000000000000000000000000000000000000000000000000000000
0 0000000000000000 0 0000000000000000 0 0000000000000000000000000000000000000000000000000000000000000000
0 0000000000000000 0 0000000000000000 0 0000000000000000000000000000000000000000000000000000000000000000
0 0000000000000000 0 0000000000000000 0 0000000000000000000000000000000000000000000000000000000000000000
0 0000000000000000 0 0000000000000000 0 0000000000000000000000000000000000000000000000000000000000000000
0 0000000000000000 0 0000000000000000 0 0000000000000000000000000000000000000000000000000000000000000000
0 0000000000000000 0 0000000000000000 0 0000000000000000000000000000000000000000000000000000000000000000
0 0000000000000000 0 0000000000000000 0 0000000000000000000000000000000000000000000000000000000000000000
0 0000000000000000 0 0000000000000000 0 0000000000000000000000000000000000000000000000000000000000000000
0 0000000000000000 0 0000000000000000 0 0000000000000000000000000000000000000000000000000000000000000000
0 0000000000000000 0 0000000000000000 0 0000000000000000000000000000000000000000000000000000000000000000
0 0000000000000000 0 0000000000000000 0 0000000000000000000000000000000000000000000000000000000000000000
0 0000000000000000 0 0000000000000000 0 0000000000000000000000000000000000000000000000000000000000000000
0 0000000000000000 0 0000000000000000 0 0000000000000000000000000000000000000000000000000000000000000000
0 0000000000000000 0 0000000000000000 0 0000000000000000000000000000000000000000000000000000000000000000
0 0000000000000000 0 0000000000000000 0 0000000000000000000000000000000000000000000000000000000000000000
0 0000000000000000 0 0000000000000000 0 0000000000000000000000000000000000000000000000000000000000000000
0 0000000000000000 0 0000000000000000 0 0000000000000000000000000000000000000000000000000000000000000000
0 0000000000000000 0 0000000000000000 0 0000000000000000000000000000000000000000000000000000000000000000
0 0000000000000000 0 0000000000000000 0 0000000000000000000000000000000000000000000000000000000000000000
0 0000000000000000 0 0000000000000000 0 0000000000000000000000000000000000000000000000000000000000000000
0 0000000000000000 0 0000000000000000 0 0000000000000000000000000000000000000000000000000000000000000000
0 0000000000000000 0 0000000000000000 0 0000000000000000000000000000000000000000000000000000000000000000
0 0000000000000000 0 0000000000000000 0 0000000000000000000000000000000000000000000000000000000000000000
0 0000000000000000 0 0000000000000000 0 0000000000000000000000000000000000000000000000000000000000000000
0 0000000000000000 0 0000000000000000 0 0000000000000000000000000000000000000000000000000000000000000000
